Row,Tipo,Parola,Significato,Parti del discorso,Disambiguation,Root,Group,Special Note,Participio Passato Irregolare,Aus.,Prep. Before Next Infinitive,Dizionario
1,Alta Disponibilità,a,1,s.f. e m.inv.,Letter,,Letters of the Alphabet,,,,,http://dizionario.internazionale.it/parola/a
2,Fondamentale,a,2,prep.,Preposition,,Prepositions,,,,,http://dizionario.internazionale.it/parola/a_2
3,Alta Disponibilità,abbagliante,,"p.pres., agg., s.m.",,abbagliare,,,,,,http://dizionario.internazionale.it/parola/abbagliante
4,Alta Disponibilità,abbaiare,,v.intr. e tr.,,,,,,,,http://dizionario.internazionale.it/parola/abbaiare
5,Fondamentale,abbandonare,,v.tr.,,,,,,,,http://dizionario.internazionale.it/parola/abbandonare
6,Alto Uso,abbandonato,,"p.pass., agg., s.m.",,abbandonare,,,,,,http://dizionario.internazionale.it/parola/abbandonato
7,Alto Uso,abbandono,,s.m.,,,,,,,,http://dizionario.internazionale.it/parola/abbandono
8,Fondamentale,abbassare,,v.tr.,,,,,,,,http://dizionario.internazionale.it/parola/abbassare
9,Alta Disponibilità,abbasso,,"avv., inter.",,,,,,,,http://dizionario.internazionale.it/parola/abbasso
10,Fondamentale,abbastanza,,avv.,,,,,,,,http://dizionario.internazionale.it/parola/abbastanza
11,Alto Uso,abbattere,,v.tr.,,,,,,,,http://dizionario.internazionale.it/parola/abbattere
12,Alta Disponibilità,abbeverare,,v.tr.,,,,,,,,http://dizionario.internazionale.it/parola/abbeverare
13,Alto Uso,abbigliamento,,s.m.,,,,,,,,http://dizionario.internazionale.it/parola/abbigliamento
14,Alto Uso,abbinare,,v.tr.,,,,,,,,http://dizionario.internazionale.it/parola/abbinare
15,Alto Uso,abbonamento,,s.m.,,,,,,,,http://dizionario.internazionale.it/parola/abbonamento
16,Alta Disponibilità,abbonare,1,v.tr.,,,,,,,,http://dizionario.internazionale.it/parola/abbonare
17,Alto Uso,abbondante,,"p.pres., agg.",,abbondare,,,,,,http://dizionario.internazionale.it/parola/abbondante
18,Alta Disponibilità,abbondare,,v.intr.,,,,,,,,http://dizionario.internazionale.it/parola/abbondare
19,Alta Disponibilità,abbottonare,,v.tr.,,,,,,,,http://dizionario.internazionale.it/parola/abbottonare
20,Fondamentale,abbracciare,1,v.tr.,,,,,,,,http://dizionario.internazionale.it/parola/abbracciare
21,Alto Uso,abbraccio,,s.m.,,abbracciare,,,,,,http://dizionario.internazionale.it/parola/abbraccio
22,Alta Disponibilità,abbreviare,,v.tr.,,,,,,,,http://dizionario.internazionale.it/parola/abbreviare
23,Alta Disponibilità,abbronzare,,v.tr.,,,,,,,,http://dizionario.internazionale.it/parola/abbronzare
24,Alta Disponibilità,abete,,s.m.,,,,,,,,http://dizionario.internazionale.it/parola/abete
25,Alto Uso,abile,,agg.,,,,,,,,http://dizionario.internazionale.it/parola/abile
26,Alto Uso,abilità,,s.f.inv.,,,,,,,,http://dizionario.internazionale.it/parola/abilita
27,Alto Uso,abisso,,s.m.,,,,,,,,http://dizionario.internazionale.it/parola/abisso
28,Alto Uso,abitante,,"p.pres., agg., s.m.",,abitare,,,,,,http://dizionario.internazionale.it/parola/abitante
29,Fondamentale,abitare,,"v.intr. e tr., s.m.",,,,,,,,http://dizionario.internazionale.it/parola/abitare
30,Alto Uso,abitazione,,s.f.,,,,,,,,http://dizionario.internazionale.it/parola/abitazione
31,Fondamentale,abito,,s.m.,,,,,,,,http://dizionario.internazionale.it/parola/abito
32,Alto Uso,abituale,,agg.,,,,,,,,http://dizionario.internazionale.it/parola/abituale
33,Fondamentale,abituare,,v.tr.,,,,,,,a,http://dizionario.internazionale.it/parola/abituare
34,Fondamentale,abitudine,,s.f.,,,,,,,,http://dizionario.internazionale.it/parola/abitudine
35,Alto Uso,abolire,,v.tr.,,,,"finire ""isc"" conjugation",,,,http://dizionario.internazionale.it/parola/abolire
36,Alta Disponibilità,abortire,,v.intr.,,,,"finire ""isc"" conjugation",,,,http://dizionario.internazionale.it/parola/abortire
37,Alta Disponibilità,aborto,,s.m.,,,,,,,,http://dizionario.internazionale.it/parola/aborto
38,Alta Disponibilità,abruzzese,,"agg., s.m. e f.",,,Demonym,,,,,http://dizionario.internazionale.it/parola/abruzzese
39,Alta Disponibilità,abusare,,v.intr.,,,,,,,,http://dizionario.internazionale.it/parola/abusare
40,Alto Uso,abuso,,s.m.,,,,,,,,http://dizionario.internazionale.it/parola/abuso
41,Alta Disponibilità,acca,,s.f. e m.inv.,,,Letters of the Alphabet,,,,,http://dizionario.internazionale.it/parola/acca
42,Alto Uso,accademia,,s.f.,,,,,,,,http://dizionario.internazionale.it/parola/accademia
43,Alto Uso,accademico,,"agg., s.m.",,,,,,,,http://dizionario.internazionale.it/parola/accademico
44,Fondamentale,accadere,,v.intr.,,cadere,,,,Essere,,http://dizionario.internazionale.it/parola/accadere
45,Alta Disponibilità,accampamento,,s.m.,,,,,,,,http://dizionario.internazionale.it/parola/accampamento
46,Fondamentale,accanto,,avv.,,,,,,,,http://dizionario.internazionale.it/parola/accanto
47,Alta Disponibilità,accappatoio,,s.m.,,,,,,,,http://dizionario.internazionale.it/parola/accappatoio
48,Alto Uso,accarezzare,,v.tr.,,,,,,,,http://dizionario.internazionale.it/parola/accarezzare
49,Alta Disponibilità,accattone,,s.m.,,,,,,,,http://dizionario.internazionale.it/parola/accattone
50,Alta Disponibilità,accavallare,,v.tr.,,,,,,,,http://dizionario.internazionale.it/parola/accavallare
51,Alta Disponibilità,accecare,,"v.tr., v.intr.",,,,,,,,http://dizionario.internazionale.it/parola/accecare
52,Alto Uso,accedere,,v.intr.,,,,,,,,http://dizionario.internazionale.it/parola/accedere
53,Alto Uso,accelerare,,v.tr. e intr.,,,,,,,,http://dizionario.internazionale.it/parola/accelerare
54,Alta Disponibilità,acceleratore,,"agg., s.m.",,,,,,,,http://dizionario.internazionale.it/parola/acceleratore
55,Alto Uso,accelerazione,,s.f.,,,,,,,,http://dizionario.internazionale.it/parola/accelerazione
56,Fondamentale,accendere,,v.tr.,,,,,Irr PP: acceso,,,http://dizionario.internazionale.it/parola/accendere
57,Alta Disponibilità,accendino,,s.m.,,,,,,,,http://dizionario.internazionale.it/parola/accendino
58,Alto Uso,accennare,,v.tr. e intr.,,,,,,,,http://dizionario.internazionale.it/parola/accennare
59,Alta Disponibilità,accenno,,s.m.,,,,,,,,http://dizionario.internazionale.it/parola/accenno
60,Alta Disponibilità,accentare,,v.tr.,,,,,,,,http://dizionario.internazionale.it/parola/accentare
61,Alto Uso,accento,,s.m.,,,,,,,,http://dizionario.internazionale.it/parola/accento
62,Alto Uso,accertamento,,s.m.,,,,,,,,http://dizionario.internazionale.it/parola/accertamento
63,Alto Uso,accertare,,v.tr.,,,,,,,,http://dizionario.internazionale.it/parola/accertare
64,Alto Uso,acceso,,"p.pass., agg.",,accendere,,,,,,http://dizionario.internazionale.it/parola/acceso
65,Fondamentale,accesso,,s.m.,,,,,,,,http://dizionario.internazionale.it/parola/accesso
66,Alto Uso,accessorio,,"agg., s.m.",,,,,,,,http://dizionario.internazionale.it/parola/accessorio
67,Alta Disponibilità,accetta,,s.f.,,,,,,,,http://dizionario.internazionale.it/parola/accetta
68,Alto Uso,accettabile,,agg.,,accettare,,,,,,http://dizionario.internazionale.it/parola/accettabile
69,Fondamentale,accettare,,v.tr.,,,,,,,di,http://dizionario.internazionale.it/parola/accettare
70,Alta Disponibilità,acchiappare,,v.tr.,,,,,,,,http://dizionario.internazionale.it/parola/acchiappare
71,Alta Disponibilità,acciacco,,s.m.,,,,,,,,http://dizionario.internazionale.it/parola/acciacco
72,Alto Uso,acciaio,,s.m.,,,,,,,,http://dizionario.internazionale.it/parola/acciaio
73,Alto Uso,accidente,,s.m.,,,,,,,,http://dizionario.internazionale.it/parola/accidente
74,Alta Disponibilità,acciuga,,s.f.,,,,,,,,http://dizionario.internazionale.it/parola/acciuga
75,Alta Disponibilità,accogliente,,"p.pres., agg.",,accogliere,,,,,,http://dizionario.internazionale.it/parola/accogliente
76,Alto Uso,accoglienza,,s.f.,,accogliere,,,,,,http://dizionario.internazionale.it/parola/accoglienza
77,Fondamentale,accogliere,,v.tr.,,,,,Irr PP: accolto,,,http://dizionario.internazionale.it/parola/accogliere
78,Alta Disponibilità,accoltellare,,v.tr.,,,,,,,,http://dizionario.internazionale.it/parola/accoltellare
79,Alto Uso,accomodare,,v.tr. e intr.,,,,,,,,http://dizionario.internazionale.it/parola/accomodare
80,Fondamentale,accompagnare,,v.tr.,,,,,,,a,http://dizionario.internazionale.it/parola/accompagnare
81,Alta Disponibilità,acconsentire,,v.intr. e tr.,,,,,,,,http://dizionario.internazionale.it/parola/acconsentire
82,Alto Uso,accontentare,,v.tr.,,,,,,,,http://dizionario.internazionale.it/parola/accontentare
83,Alta Disponibilità,accorciare,,"v.tr., v.intr.",,,,,,,,http://dizionario.internazionale.it/parola/accorciare
84,Alto Uso,accordare,,v.tr.,,,,,,,,http://dizionario.internazionale.it/parola/accordare
85,Fondamentale,accordo,,s.m.,,,,,,,,http://dizionario.internazionale.it/parola/accordo
86,Fondamentale,accorgersi,,v.pronom.intr.,,,,,Irr PP: accorto,,di,http://dizionario.internazionale.it/parola/accorgersi
87,Alta Disponibilità,accorrere,,v.intr.,,,,,Irr PP: accorso,Essere,,http://dizionario.internazionale.it/parola/accorrere
88,Alto Uso,accostare,,v.tr. e intr.,,,,,,,,http://dizionario.internazionale.it/parola/accostare
89,Alta Disponibilità,accudire,,v.intr. e tr.,,,,"finire ""isc"" conjugation",,,,http://dizionario.internazionale.it/parola/accudire
90,Alto Uso,accumulare,,v.tr.,,,,,,,,http://dizionario.internazionale.it/parola/accumulare
91,Alta Disponibilità,accumulatore,,"agg., s.m.",,,,,,,,http://dizionario.internazionale.it/parola/accumulatore
92,Alto Uso,accurato,,"p.pass., agg.",,,,,,,,http://dizionario.internazionale.it/parola/accurato
93,Fondamentale,accusa,,s.f.,,,,,,,,http://dizionario.internazionale.it/parola/accusa
94,Fondamentale,accusare,,v.tr.,,,,,,,,http://dizionario.internazionale.it/parola/accusare
95,Alta Disponibilità,acerbo,,agg.,,,,,,,,http://dizionario.internazionale.it/parola/acerbo
96,Alta Disponibilità,aceto,,s.m.,,,,,,,,http://dizionario.internazionale.it/parola/aceto
97,Alto Uso,acido,,"agg., s.m.",,,,,,,,http://dizionario.internazionale.it/parola/acido
98,Fondamentale,acqua,,s.f.,,,,,,,,http://dizionario.internazionale.it/parola/acqua
99,Alta Disponibilità,acquarello,,s.m.,,,,,,,,http://dizionario.internazionale.it/parola/acquarello
100,Alta Disponibilità,acquario,1,s.m.,,,,,,,,http://dizionario.internazionale.it/parola/acquario
101,Alta Disponibilità,acquasanta,,s.f.,,,,,,,,http://dizionario.internazionale.it/parola/acquasanta
102,Alto Uso,acquisire,,v.tr.,,,,"finire ""isc"" conjugation",,,,http://dizionario.internazionale.it/parola/acquisire
103,Alto Uso,acquisizione,,s.f.,,,,,,,,http://dizionario.internazionale.it/parola/acquisizione
104,Fondamentale,acquistare,,v.tr. e intr.,,,,,,,,http://dizionario.internazionale.it/parola/acquistare
105,Fondamentale,acquisto,,s.m.,,,,,,,,http://dizionario.internazionale.it/parola/acquisto
106,Alta Disponibilità,acquolina,,s.f.,,,,,,,,http://dizionario.internazionale.it/parola/acquolina
107,Alta Disponibilità,acrobata,1,s.m. e f.,,,,,,,,http://dizionario.internazionale.it/parola/acrobata
108,Alto Uso,acuto,,"agg., s.m.",,,,,,,,http://dizionario.internazionale.it/parola/acuto
109,Alto Uso,adattare,,v.tr.,,,,,,,a,http://dizionario.internazionale.it/parola/adattare
110,Alta Disponibilità,adattatore,,s.m.,,,,,,,,http://dizionario.internazionale.it/parola/adattatore
111,Fondamentale,adatto,,agg.,,,,,,,,http://dizionario.internazionale.it/parola/adatto
112,Alto Uso,addetto,1,"p.pass., agg., s.m.",,addire,,,,,,http://dizionario.internazionale.it/parola/addetto
113,Alto Uso,addio,,"inter., s.m.",,,,,,,,http://dizionario.internazionale.it/parola/addio
114,Fondamentale,addirittura,,avv.,,,,,,,,http://dizionario.internazionale.it/parola/addirittura
115,Alta Disponibilità,addizione,,s.f.,,,,,,,,http://dizionario.internazionale.it/parola/addizione
116,Alta Disponibilità,addobbare,,v.tr.,,,,,,,,http://dizionario.internazionale.it/parola/addobbare
117,Alta Disponibilità,addolcire,,v.tr.,,,,"finire ""isc"" conjugation",,,,http://dizionario.internazionale.it/parola/addolcire
118,Alta Disponibilità,addomesticare,,v.tr.,,,,,,,,http://dizionario.internazionale.it/parola/addomesticare
119,Alto Uso,addormentarsi,,v.pronom.intr.,,,,,,,,http://dizionario.internazionale.it/parola/addormentarsi
120,Alta Disponibilità,addormentato,,"p.pass., agg.",,addormentare,,,,,,http://dizionario.internazionale.it/parola/addormentato
121,Fondamentale,addossare,,v.tr.,,,,,,,,http://dizionario.internazionale.it/parola/addossare
122,Alta Disponibilità,addosso,,"avv., inter.",,,,,,,,http://dizionario.internazionale.it/parola/addosso
123,Alta Disponibilità,addrizzare,,v.tr.,,,,,,,,http://dizionario.internazionale.it/parola/addrizzare
124,Alto Uso,adeguare,,v.tr.,,,,,,,,http://dizionario.internazionale.it/parola/adeguare
125,Alto Uso,adeguato,,"p.pass., agg., s.m.",,adeguare,,,,,,http://dizionario.internazionale.it/parola/adeguato
126,Alta Disponibilità,aderente,,"p.pres., agg., s.m. e f.",,aderire,,,,,,http://dizionario.internazionale.it/parola/aderente
127,Alto Uso,aderire,,v.intr.,,,,"finire ""isc"" conjugation",,,,http://dizionario.internazionale.it/parola/aderire
128,Alto Uso,adesione,,s.f.,,,,,,,,http://dizionario.internazionale.it/parola/adesione
129,Fondamentale,adesso,,avv.,,,,adesso / ora,,,,http://dizionario.internazionale.it/parola/adesso
130,Fondamentale,adolescente,,"agg., s.m. e f.",,,,,,,,http://dizionario.internazionale.it/parola/adolescente
131,Alto Uso,adolescenza,,s.f.,,,,,,,,http://dizionario.internazionale.it/parola/adolescenza
132,Alto Uso,adoperare,,"v.tr., v.intr.",,,,,,,,http://dizionario.internazionale.it/parola/adoperare
133,Fondamentale,adorare,,v.tr.,,,,,,,,http://dizionario.internazionale.it/parola/adorare
134,Fondamentale,adottare,,v.tr.,,,,,,,,http://dizionario.internazionale.it/parola/adottare
135,Alto Uso,adozione,,s.f.,,,,,,,,http://dizionario.internazionale.it/parola/adozione
136,Alta Disponibilità,adriatico,,agg.,,,,,,,,http://dizionario.internazionale.it/parola/adriatico
137,Fondamentale,adulto,,"agg., s.m.",,,,,,,,http://dizionario.internazionale.it/parola/adulto
138,Fondamentale,aereo,1,"agg., s.m.",,,,,,,,http://dizionario.internazionale.it/parola/aereo
139,Alto Uso,aereo,2,s.m.,,,,,,,,http://dizionario.internazionale.it/parola/aereo_2
140,Alta Disponibilità,aeroplano,,s.m.,,,,,,,,http://dizionario.internazionale.it/parola/aeroplano
141,Alto Uso,aeroporto,,s.m.,,,,,,,,http://dizionario.internazionale.it/parola/aeroporto
142,Alta Disponibilità,afa,,s.f.,,,,,,,,http://dizionario.internazionale.it/parola/afa
143,Alto Uso,affacciare,,v.tr. e intr.,,,,,,,,http://dizionario.internazionale.it/parola/affacciare
144,Alta Disponibilità,affamare,,"v.tr., v.intr.",,,,,,,,http://dizionario.internazionale.it/parola/affamare
145,Alta Disponibilità,affamato,,"p.pass., agg., s.m.",,affamare,,,,,,http://dizionario.internazionale.it/parola/affamato
146,Alta Disponibilità,affannarsi,,v.pronom.intr.,,,,,,,,http://dizionario.internazionale.it/parola/affannarsi
147,Alta Disponibilità,affannato,,"p.pass., agg.",,affannare,,,,,,http://dizionario.internazionale.it/parola/affannato
148,Alta Disponibilità,affanno,,s.m.,,,,,,,,http://dizionario.internazionale.it/parola/affanno
149,Fondamentale,affare,,s.m.,,,,,,,,http://dizionario.internazionale.it/parola/affare
150,Alto Uso,affascinante,,"p.pres., agg.",,affascinare,,,,,,http://dizionario.internazionale.it/parola/affascinante
151,Alto Uso,affascinare,1,v.tr.,,,,,,,,http://dizionario.internazionale.it/parola/affascinare
152,Alta Disponibilità,affaticare,,v.tr.,,,,,,,,http://dizionario.internazionale.it/parola/affaticare
153,Fondamentale,affatto,,avv.,,,,,,,,http://dizionario.internazionale.it/parola/affatto
154,Fondamentale,affermare,,v.tr.,,,,,,,di,http://dizionario.internazionale.it/parola/affermare
155,Alto Uso,affermazione,,s.f.,,,,,,,,http://dizionario.internazionale.it/parola/affermazione
156,Alto Uso,afferrare,,"v.tr., v.intr.",,,,,,,,http://dizionario.internazionale.it/parola/afferrare
157,Alta Disponibilità,affettare,1,v.tr.,,,,,,,,http://dizionario.internazionale.it/parola/affettare
158,Alta Disponibilità,affettato,1,"p.pass., agg., s.m.",,affettare,,,,,,http://dizionario.internazionale.it/parola/affettato
159,Alto Uso,affetto,1,s.m.,,,,,,,,http://dizionario.internazionale.it/parola/affetto
160,Alto Uso,affetto,2,agg.,,,,,,,,http://dizionario.internazionale.it/parola/affetto_2
161,Alto Uso,affettuoso,,agg.,,,,,,,,http://dizionario.internazionale.it/parola/affettuoso
162,Alta Disponibilità,affezionato,,"p.pass., agg.",,affezionare,,,,,,http://dizionario.internazionale.it/parola/affezionato
163,Alto Uso,affiancare,,v.tr.,,,,,,,,http://dizionario.internazionale.it/parola/affiancare
164,Alto Uso,affidamento,,s.m.,,,,,,,,http://dizionario.internazionale.it/parola/affidamento
165,Fondamentale,affidare,,v.tr.,,,,,,,,http://dizionario.internazionale.it/parola/affidare
166,Alta Disponibilità,affilato,1,"p.pass., agg.",,affilare,,,,,,http://dizionario.internazionale.it/parola/affilato
167,Alto Uso,affinché,,cong.,,,,,,,,http://dizionario.internazionale.it/parola/affinche
168,Alto Uso,affittare,,v.tr.,,,,,,,,http://dizionario.internazionale.it/parola/affittare
169,Alto Uso,affitto,,s.m.,,,,,,,,http://dizionario.internazionale.it/parola/affitto
170,Alta Disponibilità,affogare,,v.tr. e intr.,,,,,,,,http://dizionario.internazionale.it/parola/affogare
171,Alta Disponibilità,affollare,1,v.tr.,,,,,,,,http://dizionario.internazionale.it/parola/affollare
172,Alto Uso,affondare,,v.tr. e intr.,,,,,,,,http://dizionario.internazionale.it/parola/affondare
173,Alto Uso,affresco,,s.m.,,,,,,,,http://dizionario.internazionale.it/parola/affresco
174,Fondamentale,affrontare,,v.tr.,,,,,,,,http://dizionario.internazionale.it/parola/affrontare
175,Alta Disponibilità,affumicare,,v.tr.,,,,,,,,http://dizionario.internazionale.it/parola/affumicare
176,Alto Uso,africano,,"agg., s.m.",,,Demonym,,,,,http://dizionario.internazionale.it/parola/africano
177,Alto Uso,agenda,,s.f.,,,,,,,,http://dizionario.internazionale.it/parola/agenda
178,Fondamentale,agente,,"p.pres., agg., s.m. e f.",,agire,,,,,,http://dizionario.internazionale.it/parola/agente
179,Fondamentale,agenzia,,s.f.,,,,,,,,http://dizionario.internazionale.it/parola/agenzia
180,Alto Uso,agganciare,,v.tr.,,,,,,,,http://dizionario.internazionale.it/parola/agganciare
181,Alto Uso,aggettivo,,s.m.,,,,,,,,http://dizionario.internazionale.it/parola/aggettivo
182,Alto Uso,aggiornamento,,s.m.,,,,,,,,http://dizionario.internazionale.it/parola/aggiornamento
183,Alto Uso,aggiornare,1,v.tr.,,,,,,,,http://dizionario.internazionale.it/parola/aggiornare
184,Alto Uso,aggirare,,v.tr.,,,,,,,,http://dizionario.internazionale.it/parola/aggirare
185,Fondamentale,aggiungere,,"v.tr., v.intr.",,,,,Irr PP: aggiunto,,,http://dizionario.internazionale.it/parola/aggiungere
186,Alto Uso,aggiustare,,v.tr.,,,,,,,,http://dizionario.internazionale.it/parola/aggiustare
187,Alto Uso,aggrapparsi,,v.pronom.intr.,,,,,,,,http://dizionario.internazionale.it/parola/aggrapparsi
188,Alta Disponibilità,aggravare,,"v.tr., v.intr.",,,,,,,,http://dizionario.internazionale.it/parola/aggravare
189,Alto Uso,aggredire,,v.tr.,,,,"finire ""isc"" conjugation",,,,http://dizionario.internazionale.it/parola/aggredire
190,Alto Uso,aggressione,,s.f.,,,,,,,,http://dizionario.internazionale.it/parola/aggressione
191,Alto Uso,aggressivo,,agg.,,,,,,,,http://dizionario.internazionale.it/parola/aggressivo
192,Alta Disponibilità,agiato,,"p.pass., agg.",,,,,,,,http://dizionario.internazionale.it/parola/agiato
193,Alta Disponibilità,agile,,agg.,,,,,,,,http://dizionario.internazionale.it/parola/agile
194,Alto Uso,agio,,s.m.,,,,,,,,http://dizionario.internazionale.it/parola/agio
195,Fondamentale,agire,,v.intr.,,,,"finire ""isc"" conjugation",,,,http://dizionario.internazionale.it/parola/agire
196,Alto Uso,agitare,,v.tr.,,,,,,,,http://dizionario.internazionale.it/parola/agitare
197,Alto Uso,agitazione,,s.f.,,,,,,,,http://dizionario.internazionale.it/parola/agitazione
198,Alta Disponibilità,aglio,,s.m.,,,,,,,,http://dizionario.internazionale.it/parola/aglio
199,Alto Uso,agnello,,s.m.,,,,,,,,http://dizionario.internazionale.it/parola/agnello
200,Alto Uso,ago,,s.m.,,,,,,,,http://dizionario.internazionale.it/parola/ago
201,Alta Disponibilità,agonia,,s.f.,,,,,,,,http://dizionario.internazionale.it/parola/agonia
202,Fondamentale,agosto,1,s.m.,,,Months of the Year,,,,,http://dizionario.internazionale.it/parola/agosto
203,Alto Uso,agricolo,,agg.,,,,,,,,http://dizionario.internazionale.it/parola/agricolo
204,Alta Disponibilità,agricoltore,,s.m.,,,,,,,,http://dizionario.internazionale.it/parola/agricoltore
205,Alto Uso,agricoltura,,s.f.,,,,,,,,http://dizionario.internazionale.it/parola/agricoltura
206,Alta Disponibilità,agrume,,s.m.,,,,,,,,http://dizionario.internazionale.it/parola/agrume
207,Alta Disponibilità,aguzzare,,v.tr.,,,,,,,,http://dizionario.internazionale.it/parola/aguzzare
208,Alta Disponibilità,aguzzo,,agg.,,,,,,,,http://dizionario.internazionale.it/parola/aguzzo
209,Alta Disponibilità,aiuola,,s.f.,,,,,,,,http://dizionario.internazionale.it/parola/aiuola
210,Fondamentale,aiutare,,v.tr.,,,,,,,a,http://dizionario.internazionale.it/parola/aiutare
211,Fondamentale,aiuto,,"s.m., inter.",,,,,,,,http://dizionario.internazionale.it/parola/aiuto
212,Fondamentale,ala,1,s.f.,,,,,,,,http://dizionario.internazionale.it/parola/ala
213,Fondamentale,alba,1,s.f.,,,,,,,,http://dizionario.internazionale.it/parola/alba
214,Alto Uso,albanese,1,"agg., s.m. e f.",,,Demonym,,,,,http://dizionario.internazionale.it/parola/albanese
215,Fondamentale,albergo,,s.m.,,,,,,,,http://dizionario.internazionale.it/parola/albergo
216,Fondamentale,albero,1,s.m.,,,,,,,,http://dizionario.internazionale.it/parola/albero
217,Alta Disponibilità,albicocca,,"s.f., s.m.inv., agg. inv.",,,,,,,,http://dizionario.internazionale.it/parola/albicocca
218,Fondamentale,album,,s.m.inv.,,,,,,,,http://dizionario.internazionale.it/parola/album
219,Alto Uso,alcol,,s.m.,,,,,,,,http://dizionario.internazionale.it/parola/alcol
220,Fondamentale,alcuno,,"agg.indef., pron.indef.m.",,,,,,,,http://dizionario.internazionale.it/parola/alcuno
221,Alta Disponibilità,alfabeto,,s.m.,,,,,,,,http://dizionario.internazionale.it/parola/alfabeto
222,Alta Disponibilità,alga,,s.f.,,,,,,,,http://dizionario.internazionale.it/parola/alga
223,Alta Disponibilità,algerino,,"agg., s.m.",,,Demonym,,,,,http://dizionario.internazionale.it/parola/algerino
224,Alto Uso,alieno,,"agg., s.m.",,,,,,,,http://dizionario.internazionale.it/parola/alieno
225,Alto Uso,alimentare,1,"agg., s.m.",,,,,,,,http://dizionario.internazionale.it/parola/alimentare
226,Alto Uso,alimentare,2,v.tr.,,,,,,,,http://dizionario.internazionale.it/parola/alimentare_2
227,Alta Disponibilità,alimentari,,s.m.inv.,,,,,,,,http://dizionario.internazionale.it/parola/alimentari
228,Alto Uso,alimentazione,,s.f.,,,,,,,,http://dizionario.internazionale.it/parola/alimentazione
229,Alto Uso,alimento,,s.m.,,,,,,,,http://dizionario.internazionale.it/parola/alimento
230,Alta Disponibilità,alito,,s.m.,,,,,,,,http://dizionario.internazionale.it/parola/alito
231,Alta Disponibilità,allacciare,,v.tr.,,,,,,,,http://dizionario.internazionale.it/parola/allacciare
232,Alta Disponibilità,allagare,,v.tr.,,,,,,,,http://dizionario.internazionale.it/parola/allagare
233,Alto Uso,allargare,,v.tr. e intr.,,,,,,,,http://dizionario.internazionale.it/parola/allargare
234,Alta Disponibilità,allarmare,,v.tr.,,,,,,,,http://dizionario.internazionale.it/parola/allarmare
235,Alto Uso,allarme,,s.m.,,,,,,,,http://dizionario.internazionale.it/parola/allarme
236,Alta Disponibilità,allattare,,v.tr.,,,,,,,,http://dizionario.internazionale.it/parola/allattare
237,Alto Uso,alleanza,,s.f.,,,,,,,,http://dizionario.internazionale.it/parola/alleanza
238,Alta Disponibilità,allearsi,,v.pronom.intr.,,,,,,,,http://dizionario.internazionale.it/parola/allearsi
239,Alto Uso,alleato,,"p.pass., agg., s.m.",,alleare,,,,,,http://dizionario.internazionale.it/parola/alleato
240,Alto Uso,allegato,1,"p.pass., agg., s.m.",,allegare,,,,,,http://dizionario.internazionale.it/parola/allegato
241,Alta Disponibilità,alleggerire,,v.tr.,,,,"finire ""isc"" conjugation",,,,http://dizionario.internazionale.it/parola/alleggerire
242,Alto Uso,allegria,,s.f.,,,,,,,,http://dizionario.internazionale.it/parola/allegria
243,Alto Uso,allegro,,"agg., avv., s.m.",,,,,,,,http://dizionario.internazionale.it/parola/allegro
244,Alto Uso,allenamento,,s.m.,,,,,,,,http://dizionario.internazionale.it/parola/allenamento
245,Alto Uso,allenare,1,v.tr.,,,,,,,,http://dizionario.internazionale.it/parola/allenare
246,Alto Uso,allenatore,,"agg., s.m.",,,,,,,,http://dizionario.internazionale.it/parola/allenatore
247,Alta Disponibilità,allentare,,v.tr.,,,,,,,,http://dizionario.internazionale.it/parola/allentare
248,Alta Disponibilità,allergia,,s.f.,,,,,,,,http://dizionario.internazionale.it/parola/allergia
249,Alto Uso,allevare,1,v.tr.,,,,,,,,http://dizionario.internazionale.it/parola/allevare
250,Alto Uso,allievo,1,s.m.,,,,,,,,http://dizionario.internazionale.it/parola/allievo
251,Alta Disponibilità,allineare,,v.tr.,,,,,,,,http://dizionario.internazionale.it/parola/allineare
252,Alto Uso,alloggio,,s.m.,,,,,,,,http://dizionario.internazionale.it/parola/alloggio
253,Fondamentale,allontanare,,v.tr.,,,,,,,,http://dizionario.internazionale.it/parola/allontanare
254,Fondamentale,allora,,"avv., cong.",,,,,,,,http://dizionario.internazionale.it/parola/allora
255,Alta Disponibilità,alluce,,s.m.,,,,,,,,http://dizionario.internazionale.it/parola/alluce
256,Alto Uso,alludere,,v.intr.,,,,,Irr PP: alluso,,,http://dizionario.internazionale.it/parola/alludere
257,Alta Disponibilità,alluminio,,s.m.,,,,,,,,http://dizionario.internazionale.it/parola/alluminio
258,Fondamentale,allungare,,"v.tr., v.intr.",,,,,,,,http://dizionario.internazionale.it/parola/allungare
259,Alta Disponibilità,alluvione,,s.f.,,,,,,,,http://dizionario.internazionale.it/parola/alluvione
260,Fondamentale,almeno,,avv.,,,,,,,,http://dizionario.internazionale.it/parola/almeno
261,Alto Uso,alquanto,,"agg.indef., pron. indef., avv.",,,,,,,,http://dizionario.internazionale.it/parola/alquanto
262,Alta Disponibilità,altalena,,s.f.,,,,,,,,http://dizionario.internazionale.it/parola/altalena
263,Alto Uso,altamente,,avv.,,alto,,,,,,http://dizionario.internazionale.it/parola/altamente
264,Alto Uso,altare,,s.m.,,,,,,,,http://dizionario.internazionale.it/parola/altare
265,Alto Uso,alterare,,v.tr.,,,,,,,,http://dizionario.internazionale.it/parola/alterare
266,Alto Uso,alternare,,v.tr. e intr.,,,,,,,,http://dizionario.internazionale.it/parola/alternare
267,Alto Uso,alternativa,,s.f.,,,,,,,,http://dizionario.internazionale.it/parola/alternativa
268,Alto Uso,alternativo,,agg.,,,,,,,,http://dizionario.internazionale.it/parola/alternativo
269,Alta Disponibilità,alterno,,agg.,,,,,,,,http://dizionario.internazionale.it/parola/alterno
270,Fondamentale,altezza,,s.f.,,alto,,,,,,http://dizionario.internazionale.it/parola/altezza
271,Fondamentale,alto,1,"agg., s.m., avv.",,,,,,,,http://dizionario.internazionale.it/parola/alto
272,Alta Disponibilità,altoatesino,,"agg., s.m.",,,Demonym,,,,,http://dizionario.internazionale.it/parola/altoatesino
273,Alta Disponibilità,altopiano,,s.m.,,,,,,,,http://dizionario.internazionale.it/parola/altopiano
274,Fondamentale,altrettanto,,"agg.indef., pron.indef., avv.",,,,,,,,http://dizionario.internazionale.it/parola/altrettanto
275,Fondamentale,altrimenti,,avv.,,,,,,,,http://dizionario.internazionale.it/parola/altrimenti
276,Fondamentale,altro,,"agg.indef., pron.indef.m., avv.",,,,,,,,http://dizionario.internazionale.it/parola/altro
277,Alto Uso,altrove,,avv.,,,,,,,,http://dizionario.internazionale.it/parola/altrove
278,Alto Uso,altrui,,"agg.poss.inv., pron.indef.inv.",,,,,,,,http://dizionario.internazionale.it/parola/altrui
279,Alto Uso,alunno,,s.m.,,,,,,,,http://dizionario.internazionale.it/parola/alunno
280,Alta Disponibilità,alveare,,s.m.,,,,,,,,http://dizionario.internazionale.it/parola/alveare
281,Fondamentale,alzare,,v.tr.,,,,,,,,http://dizionario.internazionale.it/parola/alzare
282,Fondamentale,amante,1,"p.pres., agg., s.m. e f.",,amare,,,,,,http://dizionario.internazionale.it/parola/amante
283,Fondamentale,amare,,v.tr.,,,,,,,,http://dizionario.internazionale.it/parola/amare
284,Alto Uso,amaro,,"agg., s.m.",,,,,,,,http://dizionario.internazionale.it/parola/amaro
285,Alto Uso,amato,,"p.pass., agg., s.m.",,amare,,,,,,http://dizionario.internazionale.it/parola/amato
286,Alta Disponibilità,ambasciata,1,s.f.,,,,,,,,http://dizionario.internazionale.it/parola/ambasciata
287,Fondamentale,ambientale,,agg.,,,,,,,,http://dizionario.internazionale.it/parola/ambientale
288,Alto Uso,ambientare,,v.tr.,,,,,,,,http://dizionario.internazionale.it/parola/ambientare
289,Fondamentale,ambiente,,"s.m., agg.",,,,,,,,http://dizionario.internazionale.it/parola/ambiente
290,Fondamentale,ambito,1,s.m.,,,,,,,,http://dizionario.internazionale.it/parola/ambito
291,Alto Uso,ambizione,,s.f.,,,,,,,,http://dizionario.internazionale.it/parola/ambizione
292,Alto Uso,ambulanza,,s.f.,,,,,,,,http://dizionario.internazionale.it/parola/ambulanza
293,Fondamentale,americano,,"agg., s.m.",,,Demonym,,,,,http://dizionario.internazionale.it/parola/americano
294,Fondamentale,amicizia,,s.f.,,,,,,,,http://dizionario.internazionale.it/parola/amicizia
295,Fondamentale,amico,,"agg., s.m.",,,,,,,,http://dizionario.internazionale.it/parola/amico
296,Alta Disponibilità,ammaccare,,v.tr.,,,,,,,,http://dizionario.internazionale.it/parola/ammaccare
297,Alto Uso,ammalarsi,,v.pronom.intr.,,,,,,,,http://dizionario.internazionale.it/parola/ammalarsi
298,Alta Disponibilità,ammalato,,"p.pass., agg., s.m.",,ammalare,,,,,,http://dizionario.internazionale.it/parola/ammalato
299,Alta Disponibilità,ammanettare,,v.tr.,,,,,,,,http://dizionario.internazionale.it/parola/ammanettare
300,Alta Disponibilità,ammassare,,v.tr.,,,,,,,,http://dizionario.internazionale.it/parola/ammassare
301,Alta Disponibilità,ammasso,,s.m.,,,,,,,,http://dizionario.internazionale.it/parola/ammasso
302,Fondamentale,ammazzare,,v.tr.,,,,,,,,http://dizionario.internazionale.it/parola/ammazzare
303,Fondamentale,ammettere,,v.tr.,,,,,Irr PP: ammesso,,di,http://dizionario.internazionale.it/parola/ammettere
304,Alto Uso,amministrativo,,"agg., s.m.",,,,,,,,http://dizionario.internazionale.it/parola/amministrativo
305,Alto Uso,amministratore,,s.m.,,,,,,,,http://dizionario.internazionale.it/parola/amministratore
306,Fondamentale,amministrazione,,s.f.,,,,,,,,http://dizionario.internazionale.it/parola/amministrazione
307,Alto Uso,ammirare,,"v.tr., v.intr.",,,,,,,,http://dizionario.internazionale.it/parola/ammirare
308,Alto Uso,ammissione,,s.f.,,,,,,,,http://dizionario.internazionale.it/parola/ammissione
309,Alta Disponibilità,ammobiliare,,v.tr.,,,,,,,,http://dizionario.internazionale.it/parola/ammobiliare
310,Alta Disponibilità,ammoniaca,,s.f.,,,,,,,,http://dizionario.internazionale.it/parola/ammoniaca
311,Alta Disponibilità,ammorbidente,,"p.pres., agg., s.m.",,ammorbidire,,,,,,http://dizionario.internazionale.it/parola/ammorbidente
312,Alta Disponibilità,ammucchiare,,v.tr.,,,,,,,,http://dizionario.internazionale.it/parola/ammucchiare
313,Alta Disponibilità,ammuffire,,v.intr.,,,,"finire ""isc"" conjugation",,,,http://dizionario.internazionale.it/parola/ammuffire
314,Fondamentale,amore,,s.m.,,,,,,,,http://dizionario.internazionale.it/parola/amore
315,Alto Uso,amoroso,,"agg., s.m.",,,,,,,,http://dizionario.internazionale.it/parola/amoroso
316,Alto Uso,ampiamente,,avv.,,ampio,,,,,,http://dizionario.internazionale.it/parola/ampiamente
317,Fondamentale,ampio,,"agg., s.m.",,,,,,,,http://dizionario.internazionale.it/parola/ampio
318,Alta Disponibilità,amplificatore,,"agg., s.m.",,,,,,,,http://dizionario.internazionale.it/parola/amplificatore
319,Alta Disponibilità,analcolico,,"agg., s.m.",,,,,,,,http://dizionario.internazionale.it/parola/analcolico
320,Alta Disponibilità,analfabeta,,"agg., s.m. e f.",,,,,,,,http://dizionario.internazionale.it/parola/analfabeta
321,Fondamentale,analisi,,s.f.inv.,,,,,,,,http://dizionario.internazionale.it/parola/analisi
322,Alto Uso,analitico,,agg.,,,,,,,,http://dizionario.internazionale.it/parola/analitico
323,Fondamentale,analizzare,,v.tr.,,,,,,,,http://dizionario.internazionale.it/parola/analizzare
324,Alto Uso,analogo,,agg.,,,,,,,,http://dizionario.internazionale.it/parola/analogo
325,Alta Disponibilità,ananas,,s.m.inv.,,,,,,,,http://dizionario.internazionale.it/parola/ananas
326,Alta Disponibilità,anarchico,,"agg., s.m.",,,,,,,,http://dizionario.internazionale.it/parola/anarchico
327,Alta Disponibilità,anatra,,s.f.,,,,,,,,http://dizionario.internazionale.it/parola/anatra
328,Fondamentale,anche,,"cong., avv.",,,,anche / pure,,,,http://dizionario.internazionale.it/parola/anche
329,Alta Disponibilità,anconetano,,"agg., s.m.",,,Demonym,,,,,http://dizionario.internazionale.it/parola/anconetano
330,Fondamentale,ancora,2,"avv., cong.",,,,,,,,http://dizionario.internazionale.it/parola/ancora_2
331,Alto Uso,ancorare,,v.tr.,,,,,,,,http://dizionario.internazionale.it/parola/ancorare
332,Alto Uso,andamento,,s.m.,,,,,,,,http://dizionario.internazionale.it/parola/andamento
333,Fondamentale,andare,1,v.intr.,,,,,,Essere,a,http://dizionario.internazionale.it/parola/andare
334,Alta Disponibilità,andata,,s.f.,,,,,,,,http://dizionario.internazionale.it/parola/andata
335,Fondamentale,anello,,s.m.,,,,,,,,http://dizionario.internazionale.it/parola/anello
336,Fondamentale,angelo,,s.m.,,,,,,,,http://dizionario.internazionale.it/parola/angelo
337,Alto Uso,angolare,1,"agg., s.m.",,,,,,,,http://dizionario.internazionale.it/parola/angolare
338,Fondamentale,angolo,,s.m.,,,,,,,,http://dizionario.internazionale.it/parola/angolo
339,Alto Uso,angoscia,,s.f.,,,,,,,,http://dizionario.internazionale.it/parola/angoscia
340,Fondamentale,anima,,s.f.,,,,,,,,http://dizionario.internazionale.it/parola/anima
341,Fondamentale,animale,1,s.m.,,,,,,,,http://dizionario.internazionale.it/parola/animale
342,Alto Uso,animale,2,agg.,,,,,,,,http://dizionario.internazionale.it/parola/animale_2
343,Fondamentale,animare,,v.tr.,,,,,,,,http://dizionario.internazionale.it/parola/animare
344,Alto Uso,animato,,"p.pass., agg., avv.",,animare,,,,,,http://dizionario.internazionale.it/parola/animato
345,Alto Uso,animo,,"s.m., inter.",,,,,,,,http://dizionario.internazionale.it/parola/animo
346,Alta Disponibilità,annacquare,,v.tr.,,,,,,,,http://dizionario.internazionale.it/parola/annacquare
347,Alta Disponibilità,annaffiare,,v.tr.,,,,,,,,http://dizionario.internazionale.it/parola/annaffiare
348,Alta Disponibilità,annebbiare,,v.tr. e intr.,,,,,,,,http://dizionario.internazionale.it/parola/annebbiare
349,Alto Uso,anniversario,,"s.m., agg.",,,,,,,,http://dizionario.internazionale.it/parola/anniversario
350,Fondamentale,anno,,s.m.,,,,,,,,http://dizionario.internazionale.it/parola/anno
351,Alta Disponibilità,annodare,,v.tr.,,,,,,,,http://dizionario.internazionale.it/parola/annodare
352,Alto Uso,annoiare,,v.tr.,,,,,,,,http://dizionario.internazionale.it/parola/annoiare
353,Alto Uso,annotare,,v.tr.,,,,,,,,http://dizionario.internazionale.it/parola/annotare
354,Alto Uso,annuale,,"agg., s.m.",,,,,,,,http://dizionario.internazionale.it/parola/annuale
355,Alto Uso,annuire,,v.intr.,,,,"finire ""isc"" conjugation",,,,http://dizionario.internazionale.it/parola/annuire
356,Alto Uso,annullare,,v.tr.,,,,,,,,http://dizionario.internazionale.it/parola/annullare
357,Fondamentale,annunciare,,v.tr.,,,,,,,di,http://dizionario.internazionale.it/parola/annunciare
358,Alto Uso,annuncio,,s.m.,,,,,,,,http://dizionario.internazionale.it/parola/annuncio
359,Alta Disponibilità,annusare,,v.tr.,,,,,,,,http://dizionario.internazionale.it/parola/annusare
360,Alto Uso,anonimo,,"agg., s.m.",,,,,,,,http://dizionario.internazionale.it/parola/anonimo
361,Fondamentale,ansia,,s.f.,,,,,,,,http://dizionario.internazionale.it/parola/ansia
362,Alto Uso,ansioso,,"agg., s.m.",,,,,,,,http://dizionario.internazionale.it/parola/ansioso
363,Alta Disponibilità,antartico,,"agg., s.m.",,,,,,,,http://dizionario.internazionale.it/parola/antartico
364,Alto Uso,antenna,,s.f.,,,,,,,,http://dizionario.internazionale.it/parola/antenna
365,Alto Uso,anteprima,,s.f.,,,,,,,,http://dizionario.internazionale.it/parola/anteprima
366,Alto Uso,anteriore,,agg.,,,,,,,,http://dizionario.internazionale.it/parola/anteriore
367,Alta Disponibilità,anticalcare,,agg.,,,,,,,,http://dizionario.internazionale.it/parola/anticalcare
368,Alta Disponibilità,antichità,,s.f.inv.,,,,,,,,http://dizionario.internazionale.it/parola/antichita
369,Alto Uso,anticipare,,v.tr.,,,,,,,,http://dizionario.internazionale.it/parola/anticipare
370,Alto Uso,anticipo,,s.m.,,,,,,,,http://dizionario.internazionale.it/parola/anticipo
371,Fondamentale,antico,1,"agg., s.m.",,,,,,,,http://dizionario.internazionale.it/parola/antico
372,Alta Disponibilità,antipasto,,s.m.,,,,,,,,http://dizionario.internazionale.it/parola/antipasto
373,Alta Disponibilità,antirughe,,"agg.inv., s.m.inv.",,,,,,,,http://dizionario.internazionale.it/parola/antirughe
374,Alto Uso,antropologia,,s.f.,,,,,,,,http://dizionario.internazionale.it/parola/antropologia
375,Alta Disponibilità,anulare,,"agg., s.m.",,,,,,,,http://dizionario.internazionale.it/parola/anulare
376,Fondamentale,anzi,,"avv., prep.",,,,,,,,http://dizionario.internazionale.it/parola/anzi
377,Fondamentale,anziano,1,"agg., s.m.",,,,,,,,http://dizionario.internazionale.it/parola/anziano
378,Alto Uso,anziché,,cong.,,,,,,,,http://dizionario.internazionale.it/parola/anziche
379,Alta Disponibilità,aostano,,"agg., s.m.",,,Demonym,,,,,http://dizionario.internazionale.it/parola/aostano
380,Alto Uso,ape,,s.f.,,,,,,,,http://dizionario.internazionale.it/parola/ape
381,Alta Disponibilità,aperitivo,,"s.m., agg.",,,,,,,,http://dizionario.internazionale.it/parola/aperitivo
382,Fondamentale,aperto,,"p.pass., agg., s.m., avv.",,aprire,,,,,,http://dizionario.internazionale.it/parola/aperto
383,Fondamentale,apertura,,s.f.,,,,,,,,http://dizionario.internazionale.it/parola/apertura
384,Alta Disponibilità,apostolo,,s.m.,,,,,,,,http://dizionario.internazionale.it/parola/apostolo
385,Alto Uso,appalto,,s.m.,,,,,,,,http://dizionario.internazionale.it/parola/appalto
386,Alta Disponibilità,appannare,1,v.tr.,,,,,,,,http://dizionario.internazionale.it/parola/appannare
387,Alto Uso,apparato,,s.m.,,,,,,,,http://dizionario.internazionale.it/parola/apparato
388,Alta Disponibilità,apparecchiare,,v.tr.,,,,,,,,http://dizionario.internazionale.it/parola/apparecchiare
389,Alta Disponibilità,apparecchiatura,,s.f.,,,,,,,,http://dizionario.internazionale.it/parola/apparecchiatura
390,Alto Uso,apparecchio,,s.m.,,,,,,,,http://dizionario.internazionale.it/parola/apparecchio
391,Alto Uso,apparente,,"p.pres., agg.",,apparire,,,,,,http://dizionario.internazionale.it/parola/apparente
392,Alto Uso,apparentemente,,avv.,,apparente,,,,,,http://dizionario.internazionale.it/parola/apparentemente
393,Alto Uso,apparenza,,s.f.,,,,,,,,http://dizionario.internazionale.it/parola/apparenza
394,Fondamentale,apparire,,v.intr.,,,,,,Essere,,http://dizionario.internazionale.it/parola/apparire
395,Alto Uso,apparizione,,s.f.,,,,,,,,http://dizionario.internazionale.it/parola/apparizione
396,Fondamentale,appartamento,,s.m.,,,,,,,,http://dizionario.internazionale.it/parola/appartamento
397,Alto Uso,appartenenza,,s.f.,,,,,,,,http://dizionario.internazionale.it/parola/appartenenza
398,Fondamentale,appartenere,,v.intr.,,,,,,,,http://dizionario.internazionale.it/parola/appartenere
399,Alto Uso,appassionare,,v.tr.,,,,,,,,http://dizionario.internazionale.it/parola/appassionare
400,Alta Disponibilità,appassionarsi,,v.pronom.intr.,,,,,,,,http://dizionario.internazionale.it/parola/appassionarsi
401,Alto Uso,appassionato,,"p.pass., agg., s.m.",,appassionare,,,,,,http://dizionario.internazionale.it/parola/appassionato
402,Alto Uso,appello,,s.m.,,,,,,,,http://dizionario.internazionale.it/parola/appello
403,Fondamentale,appena,,"avv., cong.",,,,,,,,http://dizionario.internazionale.it/parola/appena
404,Alto Uso,appendere,,v.tr.,,,,,Irr PP: appeso,,,http://dizionario.internazionale.it/parola/appendere
405,Alta Disponibilità,appendicite,,s.f.,,,,,,,,http://dizionario.internazionale.it/parola/appendicite
406,Alta Disponibilità,appenninico,,agg.,,Demonym,,,,,,http://dizionario.internazionale.it/parola/appenninico
407,Alta Disponibilità,appeso,,"p.pass., agg., s.m.",,appendere,,,,,,http://dizionario.internazionale.it/parola/appeso
408,Alta Disponibilità,appiccicare,,v.tr. e intr.,,,,,,,,http://dizionario.internazionale.it/parola/appiccicare
409,Alta Disponibilità,appiglio,,s.m.,,,,,,,,http://dizionario.internazionale.it/parola/appiglio
410,Alto Uso,applauso,,s.m.,,,,,,,,http://dizionario.internazionale.it/parola/applauso
411,Fondamentale,applicare,,v.tr.,,,,,,,,http://dizionario.internazionale.it/parola/applicare
412,Alto Uso,applicazione,,s.f.,,,,,,,,http://dizionario.internazionale.it/parola/applicazione
413,Fondamentale,appoggiare,,v.tr. e intr.,,,,,,,,http://dizionario.internazionale.it/parola/appoggiare
414,Alto Uso,appoggio,,s.m.,,,,,,,,http://dizionario.internazionale.it/parola/appoggio
415,Alto Uso,apposito,,agg.,,,,,,,,http://dizionario.internazionale.it/parola/apposito
416,Alto Uso,apposta,,"avv., agg. inv.",,,,,,,,http://dizionario.internazionale.it/parola/apposta
417,Alto Uso,apprendere,,v.tr.,,,,,Irr PP: appreso,,,http://dizionario.internazionale.it/parola/apprendere
418,Alto Uso,apprendimento,,s.m.,,,,,,,,http://dizionario.internazionale.it/parola/apprendimento
419,Alta Disponibilità,apprendista,,s.m. e f.,,,,,,,,http://dizionario.internazionale.it/parola/apprendista
420,Fondamentale,apprezzare,,v.tr.,,,,,,,,http://dizionario.internazionale.it/parola/apprezzare
421,Alto Uso,approccio,,s.m.,,,,,,,,http://dizionario.internazionale.it/parola/approccio
422,Alto Uso,approfittare,,v.intr.,,,,,,,,http://dizionario.internazionale.it/parola/approfittare
423,Alto Uso,approfondimento,,s.m.,,,,,,,,http://dizionario.internazionale.it/parola/approfondimento
424,Alto Uso,approfondire,,v.tr.,,,,"finire ""isc"" conjugation",,,,http://dizionario.internazionale.it/parola/approfondire
425,Alto Uso,approvare,,v.tr.,,,,,,,,http://dizionario.internazionale.it/parola/approvare
426,Alto Uso,approvazione,,s.f.,,,,,,,,http://dizionario.internazionale.it/parola/approvazione
427,Fondamentale,appuntamento,1,s.m.,,,,,,,,http://dizionario.internazionale.it/parola/appuntamento
428,Alta Disponibilità,appuntire,,v.tr.,,,,"finire ""isc"" conjugation",,,,http://dizionario.internazionale.it/parola/appuntire
429,Alto Uso,appunto,1,s.m.,,,,,,,,http://dizionario.internazionale.it/parola/appunto
430,Fondamentale,appunto,2,avv.,,,,,,,,http://dizionario.internazionale.it/parola/appunto_2
431,Fondamentale,aprile,,s.m.,,,Months of the Year,,,,,http://dizionario.internazionale.it/parola/aprile
432,Fondamentale,aprire,,v.tr. e intr.,,,,,Irr PP: aperto,,,http://dizionario.internazionale.it/parola/aprire
433,Alta Disponibilità,apriscatole,,s.m.inv.,,,,,,,,http://dizionario.internazionale.it/parola/apriscatole
434,Alta Disponibilità,aquila,,s.f.,,,,,,,,http://dizionario.internazionale.it/parola/aquila
435,Alta Disponibilità,aquilano,,"agg., s.m.",,,Demonym,,,,,http://dizionario.internazionale.it/parola/aquilano
436,Alta Disponibilità,aquilone,1,s.m.,,,,,,,,http://dizionario.internazionale.it/parola/aquilone
437,Fondamentale,arabo,,"agg., s.m.",,,Demonym,,,,,http://dizionario.internazionale.it/parola/arabo
438,Alta Disponibilità,arachide,,s.f.,,,,,,,,http://dizionario.internazionale.it/parola/arachide
439,Alta Disponibilità,aragosta,,"s.f., s.m.inv.",,,,,,,,http://dizionario.internazionale.it/parola/aragosta
440,Alta Disponibilità,aranciata,,s.f.,,,,,,,,http://dizionario.internazionale.it/parola/aranciata
441,Alta Disponibilità,arancio,1,s.m.,,,,,,,,http://dizionario.internazionale.it/parola/arancio
442,Alta Disponibilità,arare,,v.tr.,,,,,,,,http://dizionario.internazionale.it/parola/arare
443,Alta Disponibilità,aratro,,s.m.,,,,,,,,http://dizionario.internazionale.it/parola/aratro
444,Alto Uso,arbitro,,s.m.,,,,,,,,http://dizionario.internazionale.it/parola/arbitro
445,Alta Disponibilità,archeologo,,s.m.,,,,,,,,http://dizionario.internazionale.it/parola/archeologo
446,Alto Uso,architettare,,v.tr.,,architettura,,,,,,http://dizionario.internazionale.it/parola/architettare
447,Alto Uso,architetto,,s.m.,,architettura,,,,,,http://dizionario.internazionale.it/parola/architetto
448,Alto Uso,architettonico,,agg.,,architettura,,,,,,http://dizionario.internazionale.it/parola/architettonico
449,Alto Uso,architettura,,s.f.,,architettura,,,,,,http://dizionario.internazionale.it/parola/architettura
450,Alto Uso,archiviare,,v.tr.,,,,,,,,http://dizionario.internazionale.it/parola/archiviare
451,Alto Uso,archivio,,s.m.,,,,,,,,http://dizionario.internazionale.it/parola/archivio
452,Fondamentale,arco,,s.m.,,,,,,,,http://dizionario.internazionale.it/parola/arco
453,Alta Disponibilità,arcobaleno,,s.m.,,,,,,,,http://dizionario.internazionale.it/parola/arcobaleno
454,Fondamentale,area,,s.f.,,,,,,,,http://dizionario.internazionale.it/parola/area
455,Alto Uso,argentino,1,"agg., s.m.",,,Demonym,,,,,http://dizionario.internazionale.it/parola/argentino
456,Alto Uso,argento,,s.m.,,,,,,,,http://dizionario.internazionale.it/parola/argento
457,Alto Uso,argomentare,,v.tr. e intr.,,,,,,,,http://dizionario.internazionale.it/parola/argomentare
458,Alto Uso,argomentazione,,s.f.,,,,,,,,http://dizionario.internazionale.it/parola/argomentazione
459,Fondamentale,argomento,,s.m.,,,,,,,,http://dizionario.internazionale.it/parola/argomento
460,Fondamentale,aria,,s.f.,,,,,,,,http://dizionario.internazionale.it/parola/aria
461,Alta Disponibilità,aristocratico,,"agg., s.m.",,,,,,,,http://dizionario.internazionale.it/parola/aristocratico
462,Alta Disponibilità,aritmetica,1,s.f.,,,,,,,,http://dizionario.internazionale.it/parola/aritmetica
463,Alta Disponibilità,aritmetico,,"agg., s.m.",,,,,,,,http://dizionario.internazionale.it/parola/aritmetico
464,Fondamentale,arma,1,s.f.,,,,,,,,http://dizionario.internazionale.it/parola/arma
465,Alto Uso,armadio,,s.m.,,,,,,,,http://dizionario.internazionale.it/parola/armadio
466,Alta Disponibilità,armamento,,s.m.,,,,,,,,http://dizionario.internazionale.it/parola/armamento
467,Alto Uso,armare,,v.tr.,,,,,,,,http://dizionario.internazionale.it/parola/armare
468,Alto Uso,armato,,"p.pass., agg., s.m.",,armare,,,,,,http://dizionario.internazionale.it/parola/armato
469,Alto Uso,armonia,,s.f.,,,,,,,,http://dizionario.internazionale.it/parola/armonia
470,Alta Disponibilità,aroma,,s.m.,,,,,,,,http://dizionario.internazionale.it/parola/aroma
471,Fondamentale,arrabbiarsi,,v.pronom.intr.,,,,,,,,http://dizionario.internazionale.it/parola/arrabbiarsi
472,Alto Uso,arrampicarsi,,v.pronom.intr.,,,,,,,,http://dizionario.internazionale.it/parola/arrampicarsi
473,Alto Uso,arredamento,,s.m.,,,,,,,,http://dizionario.internazionale.it/parola/arredamento
474,Alta Disponibilità,arredare,,v.tr.,,,,,,,,http://dizionario.internazionale.it/parola/arredare
475,Alta Disponibilità,arrendersi,,v.pronom.intr.,,,,,,,,http://dizionario.internazionale.it/parola/arrendersi
476,Fondamentale,arrestare,1,v.tr.,,,,,,,,http://dizionario.internazionale.it/parola/arrestare
477,Alto Uso,arresto,1,s.m.,,,,,,,,http://dizionario.internazionale.it/parola/arresto
478,Alto Uso,arricchire,,v.tr. e intr.,,,,"finire ""isc"" conjugation",,,,http://dizionario.internazionale.it/parola/arricchire
479,Fondamentale,arrivare,,v.intr. e tr.,,,,,,Essere,a,http://dizionario.internazionale.it/parola/arrivare
480,Alto Uso,arrivederci,,"inter., s.m.inv.",,,,,,,,http://dizionario.internazionale.it/parola/arrivederci
481,Fondamentale,arrivo,,s.m.,,,,,,,,http://dizionario.internazionale.it/parola/arrivo
482,Alta Disponibilità,arrosto,,"s.m., agg.inv., avv.",,,,,,,,http://dizionario.internazionale.it/parola/arrosto
483,Alta Disponibilità,arrugginire,,v.tr. e intr.,,,,"finire ""isc"" conjugation",,,,http://dizionario.internazionale.it/parola/arrugginire
484,Fondamentale,arte,,s.f.,,,,,,,,http://dizionario.internazionale.it/parola/arte
485,Alto Uso,arteria,,s.f.,,,,,,,,http://dizionario.internazionale.it/parola/arteria
486,Alta Disponibilità,artico,,"agg., s.m.",,,,,,,,http://dizionario.internazionale.it/parola/artico
487,Alto Uso,articolare,3,"v.tr., s.m.",,,,,,,,http://dizionario.internazionale.it/parola/articolare_3
488,Alto Uso,articolazione,,s.f.,,,,,,,,http://dizionario.internazionale.it/parola/articolazione
489,Fondamentale,articolo,,s.m.,,,,,,,,http://dizionario.internazionale.it/parola/articolo
490,Alto Uso,artificiale,,agg.,,,,,,,,http://dizionario.internazionale.it/parola/artificiale
491,Alta Disponibilità,artigianale,,agg.,,,,,,,,http://dizionario.internazionale.it/parola/artigianale
492,Alto Uso,artigiano,,"s.m., agg.",,,,,,,,http://dizionario.internazionale.it/parola/artigiano
493,Alta Disponibilità,artiglieria,,s.f.,,,,,,,,http://dizionario.internazionale.it/parola/artiglieria
494,Alta Disponibilità,artiglio,,s.m.,,,,,,,,http://dizionario.internazionale.it/parola/artiglio
495,Fondamentale,artista,,s.m. e f.,,,,,,,,http://dizionario.internazionale.it/parola/artista
496,Fondamentale,artistico,,"agg., s.m.",,,,,,,,http://dizionario.internazionale.it/parola/artistico
497,Alta Disponibilità,ascella,,s.f.,,,,,,,,http://dizionario.internazionale.it/parola/ascella
498,Alto Uso,ascensore,,s.m.,,,,,,,,http://dizionario.internazionale.it/parola/ascensore
499,Alto Uso,ascesa,,s.f.,,,,,,,,http://dizionario.internazionale.it/parola/ascesa
500,Alta Disponibilità,ascesso,,s.m.,,,,,,,,http://dizionario.internazionale.it/parola/ascesso
501,Alta Disponibilità,ascia,,s.f.,,,,,,,,http://dizionario.internazionale.it/parola/ascia
502,Alto Uso,asciugamano,,s.m.,,,,,,,,http://dizionario.internazionale.it/parola/asciugamano
503,Alto Uso,asciugare,,v.tr. e intr.,,,,,,,,http://dizionario.internazionale.it/parola/asciugare
504,Alto Uso,asciutto,,"agg., s.m.",,,,,,,,http://dizionario.internazionale.it/parola/asciutto
505,Fondamentale,ascoltare,,v.tr.,,,,,,,,http://dizionario.internazionale.it/parola/ascoltare
506,Alto Uso,ascolto,,s.m.,,,,,,,,http://dizionario.internazionale.it/parola/ascolto
507,Alta Disponibilità,asfaltare,,v.tr.,,,,,,,,http://dizionario.internazionale.it/parola/asfaltare
508,Alta Disponibilità,asfalto,,s.m.,,,,,,,,http://dizionario.internazionale.it/parola/asfalto
509,Alto Uso,asiatico,,"agg., s.m.",,,Demonym,,,,,http://dizionario.internazionale.it/parola/asiatico
510,Alto Uso,asilo,1,s.m.,,,,,,,,http://dizionario.internazionale.it/parola/asilo
511,Alto Uso,asino,,s.m.,,,,,,,,http://dizionario.internazionale.it/parola/asino
512,Alta Disponibilità,asma,,s.f. e m.,,,,,,,,http://dizionario.internazionale.it/parola/asma
513,Alta Disponibilità,asparago,,s.m.,,,,,,,,http://dizionario.internazionale.it/parola/asparago
514,Fondamentale,aspettare,,v.tr. e intr.,,,,,,,di,http://dizionario.internazionale.it/parola/aspettare
515,Alto Uso,aspettativa,,s.f.,,,,,,,,http://dizionario.internazionale.it/parola/aspettativa
516,Fondamentale,aspetto,1,s.m.,,,,,,,,http://dizionario.internazionale.it/parola/aspetto
517,Alta Disponibilità,aspirapolvere,,s.m.inv.,,,,,,,,http://dizionario.internazionale.it/parola/aspirapolvere
518,Alto Uso,aspirare,,v.tr. e intr.,,,,,,,a,http://dizionario.internazionale.it/parola/aspirare
519,Alto Uso,aspirazione,,s.f.,,,,,,,,http://dizionario.internazionale.it/parola/aspirazione
520,Alto Uso,aspro,1,"agg., s.m.",,,,,,,,http://dizionario.internazionale.it/parola/aspro
521,Alto Uso,assaggiare,,v.tr.,,,,,,,,http://dizionario.internazionale.it/parola/assaggiare
522,Alta Disponibilità,assaggio,,s.m.,,,,,,,,http://dizionario.internazionale.it/parola/assaggio
523,Fondamentale,assai,,"avv., agg.indef.inv., s.m.inv.",,,,,,,,http://dizionario.internazionale.it/parola/assai
524,Alta Disponibilità,assalire,,v.tr.,,,,,,,,http://dizionario.internazionale.it/parola/assalire
525,Alta Disponibilità,assaltare,,v.tr.,,,,,,,,http://dizionario.internazionale.it/parola/assaltare
526,Alto Uso,assalto,,s.m.,,,,,,,,http://dizionario.internazionale.it/parola/assalto
527,Alta Disponibilità,assaporare,,v.tr.,,,,,,,,http://dizionario.internazionale.it/parola/assaporare
528,Alto Uso,assassinare,,v.tr.,,,,,,,,http://dizionario.internazionale.it/parola/assassinare
529,Alta Disponibilità,assassinio,,s.m.,,,,,,,,http://dizionario.internazionale.it/parola/assassinio
530,Alto Uso,assassino,,"s.m., agg.",,,,,,,,http://dizionario.internazionale.it/parola/assassino
531,Alto Uso,asse,2,s.m.,,,,,,,,http://dizionario.internazionale.it/parola/asse_2
532,Alta Disponibilità,assediare,,v.tr.,,,,,,,,http://dizionario.internazionale.it/parola/assediare
533,Alto Uso,assegnare,,v.tr.,,,,,,,,http://dizionario.internazionale.it/parola/assegnare
534,Alto Uso,assegno,,s.m.,,,,,,,,http://dizionario.internazionale.it/parola/assegno
535,Alto Uso,assemblea,,s.f.,,,,,,,,http://dizionario.internazionale.it/parola/assemblea
536,Alto Uso,assente,,"agg., s.m. e f.",,,,,,,,http://dizionario.internazionale.it/parola/assente
537,Fondamentale,assenza,,s.f.,,,,,,,,http://dizionario.internazionale.it/parola/assenza
538,Fondamentale,assicurare,,v.tr.,,,,,,,di,http://dizionario.internazionale.it/parola/assicurare
539,Alto Uso,assicurazione,,s.f.,,,,,,,,http://dizionario.internazionale.it/parola/assicurazione
540,Fondamentale,assieme,,"avv., s.m.",,,,,,,,http://dizionario.internazionale.it/parola/assieme
541,Alto Uso,assistente,,"p.pres., agg., s.m. e f.",,assistere,,,,,,http://dizionario.internazionale.it/parola/assistente
542,Alto Uso,assistenza,,s.f.,,,,,,,,http://dizionario.internazionale.it/parola/assistenza
543,Fondamentale,assistere,,v.intr. e tr.,,,,,Irr PP: assistito,,,http://dizionario.internazionale.it/parola/assistere
544,Alto Uso,associare,,v.tr.,,,,,,,,http://dizionario.internazionale.it/parola/associare
545,Fondamentale,associazione,,s.f.,,,,,,,,http://dizionario.internazionale.it/parola/associazione
546,Fondamentale,assolutamente,,avv.,,assoluto,,,,,,http://dizionario.internazionale.it/parola/assolutamente
547,Fondamentale,assoluto,1,"agg., s.m.",,,,,,,,http://dizionario.internazionale.it/parola/assoluto
548,Alta Disponibilità,assoluzione,,s.f.,,,,,,,,http://dizionario.internazionale.it/parola/assoluzione
549,Alto Uso,assolvere,,v.tr.,,,,,Irr PP: assolto,,,http://dizionario.internazionale.it/parola/assolvere
550,Alto Uso,assomigliare,,v.intr. e tr.,,,,,,,,http://dizionario.internazionale.it/parola/assomigliare
551,Alta Disponibilità,assorbente,,"p.pres., agg., s.m.",,assorbire,,,,,,http://dizionario.internazionale.it/parola/assorbente
552,Alto Uso,assorbire,,v.tr.,,,,,,,,http://dizionario.internazionale.it/parola/assorbire
553,Alta Disponibilità,assordare,,"v.tr., v.intr.",,,,,,,,http://dizionario.internazionale.it/parola/assordare
554,Fondamentale,assumere,,v.tr.,,,,,Irr PP: assunto,,,http://dizionario.internazionale.it/parola/assumere
555,Alto Uso,assunzione,,s.f.,,,,,,,,http://dizionario.internazionale.it/parola/assunzione
556,Fondamentale,assurdo,,"agg., s.m.",,,,,,,,http://dizionario.internazionale.it/parola/assurdo
557,Alto Uso,asta,,s.f.,,,,,,,,http://dizionario.internazionale.it/parola/asta
558,Alta Disponibilità,astemio,,"agg., s.m.",,,,,,,,http://dizionario.internazionale.it/parola/astemio
559,Alto Uso,astratto,,"p.pass., agg., s.m.",,astrarre,,,,,,http://dizionario.internazionale.it/parola/astratto
560,Alta Disponibilità,astronave,,s.f.,,,,,,,,http://dizionario.internazionale.it/parola/astronave
561,Alta Disponibilità,astuccio,,s.m.,,,,,,,,http://dizionario.internazionale.it/parola/astuccio
562,Alta Disponibilità,astuto,,"agg., s.m.",,,,,,,,http://dizionario.internazionale.it/parola/astuto
563,Alta Disponibilità,astuzia,,s.f.,,,,,,,,http://dizionario.internazionale.it/parola/astuzia
564,Alta Disponibilità,ateniese,,"agg., s.m. e f.",,,Demonym,,,,,http://dizionario.internazionale.it/parola/ateniese
565,Alto Uso,ateo,,"agg., s.m.",,,,,,,,http://dizionario.internazionale.it/parola/ateo
566,Alta Disponibilità,atlantico,1,agg.,,,,,,,,http://dizionario.internazionale.it/parola/atlantico
567,Alto Uso,atleta,,s.m. e f.,,,,,,,,http://dizionario.internazionale.it/parola/atleta
568,Fondamentale,atmosfera,,s.f.,,,,,,,,http://dizionario.internazionale.it/parola/atmosfera
569,Alta Disponibilità,atomica,,s.f.,,,,,,,,http://dizionario.internazionale.it/parola/atomica
570,Alto Uso,atomico,,agg.,,,,,,,,http://dizionario.internazionale.it/parola/atomico
571,Alto Uso,atomo,,s.m.,,,,,,,,http://dizionario.internazionale.it/parola/atomo
572,Alta Disponibilità,atrio,,s.m.,,,,,,,,http://dizionario.internazionale.it/parola/atrio
573,Alto Uso,atroce,,agg.,,,,,,,,http://dizionario.internazionale.it/parola/atroce
574,Alta Disponibilità,attaccante,,"p.pres., agg., s.m. e f.",,attaccare,,,,,,http://dizionario.internazionale.it/parola/attaccante
575,Alta Disponibilità,attaccapanni,,s.m.inv.,,,,,,,,http://dizionario.internazionale.it/parola/attaccapanni
576,Fondamentale,attaccare,,v.tr. e intr.,,,,,,,,http://dizionario.internazionale.it/parola/attaccare
577,Fondamentale,attacco,,s.m.,,,,,,,,http://dizionario.internazionale.it/parola/attacco
578,Fondamentale,atteggiamento,,s.m.,,,,,,,,http://dizionario.internazionale.it/parola/atteggiamento
579,Alta Disponibilità,atteggiare,,v.tr.,,,,,,,,http://dizionario.internazionale.it/parola/atteggiare
580,Fondamentale,attendere,,v.tr. e intr.,,,,,Irr PP: atteso,,di,http://dizionario.internazionale.it/parola/attendere
581,Alto Uso,attenere,,"v.intr., v.tr.",,,,,,,,http://dizionario.internazionale.it/parola/attenere
582,Alto Uso,attentamente,,avv.,,attento,,,,,,http://dizionario.internazionale.it/parola/attentamente
583,Alta Disponibilità,attentare,,"v.intr., v.tr.",,,,,,,a,http://dizionario.internazionale.it/parola/attentare
584,Alto Uso,attentato,,s.m.,,,,,,,,http://dizionario.internazionale.it/parola/attentato
585,Fondamentale,attento,,agg.,,,,,,,,http://dizionario.internazionale.it/parola/attento
586,Fondamentale,attenzione,,s.f.,,,,,,,,http://dizionario.internazionale.it/parola/attenzione
587,Alta Disponibilità,atterraggio,,s.m.,,,,,,,,http://dizionario.internazionale.it/parola/atterraggio
588,Alto Uso,atterrare,,v.tr. e intr.,,,,,,,,http://dizionario.internazionale.it/parola/atterrare
589,Fondamentale,attesa,,s.f.,,,,,,,,http://dizionario.internazionale.it/parola/attesa
590,Alto Uso,attestare,1,v.tr.,,,,,,,,http://dizionario.internazionale.it/parola/attestare
591,Fondamentale,attimo,,s.m.,,,,,,,,http://dizionario.internazionale.it/parola/attimo
592,Alto Uso,attingere,,"v.tr., v.intr.",,,,,Irr PP: attinto,,,http://dizionario.internazionale.it/parola/attingere
593,Alto Uso,attirare,,v.tr.,,,,,,,,http://dizionario.internazionale.it/parola/attirare
594,Alto Uso,attivare,,v.tr.,,,,,,,,http://dizionario.internazionale.it/parola/attivare
595,Fondamentale,attività,,s.f.inv.,,,,,,,,http://dizionario.internazionale.it/parola/attivita
596,Fondamentale,attivo,,"agg., s.m.",,,,,,,,http://dizionario.internazionale.it/parola/attivo
597,Fondamentale,atto,1,s.m.,,,,,,,,http://dizionario.internazionale.it/parola/atto
598,Fondamentale,attore,,s.m.,,,,,,,,http://dizionario.internazionale.it/parola/attore
599,Fondamentale,attorno,,avv.,,,,,,,,http://dizionario.internazionale.it/parola/attorno
600,Alto Uso,attrarre,,v.tr.,,-trarre,,-rre verb,Irr PP: attratto,,,http://dizionario.internazionale.it/parola/attrarre
601,Fondamentale,attraversare,,v.tr.,,,,,,,,http://dizionario.internazionale.it/parola/attraversare
602,Fondamentale,attraverso,,"prep., avv.",,,,,,,,http://dizionario.internazionale.it/parola/attraverso
603,Alto Uso,attrazione,,s.f.,,,,,,,,http://dizionario.internazionale.it/parola/attrazione
604,Alto Uso,attrezzare,,v.tr.,,,,,,,,http://dizionario.internazionale.it/parola/attrezzare
605,Alto Uso,attrezzatura,,s.f.,,,,,,,,http://dizionario.internazionale.it/parola/attrezzatura
606,Alto Uso,attrezzo,,s.m.,,,,,,,,http://dizionario.internazionale.it/parola/attrezzo
607,Alto Uso,attribuire,,v.tr.,,,,"finire ""isc"" conjugation",,,,http://dizionario.internazionale.it/parola/attribuire
608,Alto Uso,attrice,,s.f.,,,,,,,,http://dizionario.internazionale.it/parola/attrice
609,Fondamentale,attuale,,agg.,,,,,,,,http://dizionario.internazionale.it/parola/attuale
610,Alto Uso,attualità,,s.f.inv.,,,,,,,,http://dizionario.internazionale.it/parola/attualita
611,Alto Uso,attualmente,,avv.,,attuale,,,,,,http://dizionario.internazionale.it/parola/attualmente
612,Alto Uso,attuare,,v.tr.,,,,,,,,http://dizionario.internazionale.it/parola/attuare
613,Alto Uso,augurare,,v.tr. e intr.,,,,,,,di,http://dizionario.internazionale.it/parola/augurare
614,Alto Uso,augurio,,s.m.,,,,,,,,http://dizionario.internazionale.it/parola/augurio
615,Alto Uso,aula,,s.f.,,,,,,,,http://dizionario.internazionale.it/parola/aula
616,Fondamentale,aumentare,,v.tr. e intr.,,,,,,,,http://dizionario.internazionale.it/parola/aumentare
617,Fondamentale,aumento,,s.m.,,,,,,,,http://dizionario.internazionale.it/parola/aumento
618,Alta Disponibilità,australiano,,"agg., s.m.",,,Demonym,,,,,http://dizionario.internazionale.it/parola/australiano
619,Alto Uso,austriaco,,"agg., s.m.",,,Demonym,,,,,http://dizionario.internazionale.it/parola/austriaco
620,Alto Uso,autentico,,"agg., s.m.",,,,,,,,http://dizionario.internazionale.it/parola/autentico
621,Alto Uso,autista,1,s.m. e f.,,,,,,,,http://dizionario.internazionale.it/parola/autista
622,Fondamentale,auto,1,s.f.inv.,,,,,,,,http://dizionario.internazionale.it/parola/auto
623,Alta Disponibilità,autoambulanza,,s.f.,,,,,,,,http://dizionario.internazionale.it/parola/autoambulanza
624,Alta Disponibilità,autobotte,,s.f.,,,,,,,,http://dizionario.internazionale.it/parola/autobotte
625,Alto Uso,autobus,,s.m.inv.,,,,,,,,http://dizionario.internazionale.it/parola/autobus
626,Alta Disponibilità,autografo,1,"agg., s.m.",,,,,,,,http://dizionario.internazionale.it/parola/autografo
627,Alto Uso,automaticamente,,avv.,,automaticl,,,,,,http://dizionario.internazionale.it/parola/automaticamente
628,Alto Uso,automatico,,"agg., s.m.",,,,,,,,http://dizionario.internazionale.it/parola/automatico
629,Alto Uso,automobile,,s.f.,,,,,,,,http://dizionario.internazionale.it/parola/automobile
630,Alta Disponibilità,automobilista,,s.m. e f.,,,,,,,,http://dizionario.internazionale.it/parola/automobilista
631,Alto Uso,autonomia,,s.f.,,,,,,,,http://dizionario.internazionale.it/parola/autonomia
632,Alto Uso,autonomo,,"agg., s.m.",,,,,,,,http://dizionario.internazionale.it/parola/autonomo
633,Fondamentale,autore,,s.m.,,,,,,,,http://dizionario.internazionale.it/parola/autore
634,Alta Disponibilità,autorevole,,agg.,,,,,,,,http://dizionario.internazionale.it/parola/autorevole
635,Fondamentale,autorità,,s.f.inv.,,,,,,,,http://dizionario.internazionale.it/parola/autorita
636,Fondamentale,autorizzare,,v.tr.,,,,,,,,http://dizionario.internazionale.it/parola/autorizzare
637,Alta Disponibilità,autoscontro,,s.m.,,,,,,,,http://dizionario.internazionale.it/parola/autoscontro
638,Alta Disponibilità,autoscuola,,s.f.,,,,,,,,http://dizionario.internazionale.it/parola/autoscuola
639,Alta Disponibilità,autostop,,s.m.inv.,,,,,,,,http://dizionario.internazionale.it/parola/autostop
640,Alto Uso,autostrada,,s.f.,,,,,,,,http://dizionario.internazionale.it/parola/autostrada
641,Alta Disponibilità,autotreno,,s.m.,,,,,,,,http://dizionario.internazionale.it/parola/autotreno
642,Alto Uso,autunno,,s.m.,,,,,,,,http://dizionario.internazionale.it/parola/autunno
643,Alta Disponibilità,avambraccio,,s.m.,,,,,,,,http://dizionario.internazionale.it/parola/avambraccio
644,Alto Uso,avanguardia,,s.f.,,,,,,,,http://dizionario.internazionale.it/parola/avanguardia
645,Fondamentale,avanti,,"avv., agg.inv., loc. di comando, prep., s.m.inv., s.m. e f.inv.",,,,,,,,http://dizionario.internazionale.it/parola/avanti
646,Fondamentale,avanzare,1,v.intr. e tr.,,,,,,,,http://dizionario.internazionale.it/parola/avanzare
647,Alto Uso,avanzato,1,"p.pass., agg.",,avanzare,,,,,,http://dizionario.internazionale.it/parola/avanzato
648,Alta Disponibilità,avanzo,,s.m.,,,,,,,,http://dizionario.internazionale.it/parola/avanzo
649,Alta Disponibilità,avarizia,,s.f.,,,,,,,,http://dizionario.internazionale.it/parola/avarizia
650,Alta Disponibilità,avaro,1,"agg., s.m.",,,,,,,,http://dizionario.internazionale.it/parola/avaro
651,Alta Disponibilità,avena,,s.f.,,,,,,,,http://dizionario.internazionale.it/parola/avena
652,Fondamentale,avere,1,"v.tr., v.intr.",,,,,,,,http://dizionario.internazionale.it/parola/avere
653,Alta Disponibilità,aviazione,,s.f.,,,,,,,,http://dizionario.internazionale.it/parola/aviazione
654,Alta Disponibilità,avvantaggiare,,v.tr.,,,,,,,,http://dizionario.internazionale.it/parola/avvantaggiare
655,Alto Uso,avvelenare,,v.tr.,,,,,,,,http://dizionario.internazionale.it/parola/avvelenare
656,Alta Disponibilità,avvelenato,,"p.pass., agg.",,avvelenare,,,,,,http://dizionario.internazionale.it/parola/avvelenato
657,Alto Uso,avvenimento,,s.m.,,,,,,,,http://dizionario.internazionale.it/parola/avvenimento
658,Fondamentale,avvenire,1,"agg.inv., s.m.inv.",,,,,,,,http://dizionario.internazionale.it/parola/avvenire
659,Fondamentale,avventura,,s.f.,,,,,,,,http://dizionario.internazionale.it/parola/avventura
660,Alta Disponibilità,avverare,,v.tr.,,,,,,,,http://dizionario.internazionale.it/parola/avverare
661,Alto Uso,avversario,,s.m.,,,,,,,,http://dizionario.internazionale.it/parola/avversario
662,Fondamentale,avvertire,,"v.tr., v.intr.",,,,,,,,http://dizionario.internazionale.it/parola/avvertire
663,Alta Disponibilità,avviamento,,s.m.,,,,,,,,http://dizionario.internazionale.it/parola/avviamento
664,Fondamentale,avviare,,v.tr.,,,,,,,,http://dizionario.internazionale.it/parola/avviare
665,Fondamentale,avvicinare,,v.tr.,,,,,,,,http://dizionario.internazionale.it/parola/avvicinare
666,Alto Uso,avvio,,s.m.,,,,,,,,http://dizionario.internazionale.it/parola/avvio
667,Alto Uso,avvisare,1,v.tr.,,,,,,,,http://dizionario.internazionale.it/parola/avvisare
668,Alto Uso,avviso,1,s.m.,,,,,,,,http://dizionario.internazionale.it/parola/avviso
669,Alta Disponibilità,avvitare,1,v.tr.,,,,,,,,http://dizionario.internazionale.it/parola/avvitare
670,Fondamentale,avvocato,,s.m.,,,,,,,,http://dizionario.internazionale.it/parola/avvocato
671,Alto Uso,avvolgere,,v.tr.,,,,,Irr PP: avvolto,,,http://dizionario.internazionale.it/parola/avvolgere
672,Fondamentale,azienda,,s.f.,,,,,,,,http://dizionario.internazionale.it/parola/azienda
673,Alto Uso,aziendale,,agg.,,,,,,,,http://dizionario.internazionale.it/parola/aziendale
674,Fondamentale,azione,1,s.f.,,,,,,,,http://dizionario.internazionale.it/parola/azione
675,Alto Uso,azione,2,s.f.,,,,,,,,http://dizionario.internazionale.it/parola/azione_2
676,Alto Uso,azzardare,,v.tr.,,,,,,,,http://dizionario.internazionale.it/parola/azzardare
677,Alta Disponibilità,azzardo,,s.m.,,,,,,,,http://dizionario.internazionale.it/parola/azzardo
678,Fondamentale,azzurro,,"s.m., agg.",,,,,,,,http://dizionario.internazionale.it/parola/azzurro
679,Alto Uso,babbo,1,s.m.,,,,,,,,http://dizionario.internazionale.it/parola/babbo
680,Alto Uso,baby,,"s.m. e f.inv., agg.inv.",,,,,,,,http://dizionario.internazionale.it/parola/baby
681,Alta Disponibilità,babydoll,,s.m.inv.,,,,,,,,http://dizionario.internazionale.it/parola/babydoll
682,Alta Disponibilità,bacca,1,s.f.,,,,,,,,http://dizionario.internazionale.it/parola/bacca
683,Alta Disponibilità,baccalà,,s.m.inv.,,,,,,,,http://dizionario.internazionale.it/parola/baccala
684,Alto Uso,bacheca,,s.f.,,,,,,,,http://dizionario.internazionale.it/parola/bacheca
685,Fondamentale,baciare,1,v.tr.,,,,,,,,http://dizionario.internazionale.it/parola/baciare
686,Alta Disponibilità,bacinella,,s.f.,,,,,,,,http://dizionario.internazionale.it/parola/bacinella
687,Alto Uso,bacino,,s.m.,,,,,,,,http://dizionario.internazionale.it/parola/bacino
688,Fondamentale,bacio,1,s.m.,,,,,,,,http://dizionario.internazionale.it/parola/bacio
689,Alta Disponibilità,baco,1,s.m.,,,,,,,,http://dizionario.internazionale.it/parola/baco
690,Alto Uso,badare,,"v.intr., v.tr.",,,,,,,a,http://dizionario.internazionale.it/parola/badare
691,Alto Uso,baffo,,s.m.,,,,,,,,http://dizionario.internazionale.it/parola/baffo
692,Alta Disponibilità,bagagliaio,,s.m.,,,,,,,,http://dizionario.internazionale.it/parola/bagagliaio
693,Alto Uso,bagaglio,,s.m.,,,,,,,,http://dizionario.internazionale.it/parola/bagaglio
694,Alto Uso,bagnare,,v.tr.,,,,,,,,http://dizionario.internazionale.it/parola/bagnare
695,Alto Uso,bagnato,,"p.pass., agg., s.m.",,bagnare,,,,,,http://dizionario.internazionale.it/parola/bagnato
696,Fondamentale,bagno,,s.m.,,,,,,,,http://dizionario.internazionale.it/parola/bagno
697,Alta Disponibilità,bagnoschiuma,,s.m.inv.,,,,,,,,http://dizionario.internazionale.it/parola/bagnoschiuma
698,Alto Uso,balcone,,s.m.,,,,,,,,http://dizionario.internazionale.it/parola/balcone
699,Alto Uso,balena,,s.f.,,,,,,,,http://dizionario.internazionale.it/parola/balena
700,Alto Uso,balia,1,s.f.,,,,,,,,http://dizionario.internazionale.it/parola/balia
701,Fondamentale,ballare,,v.intr. e tr.,,,,,,,,http://dizionario.internazionale.it/parola/ballare
702,Alta Disponibilità,ballerina,,s.f.,,,,,,,,http://dizionario.internazionale.it/parola/ballerina
703,Alta Disponibilità,ballerino,,"s.m., agg.",,,,,,,,http://dizionario.internazionale.it/parola/ballerino
704,Alta Disponibilità,balletto,,s.m.,,,,,,,,http://dizionario.internazionale.it/parola/balletto
705,Alto Uso,ballo,,s.m.,,,,,,,,http://dizionario.internazionale.it/parola/ballo
706,Alta Disponibilità,balsamo,,s.m.,,,,,,,,http://dizionario.internazionale.it/parola/balsamo
707,Fondamentale,bambina,,s.f.,,,,,,,,http://dizionario.internazionale.it/parola/bambina
708,Alta Disponibilità,bambinaia,,s.f.,,,,,,,,http://dizionario.internazionale.it/parola/bambinaia
709,Fondamentale,bambino,,"s.m., agg.",,,,,,,,http://dizionario.internazionale.it/parola/bambino
710,Alto Uso,bambola,,s.f.,,,,,,,,http://dizionario.internazionale.it/parola/bambola
711,Alto Uso,banale,,agg.,,,,,,,,http://dizionario.internazionale.it/parola/banale
712,Alta Disponibilità,banana,,s.f.,,,,,,,,http://dizionario.internazionale.it/parola/banana
713,Fondamentale,banca,1,s.f.,,,,,,,,http://dizionario.internazionale.it/parola/banca
714,Alta Disponibilità,bancarella,,s.f.,,,,,,,,http://dizionario.internazionale.it/parola/bancarella
715,Alto Uso,bancario,,"agg., s.m.",,,,,,,,http://dizionario.internazionale.it/parola/bancario
716,Alto Uso,banco,,s.m.,,,,,,,,http://dizionario.internazionale.it/parola/banco
717,Alto Uso,bancone,,s.m.,,,,,,,,http://dizionario.internazionale.it/parola/bancone
718,Alto Uso,band,,s.f.inv.,,,,,,,,http://dizionario.internazionale.it/parola/band
719,Alto Uso,banda,1,s.f.,,,,,,,,http://dizionario.internazionale.it/parola/banda
720,Alto Uso,bandiera,,s.f.,,,,,,,,http://dizionario.internazionale.it/parola/bandiera
721,Alto Uso,bando,1,s.m.,,,,,,,,http://dizionario.internazionale.it/parola/bando
722,Fondamentale,bar,1,s.m.inv.,,,,,,,,http://dizionario.internazionale.it/parola/bar
723,Alto Uso,bara,1,s.f.,,,,,,,,http://dizionario.internazionale.it/parola/bara
724,Alta Disponibilità,baracca,,s.f.,,,,,,,,http://dizionario.internazionale.it/parola/baracca
725,Alto Uso,barba,1,s.f.,,,,,,,,http://dizionario.internazionale.it/parola/barba
726,Alta Disponibilità,barbabietola,,s.f.,,,,,,,,http://dizionario.internazionale.it/parola/barbabietola
727,Alto Uso,barbaro,,"agg., s.m.",,,,,,,,http://dizionario.internazionale.it/parola/barbaro
728,Fondamentale,barca,1,s.f.,,,,,,,,http://dizionario.internazionale.it/parola/barca
729,Alta Disponibilità,barella,,s.f.,,,,,,,,http://dizionario.internazionale.it/parola/barella
730,Alta Disponibilità,barese,,"agg., s.m. e f.",,,Demonym,,,,,http://dizionario.internazionale.it/parola/barese
731,Alta Disponibilità,barile,1,s.m.,,,,,,,,http://dizionario.internazionale.it/parola/barile
732,Alta Disponibilità,barista,,s.m. e f.,,,,,,,,http://dizionario.internazionale.it/parola/barista
733,Alto Uso,barriera,,s.f.,,,,,,,,http://dizionario.internazionale.it/parola/barriera
734,Fondamentale,basare,,v.tr.,,,,,,,,http://dizionario.internazionale.it/parola/basare
735,Fondamentale,base,,s.f.,,,,,,,,http://dizionario.internazionale.it/parola/base
736,Alta Disponibilità,basetta,1,s.f.,,,,,,,,http://dizionario.internazionale.it/parola/basetta
737,Alto Uso,basilica,,s.f.,,,,,,,,http://dizionario.internazionale.it/parola/basilica
738,Alta Disponibilità,basilico,1,s.m.,,,,,,,,http://dizionario.internazionale.it/parola/basilico
739,Alta Disponibilità,basket,,s.m.inv.,,,,,,,,http://dizionario.internazionale.it/parola/basket
740,Fondamentale,basso,,"agg., s.m., avv.",,,,,,,,http://dizionario.internazionale.it/parola/basso
741,Alto Uso,bastardo,,"agg., s.m.",,,,,,,,http://dizionario.internazionale.it/parola/bastardo
742,Fondamentale,bastare,,v.intr.,,,,,,Essere,a,http://dizionario.internazionale.it/parola/bastare
743,Alta Disponibilità,bastonare,,v.tr.,,,,,,,,http://dizionario.internazionale.it/parola/bastonare
744,Alto Uso,bastone,,s.m.,,,,,,,,http://dizionario.internazionale.it/parola/bastone
745,Fondamentale,battaglia,,s.f.,,,,,,,,http://dizionario.internazionale.it/parola/battaglia
746,Alta Disponibilità,battello,,s.m.,,,,,,,,http://dizionario.internazionale.it/parola/battello
747,Fondamentale,battere,,"v.tr. e intr., s.m.",,,,,,,,http://dizionario.internazionale.it/parola/battere
748,Alto Uso,batteria,,s.f.,,,,,,,,http://dizionario.internazionale.it/parola/batteria
749,Alto Uso,batterio,,s.m.,,,,,,,,http://dizionario.internazionale.it/parola/batterio
750,Alta Disponibilità,batticuore,,s.m.,,,,,,,,http://dizionario.internazionale.it/parola/batticuore
751,Alta Disponibilità,battipanni,,s.m.inv.,,,,,,,,http://dizionario.internazionale.it/parola/battipanni
752,Alta Disponibilità,battito,,s.m.,,,,,,,,http://dizionario.internazionale.it/parola/battito
753,Fondamentale,battuta,,s.f.,,,,,,,,http://dizionario.internazionale.it/parola/battuta
754,Alta Disponibilità,batuffolo,,s.m.,,,,,,,,http://dizionario.internazionale.it/parola/batuffolo
755,Alta Disponibilità,baule,,s.m.,,,,,,,,http://dizionario.internazionale.it/parola/baule
756,Alta Disponibilità,bava,,s.f.,,,,,,,,http://dizionario.internazionale.it/parola/bava
757,Alta Disponibilità,bavaglio,,s.m.,,,,,,,,http://dizionario.internazionale.it/parola/bavaglio
758,Alto Uso,beato,,"p.pass., agg., s.m.",,,,,,,,http://dizionario.internazionale.it/parola/beato
759,Alto Uso,beccare,,"v.tr., v.intr.",,,,,,,,http://dizionario.internazionale.it/parola/beccare
760,Alta Disponibilità,befana,,s.f.,,,,,,,,http://dizionario.internazionale.it/parola/befana
761,Alta Disponibilità,beffa,,s.f.,,,,,,,,http://dizionario.internazionale.it/parola/beffa
762,Fondamentale,beh,,inter.,,,,,,,,http://dizionario.internazionale.it/parola/beh
763,Alta Disponibilità,belare,,v.intr.,,,,,,,,http://dizionario.internazionale.it/parola/belare
764,Alta Disponibilità,belga,,"agg., s.m. e f.",,,Demonym,,,,,http://dizionario.internazionale.it/parola/belga
765,Alto Uso,bella,,s.f.,,,,,,,,http://dizionario.internazionale.it/parola/bella
766,Fondamentale,bellezza,,s.f.,,bello,,,,,,http://dizionario.internazionale.it/parola/bellezza
767,Fondamentale,bello,,"agg., s.m.",,,,,,,,http://dizionario.internazionale.it/parola/bello
768,Alto Uso,benché,,cong.,,,,,,,,http://dizionario.internazionale.it/parola/benche
769,Alta Disponibilità,benda,,s.f.,,,,,,,,http://dizionario.internazionale.it/parola/benda
770,Fondamentale,bene,1,"avv., inter.",,,,,,,,http://dizionario.internazionale.it/parola/bene
771,Fondamentale,bene,2,s.m.,,,,,,,,http://dizionario.internazionale.it/parola/bene_2
772,Alto Uso,benedetto,,"p.pass., agg., s.m.",,benedire,,,,,,http://dizionario.internazionale.it/parola/benedetto
773,Alta Disponibilità,beneficenza,,s.f.,,,,,,,,http://dizionario.internazionale.it/parola/beneficenza
774,Alto Uso,beneficio,,s.m.,,,,,,,,http://dizionario.internazionale.it/parola/beneficio
775,Alto Uso,benessere,,s.m.,,,,,,,,http://dizionario.internazionale.it/parola/benessere
776,Alta Disponibilità,benestante,,"agg., s.m. e f.",,,,,,,,http://dizionario.internazionale.it/parola/benestante
777,Alto Uso,bensì,,"cong., avv.",,,,,,,,http://dizionario.internazionale.it/parola/bensi
778,Alto Uso,benvenuto,,"agg., s.m.inv., s.m.",,,,,,,,http://dizionario.internazionale.it/parola/benvenuto
779,Alto Uso,benzina,,s.f.,,,,,,,,http://dizionario.internazionale.it/parola/benzina
780,Alta Disponibilità,benzinaio,,s.m.,,,,,,,,http://dizionario.internazionale.it/parola/benzinaio
781,Fondamentale,bere,,"v.tr., s.m.",,,,,,,,http://dizionario.internazionale.it/parola/bere
782,Alta Disponibilità,berlinese,,"agg., s.m. e f.",,,Demonym,,,,,http://dizionario.internazionale.it/parola/berlinese
783,Alta Disponibilità,berretto,,s.m.,,,,,,,,http://dizionario.internazionale.it/parola/berretto
784,Alto Uso,bersaglio,,s.m.,,,,,,,,http://dizionario.internazionale.it/parola/bersaglio
785,Alta Disponibilità,besciamella,,s.f.,,,,,,,,http://dizionario.internazionale.it/parola/besciamella
786,Alta Disponibilità,bestemmia,,s.f.,,,,,,,,http://dizionario.internazionale.it/parola/bestemmia
787,Alto Uso,bestia,,s.f.,,,,,,,,http://dizionario.internazionale.it/parola/bestia
788,Alta Disponibilità,bestiale,,agg.,,,,,,,,http://dizionario.internazionale.it/parola/bestiale
789,Alto Uso,bevanda,,s.f.,,,,,,,,http://dizionario.internazionale.it/parola/bevanda
790,Alta Disponibilità,bevitore,,s.m.,,,,,,,,http://dizionario.internazionale.it/parola/bevitore
791,Alta Disponibilità,bevuta,1,s.f.,,,,,,,,http://dizionario.internazionale.it/parola/bevuta
792,Alta Disponibilità,bi,,s.f. e m.inv.,,,Letters of the Alphabet,,,,,http://dizionario.internazionale.it/parola/bi
793,Fondamentale,bianco,,"agg., s.m.",,,Colors,,,,,http://dizionario.internazionale.it/parola/bianco
794,Alto Uso,bibbia,,s.f.,,,,,,,,http://dizionario.internazionale.it/parola/bibbia
795,Alta Disponibilità,bibita,,s.f.,,,,,,,,http://dizionario.internazionale.it/parola/bibita
796,Alto Uso,biblico,,"agg., s.m.",,,,,,,,http://dizionario.internazionale.it/parola/biblico
797,Alto Uso,bibliografia,,s.f.,,,,,,,,http://dizionario.internazionale.it/parola/bibliografia
798,Alto Uso,biblioteca,,s.f.,,,,,,,,http://dizionario.internazionale.it/parola/biblioteca
799,Fondamentale,bicchiere,,s.m.,,,,,,,,http://dizionario.internazionale.it/parola/bicchiere
800,Alto Uso,bici,,s.f.inv.,,,,,,,,http://dizionario.internazionale.it/parola/bici
801,Alto Uso,bicicletta,,s.f.,,,,,,,,http://dizionario.internazionale.it/parola/bicicletta
802,Alta Disponibilità,bidè,,s.m.inv.,,,,,,,,http://dizionario.internazionale.it/parola/bidè
803,Alta Disponibilità,bidello,,s.m.,,,,,,,,http://dizionario.internazionale.it/parola/bidello
804,Alta Disponibilità,biglia,,s.f.,,,,,,,,http://dizionario.internazionale.it/parola/biglia
805,Alta Disponibilità,biglietteria,,s.f.,,,,,,,,http://dizionario.internazionale.it/parola/biglietteria
806,Fondamentale,biglietto,,s.m.,,,,,,,,http://dizionario.internazionale.it/parola/biglietto
807,Alta Disponibilità,bikini,,s.m.inv.,,,,,,,,http://dizionario.internazionale.it/parola/bikini
808,Alto Uso,bilancia,,"s.f., s.f.inv.",,,,,,,,http://dizionario.internazionale.it/parola/bilancia
809,Alto Uso,bilancio,,s.m.,,,,,,,,http://dizionario.internazionale.it/parola/bilancio
810,Alta Disponibilità,biliardo,,s.m.,,,,,,,,http://dizionario.internazionale.it/parola/biliardo
811,Alto Uso,bimba,,s.f.,,,,,,,,http://dizionario.internazionale.it/parola/bimba
812,Alto Uso,bimbo,,s.m.,,,,,,,,http://dizionario.internazionale.it/parola/bimbo
813,Alta Disponibilità,binario,1,s.m.,,,,,,,,http://dizionario.internazionale.it/parola/binario
814,Alto Uso,biografia,,s.f.,,,,,,,,http://dizionario.internazionale.it/parola/biografia
815,Alto Uso,biologia,,s.f.,,,,,,,,http://dizionario.internazionale.it/parola/biologia
816,Alto Uso,biologico,,"agg., s.m.",,,,,,,,http://dizionario.internazionale.it/parola/biologico
817,Alto Uso,bionda,1,s.f.,,,,,,,,http://dizionario.internazionale.it/parola/bionda
818,Alto Uso,biondo,,"agg., s.m.",,,,,,,,http://dizionario.internazionale.it/parola/biondo
819,Alta Disponibilità,birichino,,"s.m., agg.",,,,,,,,http://dizionario.internazionale.it/parola/birichino
820,Alta Disponibilità,birillo,,s.m.,,,,,,,,http://dizionario.internazionale.it/parola/birillo
821,Alto Uso,birra,,s.f.,,,,,,,,http://dizionario.internazionale.it/parola/birra
822,Alta Disponibilità,bisbigliare,,v.intr. e tr.,,,,,,,,http://dizionario.internazionale.it/parola/bisbigliare
823,Alta Disponibilità,biscia,,s.f.,,,,,,,,http://dizionario.internazionale.it/parola/biscia
824,Alto Uso,biscotto,,"agg., s.m.",,,,,,,,http://dizionario.internazionale.it/parola/biscotto
825,Alta Disponibilità,bisnonno,,s.m.,,,Family,,,,,http://dizionario.internazionale.it/parola/bisnonno
826,Fondamentale,bisognare,,v.intr.,,,,,,,,http://dizionario.internazionale.it/parola/bisognare
827,Fondamentale,bisogno,,s.m.,,,,,,,,http://dizionario.internazionale.it/parola/bisogno
828,Alta Disponibilità,bistecca,,s.f.,,,,,,,,http://dizionario.internazionale.it/parola/bistecca
829,Alta Disponibilità,bistecchiera,,s.f.,,,,,,,,http://dizionario.internazionale.it/parola/bistecchiera
830,Alta Disponibilità,bisticciare,,v.intr.,,,,,,,,http://dizionario.internazionale.it/parola/bisticciare
831,Alto Uso,bit,,s.m.inv.,,,,,,,,http://dizionario.internazionale.it/parola/bit
832,Alto Uso,bizzarro,,agg.,,,,,,,,http://dizionario.internazionale.it/parola/bizzarro
833,Fondamentale,bloccare,,v.tr.,,,,,,,,http://dizionario.internazionale.it/parola/bloccare
834,Alto Uso,blocco,1,s.m.,,,,,,,,http://dizionario.internazionale.it/parola/blocco
835,Alto Uso,blocco,2,s.m.,,,,,,,,http://dizionario.internazionale.it/parola/blocco_2
836,Fondamentale,blog,,s.m.inv.,,,,,,,,http://dizionario.internazionale.it/parola/blog
837,Fondamentale,blu,,"agg.inv., s.m.inv.",,,Colors,,,,,http://dizionario.internazionale.it/parola/blu
838,Fondamentale,bocca,,s.f.,,,,,,,,http://dizionario.internazionale.it/parola/bocca
839,Alta Disponibilità,bocchino,1,s.m.,,,,,,,,http://dizionario.internazionale.it/parola/bocchino
840,Alta Disponibilità,boccia,,s.f.,,,,,,,,http://dizionario.internazionale.it/parola/boccia
841,Alto Uso,bocciare,,v.tr. e intr.,,,,,,,,http://dizionario.internazionale.it/parola/bocciare
842,Alta Disponibilità,bocciatura,,s.f.,,,,,,,,http://dizionario.internazionale.it/parola/bocciatura
843,Alta Disponibilità,bocciolo,,s.m.,,,,,,,,http://dizionario.internazionale.it/parola/bocciolo
844,Alta Disponibilità,boccone,,s.m.,,,,,,,,http://dizionario.internazionale.it/parola/boccone
845,Alto Uso,boh,,inter.,,,,,,,,http://dizionario.internazionale.it/parola/boh
846,Alta Disponibilità,boia,,"s.m.inv., agg.inv.",,,,,,,,http://dizionario.internazionale.it/parola/boia
847,Alto Uso,bolla,1,s.f.,,,,,,,,http://dizionario.internazionale.it/parola/bolla
848,Alto Uso,bolletta,1,s.f.,,,,,,,,http://dizionario.internazionale.it/parola/bolletta
849,Alta Disponibilità,bollito,,"p.pass., agg., s.m.",,bollire,,,,,,http://dizionario.internazionale.it/parola/bollito
850,Alta Disponibilità,bollitore,,s.m.,,,,,,,,http://dizionario.internazionale.it/parola/bollitore
851,Alta Disponibilità,bollo,1,s.m.,,,,,,,,http://dizionario.internazionale.it/parola/bollo
852,Alta Disponibilità,bolognese,,"agg., s.m. e f.",,,Demonym,,,,,http://dizionario.internazionale.it/parola/bolognese
853,Alta Disponibilità,bolzanino,,"agg., s.m.",,,Demonym,,,,,http://dizionario.internazionale.it/parola/bolzanino
854,Alto Uso,bomba,1,s.f.,,,,,,,,http://dizionario.internazionale.it/parola/bomba
855,Alto Uso,bombardare,,v.tr.,,,,,,,,http://dizionario.internazionale.it/parola/bombardare
856,Alta Disponibilità,bombola,,s.f.,,,,,,,,http://dizionario.internazionale.it/parola/bombola
857,Alta Disponibilità,bomboniera,,s.f.,,,,,,,,http://dizionario.internazionale.it/parola/bomboniera
858,Alto Uso,bontà,,s.f.inv.,,,,,,,,http://dizionario.internazionale.it/parola/bonta
859,Fondamentale,bordo,,s.m.,,,,,,,,http://dizionario.internazionale.it/parola/bordo
860,Alta Disponibilità,borgata,,s.f.,,,,,,,,http://dizionario.internazionale.it/parola/borgata
861,Alto Uso,borghese,1,"agg., s.m. e f.",,,,,,,,http://dizionario.internazionale.it/parola/borghese
862,Alta Disponibilità,borghesia,,s.f.,,,,,,,,http://dizionario.internazionale.it/parola/borghesia
863,Alto Uso,borgo,,s.m.,,,,,,,,http://dizionario.internazionale.it/parola/borgo
864,Alta Disponibilità,borotalco,,s.m.,,,,,,,,http://dizionario.internazionale.it/parola/borotalco
865,Fondamentale,borsa,1,s.f.,,,,,,,,http://dizionario.internazionale.it/parola/borsa
866,Alto Uso,borsa,2,s.f.,,,,,,,,http://dizionario.internazionale.it/parola/borsa_2
867,Alta Disponibilità,borsetta,,s.f.,,,,,,,,http://dizionario.internazionale.it/parola/borsetta
868,Fondamentale,bosco,,s.m.,,,,,,,,http://dizionario.internazionale.it/parola/bosco
869,Alta Disponibilità,bosniaco,,"agg., s.m.",,,Demonym,,,,,http://dizionario.internazionale.it/parola/bosniaco
870,Alto Uso,boss,,s.m.inv.,,,,,,,,http://dizionario.internazionale.it/parola/boss
871,Alta Disponibilità,bossolo,1,s.m.,,,,,,,,http://dizionario.internazionale.it/parola/bossolo
872,Alta Disponibilità,botanica,1,s.f.,,,,,,,,http://dizionario.internazionale.it/parola/botanica
873,Alto Uso,botta,1,s.f.,,,,,,,,http://dizionario.internazionale.it/parola/botta
874,Alta Disponibilità,botte,,s.f.,,,,,,,,http://dizionario.internazionale.it/parola/botte
875,Alto Uso,bottega,,s.f.,,,,,,,,http://dizionario.internazionale.it/parola/bottega
876,Alta Disponibilità,bottegaio,,"s.m., agg.",,,,,,,,http://dizionario.internazionale.it/parola/bottegaio
877,Fondamentale,bottiglia,,s.f.,,,,,,,,http://dizionario.internazionale.it/parola/bottiglia
878,Alta Disponibilità,botto,1,s.m.,,,,,,,,http://dizionario.internazionale.it/parola/botto
879,Alto Uso,bottone,,s.m.,,,,,,,,http://dizionario.internazionale.it/parola/bottone
880,Alta Disponibilità,bovino,,"agg., s.m.",,,,,,,,http://dizionario.internazionale.it/parola/bovino
881,Alto Uso,box,,s.m.inv.,,,,,,,,http://dizionario.internazionale.it/parola/box
882,Alta Disponibilità,boxer,1,s.m.inv.,,,,,,,,http://dizionario.internazionale.it/parola/boxer
883,Alta Disponibilità,braccialetto,,s.m.,,,,,,,,http://dizionario.internazionale.it/parola/braccialetto
884,Alta Disponibilità,bracciante,,s.m. e f.,,,,,,,,http://dizionario.internazionale.it/parola/bracciante
885,Fondamentale,braccio,,s.m.,,,,Irregular Plural,,,,http://dizionario.internazionale.it/parola/braccio
886,Alto Uso,branco,,s.m.,,,,,,,,http://dizionario.internazionale.it/parola/branco
887,Alto Uso,brand,,s.m.inv.,,,,,,,,http://dizionario.internazionale.it/parola/brand
888,Alta Disponibilità,brandello,,s.m.,,,,,,,,http://dizionario.internazionale.it/parola/brandello
889,Fondamentale,brano,,s.m.,,,,,,,,http://dizionario.internazionale.it/parola/brano
890,Alto Uso,brasiliano,,"agg., s.m.",,,Demonym,,,,,http://dizionario.internazionale.it/parola/brasiliano
891,Fondamentale,bravo,,"agg., s.m., inter.",,,,,,,,http://dizionario.internazionale.it/parola/bravo
892,Alta Disponibilità,bresaola,,s.f.,,,,,,,,http://dizionario.internazionale.it/parola/bresaola
893,Alta Disponibilità,bretella,,s.f.,,,,,,,,http://dizionario.internazionale.it/parola/bretella
894,Fondamentale,breve,1,"agg., avv., s.f.",,,,,,,,http://dizionario.internazionale.it/parola/breve
895,Alta Disponibilità,briciola,,s.f.,,,,,,,,http://dizionario.internazionale.it/parola/briciola
896,Alta Disponibilità,brigantaggio,,s.m.,,,,,,,,http://dizionario.internazionale.it/parola/brigantaggio
897,Alta Disponibilità,brigante,1,s.m.,,,,,,,,http://dizionario.internazionale.it/parola/brigante
898,Alto Uso,brillante,,"p.pres., agg., s.m.",,brillare,,,,,,http://dizionario.internazionale.it/parola/brillante
899,Alta Disponibilità,brillantina,,s.f.,,,,,,,,http://dizionario.internazionale.it/parola/brillantina
900,Alto Uso,brillare,1,"v.intr., v.tr.",,,,,,,,http://dizionario.internazionale.it/parola/brillare
901,Alta Disponibilità,brina,,s.f.,,,,,,,,http://dizionario.internazionale.it/parola/brina
902,Alta Disponibilità,brioche,,s.f.inv.,,,,,,,,http://dizionario.internazionale.it/parola/brioche
903,Alto Uso,britannico,,"agg., s.m.",,,Demonym,,,,,http://dizionario.internazionale.it/parola/britannico
904,Alto Uso,brivido,,s.m.,,,,,,,,http://dizionario.internazionale.it/parola/brivido
905,Alta Disponibilità,brocca,1,s.f.,,,,,,,,http://dizionario.internazionale.it/parola/brocca
906,Alto Uso,brogliaccio,,s.m.,,,,,,,,http://dizionario.internazionale.it/parola/brogliaccio
907,Alta Disponibilità,bronchite,,s.f.,,,,,,,,http://dizionario.internazionale.it/parola/bronchite
908,Alta Disponibilità,brontolare,,v.intr. e tr.,,,,,,,,http://dizionario.internazionale.it/parola/brontolare
909,Alto Uso,bronzo,,s.m.,,,,,,,,http://dizionario.internazionale.it/parola/bronzo
910,Fondamentale,bruciare,,v.tr. e intr.,,,,,,,,http://dizionario.internazionale.it/parola/bruciare
911,Alto Uso,bruciato,,"p.pass., agg., s.m.",,bruciare,,,,,,http://dizionario.internazionale.it/parola/bruciato
912,Alta Disponibilità,bruciatura,,s.f.,,,,,,,,http://dizionario.internazionale.it/parola/bruciatura
913,Alta Disponibilità,bruco,,"s.m., agg.",,,,,,,,http://dizionario.internazionale.it/parola/bruco
914,Alta Disponibilità,bruschetta,1,s.f.,,,,,,,,http://dizionario.internazionale.it/parola/bruschetta
915,Alta Disponibilità,brutale,,agg.,,,,,,,,http://dizionario.internazionale.it/parola/brutale
916,Fondamentale,brutto,,"agg., s.m., avv.",,,,,,,,http://dizionario.internazionale.it/parola/brutto
917,Alto Uso,buca,,s.f.,,,,,,,,http://dizionario.internazionale.it/parola/buca
918,Alto Uso,bucare,,"v.tr., v.intr.",,,,,,,,http://dizionario.internazionale.it/parola/bucare
919,Alta Disponibilità,bucato,1,s.m.,,,,,,,,http://dizionario.internazionale.it/parola/bucato
920,Alta Disponibilità,buccia,,s.f.,,,,,,,,http://dizionario.internazionale.it/parola/buccia
921,Fondamentale,buco,1,s.m.,,,,,,,,http://dizionario.internazionale.it/parola/buco
922,Alta Disponibilità,budino,,s.m.,,,,,,,,http://dizionario.internazionale.it/parola/budino
923,Alta Disponibilità,bufala,,s.f.,,,,,,,,http://dizionario.internazionale.it/parola/bufala
924,Alta Disponibilità,bufalo,,s.m.,,,,,,,,http://dizionario.internazionale.it/parola/bufalo
925,Alta Disponibilità,bufera,,s.f.,,,,,,,,http://dizionario.internazionale.it/parola/bufera
926,Alta Disponibilità,buffet,,s.m.inv.,,,,,,,,http://dizionario.internazionale.it/parola/buffet
927,Alto Uso,buffo,1,"agg., s.m.",,,,,,,,http://dizionario.internazionale.it/parola/buffo
928,Alto Uso,bugia,1,s.f.,,,,,,,,http://dizionario.internazionale.it/parola/bugia
929,Alto Uso,bugiardo,,"agg., s.m.",,,,,,,,http://dizionario.internazionale.it/parola/bugiardo
930,Fondamentale,buio,,"agg., s.m.",,,,,,,,http://dizionario.internazionale.it/parola/buio
931,Alta Disponibilità,bulgaro,,"agg., s.m.",,,Demonym,,,,,http://dizionario.internazionale.it/parola/bulgaro
932,Alta Disponibilità,buonafede,,s.f.,,,,,,,,http://dizionario.internazionale.it/parola/buonafede
933,Alto Uso,buonasera,,inter.,,,,,,,,http://dizionario.internazionale.it/parola/buonasera
934,Fondamentale,buongiorno,,inter.,,,,,,,,http://dizionario.internazionale.it/parola/buongiorno
935,Alta Disponibilità,buongusto,,s.m.,,,,,,,,http://dizionario.internazionale.it/parola/buongusto
936,Fondamentale,buono,1,"agg., s.m., avv.",,,,,,,,http://dizionario.internazionale.it/parola/buono
937,Alta Disponibilità,buonuomo,,s.m.,,,,,,,,http://dizionario.internazionale.it/parola/buonuomo
938,Alta Disponibilità,burattino,1,s.m.,,,,,,,,http://dizionario.internazionale.it/parola/burattino
939,Alta Disponibilità,burocrazia,,s.f.,,,,,,,,http://dizionario.internazionale.it/parola/burocrazia
940,Alta Disponibilità,burrasca,,s.f.,,,,,,,,http://dizionario.internazionale.it/parola/burrasca
941,Alto Uso,burro,,s.m.,,,,,,,,http://dizionario.internazionale.it/parola/burro
942,Alta Disponibilità,burrone,,s.m.,,,,,,,,http://dizionario.internazionale.it/parola/burrone
943,Alto Uso,business,1,"s.m.inv., agg.inv.",,,,,,,,http://dizionario.internazionale.it/parola/business
944,Alto Uso,bussare,,"v.intr., v.tr.",,,,,,,,http://dizionario.internazionale.it/parola/bussare
945,Alta Disponibilità,bussola,1,s.f.,,,,,,,,http://dizionario.internazionale.it/parola/bussola
946,Alto Uso,busta,,s.f.,,,,,,,,http://dizionario.internazionale.it/parola/busta
947,Alta Disponibilità,bustina,,s.f.,,,,,,,,http://dizionario.internazionale.it/parola/bustina
948,Alta Disponibilità,busto,,s.m.,,,,,,,,http://dizionario.internazionale.it/parola/busto
949,Fondamentale,buttare,,v.tr. e intr.,,,,,,,,http://dizionario.internazionale.it/parola/buttare
950,Alto Uso,cabina,,s.f.,,,,,,,,http://dizionario.internazionale.it/parola/cabina
951,Alta Disponibilità,cacao,,s.m.inv.,,,,,,,,http://dizionario.internazionale.it/parola/cacao
952,Alto Uso,cacca,,s.f.,,,,,,,,http://dizionario.internazionale.it/parola/cacca
953,Fondamentale,caccia,1,s.f.,,,,,,,,http://dizionario.internazionale.it/parola/caccia
954,Fondamentale,cacciare,,v.tr.,,,,,,,,http://dizionario.internazionale.it/parola/cacciare
955,Alto Uso,cacciatore,,s.m.,,,,,,,,http://dizionario.internazionale.it/parola/cacciatore
956,Alta Disponibilità,cacciavite,,s.m.inv.,,,,,,,,http://dizionario.internazionale.it/parola/cacciavite
957,Fondamentale,cadavere,,s.m.,,,,,,,,http://dizionario.internazionale.it/parola/cadavere
958,Fondamentale,cadere,,"v.intr., s.m.",,cadere,,,,Essere,,http://dizionario.internazionale.it/parola/cadere
959,Alto Uso,caduta,,s.f.,,,,,,,,http://dizionario.internazionale.it/parola/caduta
960,Fondamentale,caffè,,"s.m.inv., agg.inv.",,,,,,,,http://dizionario.internazionale.it/parola/caffè
961,Alta Disponibilità,caffellatte,,"s.m.inv., agg.inv.",,,,,,,,http://dizionario.internazionale.it/parola/caffellatte
962,Alta Disponibilità,caffettiera,,s.f.,,,,,,,,http://dizionario.internazionale.it/parola/caffettiera
963,Alto Uso,cagare,,v.intr. e tr.,,,,,,,,http://dizionario.internazionale.it/parola/cagare
964,Alta Disponibilità,cagliaritano,,"agg., s.m.",,,Demonym,,,,,http://dizionario.internazionale.it/parola/cagliaritano
965,Alta Disponibilità,calabrese,,"agg., s.m. e f.",,,Demonym,,,,,http://dizionario.internazionale.it/parola/calabrese
966,Alta Disponibilità,calabrone,,s.m.,,,,,,,,http://dizionario.internazionale.it/parola/calabrone
967,Alta Disponibilità,calamaro,1,s.m.,,,,,,,,http://dizionario.internazionale.it/parola/calamaro
968,Alta Disponibilità,calamita,,s.f.,,,,,,,,http://dizionario.internazionale.it/parola/calamita
969,Alto Uso,calare,,v.intr. e tr.,,,,,,,,http://dizionario.internazionale.it/parola/calare
970,Alta Disponibilità,calcagno,,s.m.,,,,,,,,http://dizionario.internazionale.it/parola/calcagno
971,Alta Disponibilità,calciare,,v.intr. e tr.,,,,,,,,http://dizionario.internazionale.it/parola/calciare
972,Alto Uso,calciatore,,s.m.,,,,,,,,http://dizionario.internazionale.it/parola/calciatore
973,Alta Disponibilità,calcinaccio,,s.m.,,,,,,,,http://dizionario.internazionale.it/parola/calcinaccio
974,Fondamentale,calcio,1,s.m.,,,,,,,,http://dizionario.internazionale.it/parola/calcio
975,Alto Uso,calcolare,,v.tr.,,,,,,,,http://dizionario.internazionale.it/parola/calcolare
976,Alta Disponibilità,calcolatore,,"agg., s.m.",,,,,,,,http://dizionario.internazionale.it/parola/calcolatore
977,Alta Disponibilità,calcolatrice,,s.f.,,,,,,,,http://dizionario.internazionale.it/parola/calcolatrice
978,Alto Uso,calcolo,1,s.m.,,,,,,,,http://dizionario.internazionale.it/parola/calcolo
979,Fondamentale,caldo,,"agg., s.m., avv.",,,,,,,,http://dizionario.internazionale.it/parola/caldo
980,Alto Uso,calendario,,s.m.,,,,,,,,http://dizionario.internazionale.it/parola/calendario
981,Alta Disponibilità,calligrafia,,s.f.,,,,,,,,http://dizionario.internazionale.it/parola/calligrafia
982,Alta Disponibilità,callo,,s.m.,,,,,,,,http://dizionario.internazionale.it/parola/callo
983,Alto Uso,calma,,s.f.,,,,,,,,http://dizionario.internazionale.it/parola/calma
984,Alto Uso,calmare,,"v.tr., v.intr.",,,,,,,,http://dizionario.internazionale.it/parola/calmare
985,Alto Uso,calmo,2,agg.,,,,,,,,http://dizionario.internazionale.it/parola/calmo_2
986,Alto Uso,calo,,s.m.,,,,,,,,http://dizionario.internazionale.it/parola/calo
987,Fondamentale,calore,,s.m.,,,,,,,,http://dizionario.internazionale.it/parola/calore
988,Alta Disponibilità,calpestare,,v.tr.,,,,,,,,http://dizionario.internazionale.it/parola/calpestare
989,Alta Disponibilità,calunnia,,s.f.,,,,,,,,http://dizionario.internazionale.it/parola/calunnia
990,Alta Disponibilità,calvario,,s.m.,,,,,,,,http://dizionario.internazionale.it/parola/calvario
991,Alto Uso,calza,,s.f.,,,,,,,,http://dizionario.internazionale.it/parola/calza
992,Alta Disponibilità,calzare,2,v.tr. e intr.,,,,,,,,http://dizionario.internazionale.it/parola/calzare_2
993,Alta Disponibilità,calzatura,,s.f.,,,,,,,,http://dizionario.internazionale.it/parola/calzatura
994,Alta Disponibilità,calzino,,s.m.,,,,,,,,http://dizionario.internazionale.it/parola/calzino
995,Alta Disponibilità,calzolaio,,s.m.,,,,,,,,http://dizionario.internazionale.it/parola/calzolaio
996,Alta Disponibilità,calzoleria,,s.f.,,,,,,,,http://dizionario.internazionale.it/parola/calzoleria
997,Alta Disponibilità,calzone,,s.m.,,,,,,,,http://dizionario.internazionale.it/parola/calzone
998,Fondamentale,cambiamento,,s.m.,,,,,,,,http://dizionario.internazionale.it/parola/cambiamento
999,Fondamentale,cambiare,,v.tr. e intr.,,,,,,,,http://dizionario.internazionale.it/parola/cambiare
1000,Fondamentale,cambio,,s.m.,,,,,,,,http://dizionario.internazionale.it/parola/cambio
1001,Fondamentale,camera,1,s.f.,,,,,,,,http://dizionario.internazionale.it/parola/camera
1002,Alta Disponibilità,camerata,1,s.m. e f.,,,,,,,,http://dizionario.internazionale.it/parola/camerata
1003,Alto Uso,cameriere,,s.m.,,,,,,,,http://dizionario.internazionale.it/parola/cameriere
1004,Alta Disponibilità,camicetta,,s.f.,,,,,,,,http://dizionario.internazionale.it/parola/camicetta
1005,Alto Uso,camicia,,s.f.,,,,,,,,http://dizionario.internazionale.it/parola/camicia
1006,Alta Disponibilità,caminetto,,s.m.,,,,,,,,http://dizionario.internazionale.it/parola/caminetto
1007,Fondamentale,camion,,s.m.inv.,,,,,,,,http://dizionario.internazionale.it/parola/camion
1008,Alta Disponibilità,camionista,,s.m. e f.,,,,,,,,http://dizionario.internazionale.it/parola/camionista
1009,Alta Disponibilità,cammello,,"s.m., s.m.inv., agg.inv.",,,,,,,,http://dizionario.internazionale.it/parola/cammello
1010,Fondamentale,camminare,,"v.intr., v.tr.",,,,,,,,http://dizionario.internazionale.it/parola/camminare
1011,Alta Disponibilità,camminata,1,s.f.,,,,,,,,http://dizionario.internazionale.it/parola/camminata
1012,Alto Uso,cammino,1,s.m.,,,,,,,,http://dizionario.internazionale.it/parola/cammino
1013,Alta Disponibilità,camomilla,,s.f.,,,,,,,,http://dizionario.internazionale.it/parola/camomilla
1014,Alto Uso,camorra,1,s.f.,,,,,,,,http://dizionario.internazionale.it/parola/camorra
1015,Fondamentale,campagna,,s.f.,,,,,,,,http://dizionario.internazionale.it/parola/campagna
1016,Alto Uso,campana,1,s.f.,,,,,,,,http://dizionario.internazionale.it/parola/campana
1017,Alta Disponibilità,campanella,,s.f.,,,,,,,,http://dizionario.internazionale.it/parola/campanella
1018,Alto Uso,campanello,,s.m.,,,,,,,,http://dizionario.internazionale.it/parola/campanello
1019,Alta Disponibilità,campanile,,s.m.,,,,,,,,http://dizionario.internazionale.it/parola/campanile
1020,Alta Disponibilità,campano,1,"agg., s.m.",,,Demonym,,,,,http://dizionario.internazionale.it/parola/campano
1021,Alto Uso,campare,1,"v.intr., v.tr.",,,,,,,,http://dizionario.internazionale.it/parola/campare
1022,Alta Disponibilità,campeggio,1,s.m.,,,,,,,,http://dizionario.internazionale.it/parola/campeggio
1023,Alto Uso,campionato,1,s.m.,,,,,,,,http://dizionario.internazionale.it/parola/campionato
1024,Fondamentale,campione,,s.m.,,,,,,,,http://dizionario.internazionale.it/parola/campione
1025,Fondamentale,campo,,s.m.,,,,,,,,http://dizionario.internazionale.it/parola/campo
1026,Alta Disponibilità,campobassano,,"agg., s.m.",,,Demonym,,,,,http://dizionario.internazionale.it/parola/campobassano
1027,Alta Disponibilità,camposanto,,s.m.,,,,,,,,http://dizionario.internazionale.it/parola/camposanto
1028,Alta Disponibilità,canadese,,"agg., s.f., s.m.",,,,,,,,http://dizionario.internazionale.it/parola/canadese
1029,Alta Disponibilità,canaglia,,s.f.,,,,,,,,http://dizionario.internazionale.it/parola/canaglia
1030,Fondamentale,canale,,s.m.,,,,,,,,http://dizionario.internazionale.it/parola/canale
1031,Alta Disponibilità,canapa,,s.f.,,,,,,,,http://dizionario.internazionale.it/parola/canapa
1032,Alta Disponibilità,canarino,,"s.m., s.m.inv., agg.inv.",,,,,,,,http://dizionario.internazionale.it/parola/canarino
1033,Fondamentale,cancellare,,v.tr.,,,,,,,,http://dizionario.internazionale.it/parola/cancellare
1034,Alta Disponibilità,cancellatura,,s.f.,,,,,,,,http://dizionario.internazionale.it/parola/cancellatura
1035,Alto Uso,cancello,1,s.m.,,,,,,,,http://dizionario.internazionale.it/parola/cancello
1036,Alto Uso,cancro,2,"s.m., s.m.inv.",,,,,,,,http://dizionario.internazionale.it/parola/cancro_2
1037,Alto Uso,candela,,s.f.,,,,,,,,http://dizionario.internazionale.it/parola/candela
1038,Alta Disponibilità,candeliere,,s.m.,,,,,,,,http://dizionario.internazionale.it/parola/candeliere
1039,Alto Uso,candidare,,v.tr.,,,,,,,,http://dizionario.internazionale.it/parola/candidare
1040,Fondamentale,candidato,,"p.pass., agg., s.m.",,candidare,,,,,,http://dizionario.internazionale.it/parola/candidato
1041,Alto Uso,candido,,agg.,,,,,,,,http://dizionario.internazionale.it/parola/candido
1042,Fondamentale,cane,1,s.m.,,,,,,,,http://dizionario.internazionale.it/parola/cane
1043,Alta Disponibilità,canestro,1,s.m.,,,,,,,,http://dizionario.internazionale.it/parola/canestro
1044,Alta Disponibilità,canguro,,s.m.,,,,,,,,http://dizionario.internazionale.it/parola/canguro
1045,Alto Uso,canna,,s.f.,,,,,,,,http://dizionario.internazionale.it/parola/canna
1046,Alta Disponibilità,cannibale,,"agg., s.m. e f.",,,,,,,,http://dizionario.internazionale.it/parola/cannibale
1047,Alta Disponibilità,cannuccia,,s.f.,,,,,,,,http://dizionario.internazionale.it/parola/cannuccia
1048,Alto Uso,canone,,s.m.,,,,,,,,http://dizionario.internazionale.it/parola/canone
1049,Alta Disponibilità,canottiera,2,s.f.,,,,,,,,http://dizionario.internazionale.it/parola/canottiera_2
1050,Alta Disponibilità,canotto,,s.m.,,,,,,,,http://dizionario.internazionale.it/parola/canotto
1051,Alto Uso,cantante,,"p.pres., agg., s.m. e f.",,cantare,,,,,,http://dizionario.internazionale.it/parola/cantante
1052,Fondamentale,cantare,1,v.tr. e intr.,,,,,,,,http://dizionario.internazionale.it/parola/cantare
1053,Alta Disponibilità,cantautore,,s.m.,,,,,,,,http://dizionario.internazionale.it/parola/cantautore
1054,Alto Uso,cantiere,,s.m.,,,,,,,,http://dizionario.internazionale.it/parola/cantiere
1055,Alta Disponibilità,cantilena,,s.f.,,,,,,,,http://dizionario.internazionale.it/parola/cantilena
1056,Alto Uso,cantina,,s.f.,,,,,,,,http://dizionario.internazionale.it/parola/cantina
1057,Fondamentale,canto,1,s.m.,,,,,,,,http://dizionario.internazionale.it/parola/canto
1058,Fondamentale,canzone,,s.f.,,,,,,,,http://dizionario.internazionale.it/parola/canzone
1059,Alto Uso,caos,,s.m.inv.,,,,,,,,http://dizionario.internazionale.it/parola/caos
1060,Fondamentale,capace,,agg.,,,,,,,,http://dizionario.internazionale.it/parola/capace
1061,Fondamentale,capacità,,s.f.inv.,,,,,,,,http://dizionario.internazionale.it/parola/capacita
1062,Alto Uso,capanna,,s.f.,,,,,,,,http://dizionario.internazionale.it/parola/capanna
1063,Alto Uso,capannone,,s.m.,,,,,,,,http://dizionario.internazionale.it/parola/capannone
1064,Alta Disponibilità,caparra,,s.f.,,,,,,,,http://dizionario.internazionale.it/parola/caparra
1065,Fondamentale,capello,,s.m.,,,,,,,,http://dizionario.internazionale.it/parola/capello
1066,Fondamentale,capire,,"v.tr., v.intr.",,,,"finire ""isc"" conjugation",,,di,http://dizionario.internazionale.it/parola/capire
1067,Fondamentale,capitale,,"agg., s.m., s.f.",,,,,,,,http://dizionario.internazionale.it/parola/capitale
1068,Fondamentale,capitano,,s.m.,,,,,,,,http://dizionario.internazionale.it/parola/capitano
1069,Fondamentale,capitare,,"v.intr., v.tr.",,,,,,Essere,,http://dizionario.internazionale.it/parola/capitare
1070,Fondamentale,capitolo,,s.m.,,,,,,,,http://dizionario.internazionale.it/parola/capitolo
1071,Fondamentale,capo,,s.m.,,,,,,,,http://dizionario.internazionale.it/parola/capo
1072,Alta Disponibilità,capodanno,,s.m.,,,,,,,,http://dizionario.internazionale.it/parola/capodanno
1073,Alta Disponibilità,capogiro,,s.m.,,,,,,,,http://dizionario.internazionale.it/parola/capogiro
1074,Alto Uso,capolavoro,,s.m.,,,,,,,,http://dizionario.internazionale.it/parola/capolavoro
1075,Alta Disponibilità,capoluogo,,s.m.,,,,,,,,http://dizionario.internazionale.it/parola/capoluogo
1076,Alto Uso,caporale,,"s.m., s.f., agg.",,,,,,,,http://dizionario.internazionale.it/parola/caporale
1077,Alta Disponibilità,caposquadra,,s.m. e f.,,,,,,,,http://dizionario.internazionale.it/parola/caposquadra
1078,Alta Disponibilità,capotavola,,s.m. e f.,,,,,,,,http://dizionario.internazionale.it/parola/capotavola
1079,Alta Disponibilità,capoufficio,,s.m. e f.,,,,,,,,http://dizionario.internazionale.it/parola/capoufficio
1080,Alta Disponibilità,cappa,1,s.f. e m.,,,,,,,,http://dizionario.internazionale.it/parola/cappa
1081,Alto Uso,cappella,1,s.f.,,,,,,,,http://dizionario.internazionale.it/parola/cappella
1082,Alta Disponibilità,cappelliera,,s.f.,,,,,,,,http://dizionario.internazionale.it/parola/cappelliera
1083,Alto Uso,cappello,,s.m.,,,,,,,,http://dizionario.internazionale.it/parola/cappello
1084,Alta Disponibilità,cappero,,s.m.,,,,,,,,http://dizionario.internazionale.it/parola/cappero
1085,Alta Disponibilità,cappotto,1,s.m.,,,,,,,,http://dizionario.internazionale.it/parola/cappotto
1086,Alta Disponibilità,cappuccino,,"agg., s.m., s.m.inv., agg.inv.",,,,,,,,http://dizionario.internazionale.it/parola/cappuccino
1087,Alta Disponibilità,cappuccio,1,s.m.,,,,,,,,http://dizionario.internazionale.it/parola/cappuccio
1088,Alto Uso,capra,,s.f.,,,,,,,,http://dizionario.internazionale.it/parola/capra
1089,Alto Uso,capriccio,,s.m.,,,,,,,,http://dizionario.internazionale.it/parola/capriccio
1090,Alta Disponibilità,capriola,1,s.f.,,,,,,,,http://dizionario.internazionale.it/parola/capriola
1091,Fondamentale,carabiniere,,s.m.,,,,,,,,http://dizionario.internazionale.it/parola/carabiniere
1092,Alto Uso,caramella,,"s.f., s.m.inv., agg.inv.",,,,,,,,http://dizionario.internazionale.it/parola/caramella
1093,Fondamentale,carattere,,s.m.,,,,,,,,http://dizionario.internazionale.it/parola/carattere
1094,Fondamentale,caratteristica,,s.f.,,,,,,,,http://dizionario.internazionale.it/parola/caratteristica
1095,Alto Uso,caratteristico,,agg.,,,,,,,,http://dizionario.internazionale.it/parola/caratteristico
1096,Fondamentale,caratterizzare,,v.tr.,,,,,,,,http://dizionario.internazionale.it/parola/caratterizzare
1097,Alto Uso,carbone,,s.m.,,,,,,,,http://dizionario.internazionale.it/parola/carbone
1098,Alta Disponibilità,carburante,,"p.pres., agg., s.m.",,carburare,,,,,,http://dizionario.internazionale.it/parola/carburante
1099,Alta Disponibilità,carcassa,,s.f.,,,,,,,,http://dizionario.internazionale.it/parola/carcassa
1100,Alta Disponibilità,carcerato,,"p.pass., agg., s.m.",,carcerare,,,,,,http://dizionario.internazionale.it/parola/carcerato
1101,Fondamentale,carcere,,s.m.,,,,,,,,http://dizionario.internazionale.it/parola/carcere
1102,Alta Disponibilità,carciofino,,s.m.,,,,,,,,http://dizionario.internazionale.it/parola/carciofino
1103,Alta Disponibilità,carciofo,,s.m.,,,,,,,,http://dizionario.internazionale.it/parola/carciofo
1104,Alta Disponibilità,cardellino,,s.m.,,,,,,,,http://dizionario.internazionale.it/parola/cardellino
1105,Alto Uso,cardiaco,,"agg., s.m.",,,,,,,,http://dizionario.internazionale.it/parola/cardiaco
1106,Alta Disponibilità,cardigan,,s.m.inv.,,,,,,,,http://dizionario.internazionale.it/parola/cardigan
1107,Alto Uso,cardinale,1,"agg., s.m., agg.inv.",,,,,,,,http://dizionario.internazionale.it/parola/cardinale
1108,Alto Uso,carenza,,s.f.,,,,,,,,http://dizionario.internazionale.it/parola/carenza
1109,Fondamentale,carica,1,"s.f., loc. di comando",,,,,,,,http://dizionario.internazionale.it/parola/carica
1110,Fondamentale,caricare,,v.tr.,,,,,,,,http://dizionario.internazionale.it/parola/caricare
1111,Fondamentale,carico,1,s.m.,,,,,,,,http://dizionario.internazionale.it/parola/carico
1112,Alto Uso,carico,2,agg.,,,,,,,,http://dizionario.internazionale.it/parola/carico_2
1113,Fondamentale,carino,,agg.,,,,,,,,http://dizionario.internazionale.it/parola/carino
1114,Alto Uso,carità,,s.f.inv.,,,,,,,,http://dizionario.internazionale.it/parola/carita
1115,Alta Disponibilità,carnagione,,s.f.,,,,,,,,http://dizionario.internazionale.it/parola/carnagione
1116,Fondamentale,carne,,s.f.,,,,,,,,http://dizionario.internazionale.it/parola/carne
1117,Alta Disponibilità,carnevale,,s.m.,,,,,,,,http://dizionario.internazionale.it/parola/carnevale
1118,Alta Disponibilità,carnivoro,,"agg., s.m.",,,,,,,,http://dizionario.internazionale.it/parola/carnivoro
1119,Alta Disponibilità,carnoso,,"agg., s.m.",,,,,,,,http://dizionario.internazionale.it/parola/carnoso
1120,Fondamentale,caro,1,"agg., avv., s.m.",,,,,,,,http://dizionario.internazionale.it/parola/caro
1121,Alta Disponibilità,carosello,,s.m.,,,,,,,,http://dizionario.internazionale.it/parola/carosello
1122,Alta Disponibilità,carovana,,s.f.,,,,,,,,http://dizionario.internazionale.it/parola/carovana
1123,Fondamentale,carriera,,s.f.,,,,,,,,http://dizionario.internazionale.it/parola/carriera
1124,Alto Uso,carro,,s.m.,,,,,,,,http://dizionario.internazionale.it/parola/carro
1125,Alta Disponibilità,carrozzeria,,s.f.,,,,,,,,http://dizionario.internazionale.it/parola/carrozzeria
1126,Fondamentale,carta,,s.f.,,,,,,,,http://dizionario.internazionale.it/parola/carta
1127,Alto Uso,cartaceo,,agg.,,,,,,,,http://dizionario.internazionale.it/parola/cartaceo
1128,Alto Uso,cartella,,s.f.,,,,,,,,http://dizionario.internazionale.it/parola/cartella
1129,Alto Uso,cartello,1,s.m.,,,,,,,,http://dizionario.internazionale.it/parola/cartello
1130,Alta Disponibilità,cartoleria,,s.f.,,,,,,,,http://dizionario.internazionale.it/parola/cartoleria
1131,Alto Uso,cartolina,,s.f.,,,,,,,,http://dizionario.internazionale.it/parola/cartolina
1132,Alto Uso,cartone,,s.m.,,,,,,,,http://dizionario.internazionale.it/parola/cartone
1133,Alta Disponibilità,cartuccia,1,s.f.,,,,,,,,http://dizionario.internazionale.it/parola/cartuccia
1134,Fondamentale,casa,,s.f.,,,,,,,,http://dizionario.internazionale.it/parola/casa
1135,Alta Disponibilità,casalinga,,s.f.,,,,,,,,http://dizionario.internazionale.it/parola/casalinga
1136,Alta Disponibilità,casalingo,1,"agg., s.m.",,,,,,,,http://dizionario.internazionale.it/parola/casalingo
1137,Alto Uso,cascare,,v.intr.,,,,,,,,http://dizionario.internazionale.it/parola/cascare
1138,Alta Disponibilità,cascata,,s.f.,,,,,,,,http://dizionario.internazionale.it/parola/cascata
1139,Alta Disponibilità,casco,1,"s.m.,  s.f.inv.",,,,,,,,http://dizionario.internazionale.it/parola/casco
1140,Alto Uso,caserma,,s.f.,,,,,,,,http://dizionario.internazionale.it/parola/caserma
1141,Alto Uso,casetta,,s.f.,,,,,,,,http://dizionario.internazionale.it/parola/casetta
1142,Fondamentale,casino,,s.m.,,,,,,,,http://dizionario.internazionale.it/parola/casino
1143,Fondamentale,caso,,s.m.,,,,,,,,http://dizionario.internazionale.it/parola/caso
1144,Fondamentale,cassa,,s.f.,,,,,,,,http://dizionario.internazionale.it/parola/cassa
1145,Alta Disponibilità,cassaforte,,s.f.,,,,,,,,http://dizionario.internazionale.it/parola/cassaforte
1146,Alta Disponibilità,cassapanca,,s.f.,,,,,,,,http://dizionario.internazionale.it/parola/cassapanca
1147,Alta Disponibilità,casseruola,,s.f.,,,,,,,,http://dizionario.internazionale.it/parola/casseruola
1148,Alto Uso,cassetta,,s.f.,,,,,,,,http://dizionario.internazionale.it/parola/cassetta
1149,Alta Disponibilità,cassettiera,,s.f.,,,,,,,,http://dizionario.internazionale.it/parola/cassettiera
1150,Alto Uso,cassetto,,s.m.,,,,,,,,http://dizionario.internazionale.it/parola/cassetto
1151,Alta Disponibilità,cassiera,,s.f.,,,,,,,,http://dizionario.internazionale.it/parola/cassiera
1152,Alta Disponibilità,castagna,,s.f.,,,,,,,,http://dizionario.internazionale.it/parola/castagna
1153,Alta Disponibilità,castagno,1,s.m.,,,,,,,,http://dizionario.internazionale.it/parola/castagno
1154,Alta Disponibilità,castano,,agg.,,,,,,,,http://dizionario.internazionale.it/parola/castano
1155,Fondamentale,castello,,s.m.,,,,,,,,http://dizionario.internazionale.it/parola/castello
1156,Alta Disponibilità,castoro,1,s.m.,,,,,,,,http://dizionario.internazionale.it/parola/castoro
1157,Alto Uso,casuale,,"agg., s.m. e f.",,,,,,,,http://dizionario.internazionale.it/parola/casuale
1158,Alto Uso,catalogo,,s.m.,,,,,,,,http://dizionario.internazionale.it/parola/catalogo
1159,Alta Disponibilità,catanzarese,,"agg., s.m. e f.",,,Demonym,,,,,http://dizionario.internazionale.it/parola/catanzarese
1160,Alta Disponibilità,catarro,,s.m.,,,,,,,,http://dizionario.internazionale.it/parola/catarro
1161,Alta Disponibilità,catasta,,s.f.,,,,,,,,http://dizionario.internazionale.it/parola/catasta
1162,Alto Uso,catastrofe,,s.f.,,,,,,,,http://dizionario.internazionale.it/parola/catastrofe
1163,Alta Disponibilità,catechismo,,s.m.,,,,,,,,http://dizionario.internazionale.it/parola/catechismo
1164,Fondamentale,categoria,,s.f.,,,,,,,,http://dizionario.internazionale.it/parola/categoria
1165,Fondamentale,catena,,s.f.,,,,,,,,http://dizionario.internazionale.it/parola/catena
1166,Alta Disponibilità,catenaccio,,s.m.,,,,,,,,http://dizionario.internazionale.it/parola/catenaccio
1167,Alta Disponibilità,catino,1,s.m.,,,,,,,,http://dizionario.internazionale.it/parola/catino
1168,Alta Disponibilità,catrame,,s.m.,,,,,,,,http://dizionario.internazionale.it/parola/catrame
1169,Alto Uso,cattedrale,,"agg., s.f.",,,,,,,,http://dizionario.internazionale.it/parola/cattedrale
1170,Fondamentale,cattivo,,"agg., s.m.",,,,,,,,http://dizionario.internazionale.it/parola/cattivo
1171,Fondamentale,cattolico,,"agg., s.m.",,,,,,,,http://dizionario.internazionale.it/parola/cattolico
1172,Alto Uso,catturare,,v.tr.,,,,,,,,http://dizionario.internazionale.it/parola/catturare
1173,Fondamentale,causa,,s.f.,,,,,,,,http://dizionario.internazionale.it/parola/causa
1174,Fondamentale,causare,,v.tr.,,,,,,,,http://dizionario.internazionale.it/parola/causare
1175,Alto Uso,cavalcare,,v.tr. e intr.,,,,,,,,http://dizionario.internazionale.it/parola/cavalcare
1176,Fondamentale,cavaliere,,s.m.,,,,,,,,http://dizionario.internazionale.it/parola/cavaliere
1177,Alta Disponibilità,cavalletta,1,s.f.,,,,,,,,http://dizionario.internazionale.it/parola/cavalletta
1178,Fondamentale,cavallo,,s.m.,,,,,,,,http://dizionario.internazionale.it/parola/cavallo
1179,Alto Uso,cavare,,v.tr.,,,,,,,,http://dizionario.internazionale.it/parola/cavare
1180,Alta Disponibilità,cavatappi,,s.m.inv.,,,,,,,,http://dizionario.internazionale.it/parola/cavatappi
1181,Alta Disponibilità,caverna,,s.f.,,,,,,,,http://dizionario.internazionale.it/parola/caverna
1182,Alto Uso,caviglia,,s.f.,,,,,,,,http://dizionario.internazionale.it/parola/caviglia
1183,Alto Uso,cavità,,s.f.inv.,,,,,,,,http://dizionario.internazionale.it/parola/cavita
1184,Alto Uso,cavo,1,"agg., s.m.",,,,,,,,http://dizionario.internazionale.it/parola/cavo
1185,Alto Uso,cavo,2,s.m.,,,,,,,,http://dizionario.internazionale.it/parola/cavo_2
1186,Alto Uso,cavolo,,s.m.,,,,,,,,http://dizionario.internazionale.it/parola/cavolo
1187,Alto Uso,cazzata,,s.f.,,,,,,,,http://dizionario.internazionale.it/parola/cazzata
1188,Fondamentale,cazzo,,s.m.,,,,,,,,http://dizionario.internazionale.it/parola/cazzo
1189,Fondamentale,ce,1,"pron.pers. di prima pers.pl., avv.",,,Pron. Pers.,,,,,http://dizionario.internazionale.it/parola/ce
1190,Alta Disponibilità,cece,,s.m.,,,,,,,,http://dizionario.internazionale.it/parola/cece
1191,Alta Disponibilità,ceco,1,"agg., s.m.",,,,,,,,http://dizionario.internazionale.it/parola/ceco
1192,Alta Disponibilità,cecoslovacco,,"agg., s.m.",,,Demonym,,,,,http://dizionario.internazionale.it/parola/cecoslovacco
1193,Fondamentale,cedere,,v.intr. e tr.,,,,,,,,http://dizionario.internazionale.it/parola/cedere
1194,Alto Uso,celare,,v.tr.,,,,,,,,http://dizionario.internazionale.it/parola/celare
1195,Alto Uso,celebrare,,v.tr.,,,,,,,,http://dizionario.internazionale.it/parola/celebrare
1196,Alto Uso,celebre,,agg.,,,,,,,,http://dizionario.internazionale.it/parola/celebre
1197,Alto Uso,celeste,1,"agg., s.m.",,,,,,,,http://dizionario.internazionale.it/parola/celeste
1198,Alto Uso,cella,1,s.f.,,,,,,,,http://dizionario.internazionale.it/parola/cella
1199,Fondamentale,cellula,,s.f.,,,,,,,,http://dizionario.internazionale.it/parola/cellula
1200,Fondamentale,cellulare,,"agg., s.m.",,,,,,,,http://dizionario.internazionale.it/parola/cellulare
1201,Alto Uso,cemento,,s.m.,,,,,,,,http://dizionario.internazionale.it/parola/cemento
1202,Fondamentale,cena,,s.f.,,,,,,,,http://dizionario.internazionale.it/parola/cena
1203,Alto Uso,cenare,,"v.intr., v.tr.",,,,,,,,http://dizionario.internazionale.it/parola/cenare
1204,Alto Uso,cenere,,"s.f., s.m.inv., agg.inv.",,,,,,,,http://dizionario.internazionale.it/parola/cenere
1205,Alto Uso,cenno,,s.m.,,,,,,,,http://dizionario.internazionale.it/parola/cenno
1206,Alto Uso,centesimo,,"agg.num.ord., s.m.",,,Numbers,,,,,http://dizionario.internazionale.it/parola/centesimo
1207,Alto Uso,centimetro,,s.m.,,,,,,,,http://dizionario.internazionale.it/parola/centimetro
1208,Fondamentale,centinaio,,s.m.,,,,,,,,http://dizionario.internazionale.it/parola/centinaio
1209,Fondamentale,cento,,"agg.num.card.inv., s.m.inv.",,,Numbers,,,,,http://dizionario.internazionale.it/parola/cento
1210,Fondamentale,centrale,,"agg., s.m. e f.",,,,,,,,http://dizionario.internazionale.it/parola/centrale
1211,Alta Disponibilità,centralino,,s.m.,,,,,,,,http://dizionario.internazionale.it/parola/centralino
1212,Alto Uso,centrare,,v.tr.,,,,,,,,http://dizionario.internazionale.it/parola/centrare
1213,Fondamentale,centro,,s.m.,,,,,,,,http://dizionario.internazionale.it/parola/centro
1214,Alta Disponibilità,centroamericano,,"agg., s.m.",,,Demonym,,,,,http://dizionario.internazionale.it/parola/centroamericano
1215,Alto Uso,ceramica,,s.f.,,,,,,,,http://dizionario.internazionale.it/parola/ceramica
1216,Fondamentale,cercare,,v.tr.,,,,,,,di,http://dizionario.internazionale.it/parola/cercare
1217,Alto Uso,cerchio,,s.m.,,,,,,,,http://dizionario.internazionale.it/parola/cerchio
1218,Alta Disponibilità,cereale,,"s.m., agg.",,,,,,,,http://dizionario.internazionale.it/parola/cereale
1219,Alto Uso,cerebrale,,"agg., s.f.",,,,,,,,http://dizionario.internazionale.it/parola/cerebrale
1220,Alto Uso,cerimonia,,s.f.,,,,,,,,http://dizionario.internazionale.it/parola/cerimonia
1221,Alta Disponibilità,cerino,,s.m.,,,,,,,,http://dizionario.internazionale.it/parola/cerino
1222,Alta Disponibilità,cerniera,,s.f.,,,,,,,,http://dizionario.internazionale.it/parola/cerniera
1223,Alta Disponibilità,cerotto,,s.m.,,,,,,,,http://dizionario.internazionale.it/parola/cerotto
1224,Fondamentale,certamente,,avv.,,certo,,,,,,http://dizionario.internazionale.it/parola/certamente
1225,Fondamentale,certezza,,s.f.,,certo,,,,,,http://dizionario.internazionale.it/parola/certezza
1226,Alto Uso,certificare,,v.tr.,,,,,,,,http://dizionario.internazionale.it/parola/certificare
1227,Alto Uso,certificato,,"p.pass., agg., s.m.",,certificare,,,,,,http://dizionario.internazionale.it/parola/certificato
1228,Fondamentale,certo,,"agg., agg.indef., pron.indef.m., s.m., avv.",,,,,,,,http://dizionario.internazionale.it/parola/certo
1229,Fondamentale,cervello,,s.m.,,,,,,,,http://dizionario.internazionale.it/parola/cervello
1230,Alta Disponibilità,cervo,,s.m.,,,,,,,,http://dizionario.internazionale.it/parola/cervo
1231,Alto Uso,cespuglio,,s.m.,,,,,,,,http://dizionario.internazionale.it/parola/cespuglio
1232,Alto Uso,cessare,,v.intr. e tr.,,,,,,,di,http://dizionario.internazionale.it/parola/cessare
1233,Alto Uso,cesso,1,s.m.,,,,,,,,http://dizionario.internazionale.it/parola/cesso
1234,Alta Disponibilità,cestino,,s.m.,,,,,,,,http://dizionario.internazionale.it/parola/cestino
1235,Alta Disponibilità,cesto,1,s.m.,,,,,,,,http://dizionario.internazionale.it/parola/cesto
1236,Alta Disponibilità,cetriolo,,s.m.,,,,,,,,http://dizionario.internazionale.it/parola/cetriolo
1237,Alto Uso,chat,2,s.f.inv.,,,,,,,,http://dizionario.internazionale.it/parola/chat_2
1238,Fondamentale,che,1,"pron.rel., pron. interr., pron.escl., pron.indef.inv., agg.interr., agg.escl., s.m.inv.",,,Relative Pronouns,,,,,http://dizionario.internazionale.it/parola/che
1239,Alta Disponibilità,chewingum,,s.m.inv.,,,,,,,,http://dizionario.internazionale.it/parola/chewingum
1240,Fondamentale,chi,1,"pron.rel., pron.rel.indef., pron.indef., pron.interr.",,,Relative Pronouns,,,,,http://dizionario.internazionale.it/parola/chi
1241,Alto Uso,chiacchiera,,s.f.,,,,,,,,http://dizionario.internazionale.it/parola/chiacchiera
1242,Alto Uso,chiacchierare,,v.intr.,,,,,,,,http://dizionario.internazionale.it/parola/chiacchierare
1243,Fondamentale,chiamare,,v.tr.,,,,,,,,http://dizionario.internazionale.it/parola/chiamare
1244,Alto Uso,chiamata,,s.f.,,,,,,,,http://dizionario.internazionale.it/parola/chiamata
1245,Fondamentale,chiaramente,,avv.,,chiaro,,,,,,http://dizionario.internazionale.it/parola/chiaramente
1246,Alto Uso,chiarezza,,s.f.,,chiaro,,,,,,http://dizionario.internazionale.it/parola/chiarezza
1247,Fondamentale,chiarire,,"v.tr., v.intr.",,,,"finire ""isc"" conjugation",,,,http://dizionario.internazionale.it/parola/chiarire
1248,Fondamentale,chiaro,,"agg., s.m., avv.",,,,,,,,http://dizionario.internazionale.it/parola/chiaro
1249,Alta Disponibilità,chiasso,1,s.m.,,,,,,,,http://dizionario.internazionale.it/parola/chiasso
1250,Fondamentale,chiave,,s.f.,,,,,,,,http://dizionario.internazionale.it/parola/chiave
1251,Alta Disponibilità,chiazza,,s.f.,,,,,,,,http://dizionario.internazionale.it/parola/chiazza
1252,Fondamentale,chiedere,,v.tr. e intr.,,,,,Irr PP: chiesto,,di,http://dizionario.internazionale.it/parola/chiedere
1253,Fondamentale,chiesa,,s.f.,,,,,,,,http://dizionario.internazionale.it/parola/chiesa
1254,Alto Uso,chilo,1,s.m.,,,,,,,,http://dizionario.internazionale.it/parola/chilo
1255,Alta Disponibilità,chilogrammo,,s.m.,,,,,,,,http://dizionario.internazionale.it/parola/chilogrammo
1256,Fondamentale,chilometro,,s.m.,,,,,,,,http://dizionario.internazionale.it/parola/chilometro
1257,Fondamentale,chimico,,"agg., s.m.",,,,,,,,http://dizionario.internazionale.it/parola/chimico
1258,Alta Disponibilità,china,1,s.f.,,,,,,,,http://dizionario.internazionale.it/parola/china
1259,Alto Uso,chinare,,"v.tr., v.intr.",,,,,,,,http://dizionario.internazionale.it/parola/chinare
1260,Alta Disponibilità,chinotto,,s.m.,,,,,,,,http://dizionario.internazionale.it/parola/chinotto
1261,Alto Uso,chiodo,,s.m.,,,,,,,,http://dizionario.internazionale.it/parola/chiodo
1262,Alto Uso,chiosco,,s.m.,,,,,,,,http://dizionario.internazionale.it/parola/chiosco
1263,Alto Uso,chirurgia,,s.f.,,,,,,,,http://dizionario.internazionale.it/parola/chirurgia
1264,Alto Uso,chirurgico,,"agg., s.m.",,,,,,,,http://dizionario.internazionale.it/parola/chirurgico
1265,Alto Uso,chirurgo,,s.m.,,,,,,,,http://dizionario.internazionale.it/parola/chirurgo
1266,Fondamentale,chissà,,avv.,,,,,,,,http://dizionario.internazionale.it/parola/chissa
1267,Alto Uso,chitarra,,s.f.,,,,,,,,http://dizionario.internazionale.it/parola/chitarra
1268,Fondamentale,chiudere,,v.tr. e intr.,,,,,Irr PP: chiuso,,,http://dizionario.internazionale.it/parola/chiudere
1269,Fondamentale,chiunque,,"pron.indef., pron.rel.indef.",,,,,,,,http://dizionario.internazionale.it/parola/chiunque
1270,Fondamentale,chiuso,,"p.pass., agg., s.m., avv.",,chiudere,,,,,,http://dizionario.internazionale.it/parola/chiuso
1271,Alto Uso,chiusura,,s.f.,,,,,,,,http://dizionario.internazionale.it/parola/chiusura
1272,Fondamentale,ci,1,"pron.pers. di prima pers.pl., pron.dimostr., avv.",Pronoun,,Pron. Pers.,,,,,http://dizionario.internazionale.it/parola/ci
1273,Alta Disponibilità,ci,2,s.f. e m.inv.,Letter,,Letters of the Alphabet,,,,,http://dizionario.internazionale.it/parola/ci_2
1274,Alta Disponibilità,ciabatta,,s.f.,,,,,,,,http://dizionario.internazionale.it/parola/ciabatta
1275,Alta Disponibilità,ciambella,,s.f.,,,,,,,,http://dizionario.internazionale.it/parola/ciambella
1276,Fondamentale,ciao,,inter.,,,,,,,,http://dizionario.internazionale.it/parola/ciao
1277,Fondamentale,ciascuno,,"agg.indef., pron.indef.m.",,,,,,,,http://dizionario.internazionale.it/parola/ciascuno
1278,Alta Disponibilità,cibare,,v.tr.,,,,,,,,http://dizionario.internazionale.it/parola/cibare
1279,Fondamentale,cibo,,s.m.,,,,,,,,http://dizionario.internazionale.it/parola/cibo
1280,Alto Uso,cicatrice,,s.f.,,,,,,,,http://dizionario.internazionale.it/parola/cicatrice
1281,Alto Uso,ciclismo,1,s.m.,,,,,,,,http://dizionario.internazionale.it/parola/ciclismo
1282,Alta Disponibilità,ciclista,,s.m. e f.,,,,,,,,http://dizionario.internazionale.it/parola/ciclista
1283,Alto Uso,ciclo,1,s.m.,,,,,,,,http://dizionario.internazionale.it/parola/ciclo
1284,Alta Disponibilità,cicogna,,s.f.,,,,,,,,http://dizionario.internazionale.it/parola/cicogna
1285,Alta Disponibilità,cicoria,,s.f.,,,,,,,,http://dizionario.internazionale.it/parola/cicoria
1286,Alto Uso,cieco,,"agg., s.m.",,,,,,,,http://dizionario.internazionale.it/parola/cieco
1287,Fondamentale,cielo,,s.m.,,,,,,,,http://dizionario.internazionale.it/parola/cielo
1288,Fondamentale,cifra,,s.f.,,,,,,,,http://dizionario.internazionale.it/parola/cifra
1289,Alto Uso,ciglio,,s.m.,,,,,,,,http://dizionario.internazionale.it/parola/ciglio
1290,Alta Disponibilità,cigno,,s.m.,,,,,,,,http://dizionario.internazionale.it/parola/cigno
1291,Alta Disponibilità,cileno,,"agg., s.m.",,,Demonym,,,,,http://dizionario.internazionale.it/parola/cileno
1292,Alta Disponibilità,ciliegia,,"s.f., s.m.inv., agg.inv.",,,,,,,,http://dizionario.internazionale.it/parola/ciliegia
1293,Alta Disponibilità,ciliegio,,s.m.,,,,,,,,http://dizionario.internazionale.it/parola/ciliegio
1294,Alta Disponibilità,cilindro,,s.m.,,,,,,,,http://dizionario.internazionale.it/parola/cilindro
1295,Alta Disponibilità,cima,,s.f.,,,,,,,,http://dizionario.internazionale.it/parola/cima
1296,Alta Disponibilità,cimice,,s.f.,,,,,,,,http://dizionario.internazionale.it/parola/cimice
1297,Alta Disponibilità,ciminiera,,s.f.,,,,,,,,http://dizionario.internazionale.it/parola/ciminiera
1298,Alto Uso,cimitero,,s.m.,,,,,,,,http://dizionario.internazionale.it/parola/cimitero
1299,Fondamentale,cinema,1,s.m.inv.,,,,,,,,http://dizionario.internazionale.it/parola/cinema
1300,Alto Uso,cinematografico,,agg.,,,,,,,,http://dizionario.internazionale.it/parola/cinematografico
1301,Fondamentale,cinese,1,"agg., s.m. e f.",,,Demonym,,,,,http://dizionario.internazionale.it/parola/cinese
1302,Alta Disponibilità,cinghia,,s.f.,,,,,,,,http://dizionario.internazionale.it/parola/cinghia
1303,Alta Disponibilità,cinghiale,,s.m.,,,,,,,,http://dizionario.internazionale.it/parola/cinghiale
1304,Alta Disponibilità,cinguettare,,"v.intr., v.tr.",,,,,,,,http://dizionario.internazionale.it/parola/cinguettare
1305,Alta Disponibilità,cinguettio,,s.m.,,,,,,,,http://dizionario.internazionale.it/parola/cinguettio
1306,Alta Disponibilità,cinico,,"agg., s.m.",,,,,,,,http://dizionario.internazionale.it/parola/cinico
1307,Fondamentale,cinquanta,,"agg.num.card.inv., s.m.inv.",,,Numbers,,,,,http://dizionario.internazionale.it/parola/cinquanta
1308,Fondamentale,cinque,,"agg.num.card.inv., s.m.inv., s.f.pl.",,,Numbers,,,,,http://dizionario.internazionale.it/parola/cinque
1309,Alto Uso,cinquecento,,"agg.num.card.inv., s.m.inv., s.f.inv.",,,Numbers,,,,,http://dizionario.internazionale.it/parola/cinquecento
1310,Alto Uso,cintura,,s.f.,,,,,,,,http://dizionario.internazionale.it/parola/cintura
1311,Alta Disponibilità,cinturino,,s.m.,,,,,,,,http://dizionario.internazionale.it/parola/cinturino
1312,Fondamentale,ciò,,pron.dimostr.inv.,,,,,,,,http://dizionario.internazionale.it/parola/cio
1313,Alta Disponibilità,ciocca,1,s.f.,,,,,,,,http://dizionario.internazionale.it/parola/ciocca
1314,Alta Disponibilità,cioccolatino,,s.m.,,,,,,,,http://dizionario.internazionale.it/parola/cioccolatino
1315,Alto Uso,cioccolato,,"s.m., agg.inv.",,,,,,,,http://dizionario.internazionale.it/parola/cioccolato
1316,Fondamentale,cioè,,cong.,,,,,,,,http://dizionario.internazionale.it/parola/cioè
1317,Alta Disponibilità,ciotola,,s.f.,,,,,,,,http://dizionario.internazionale.it/parola/ciotola
1318,Alto Uso,cipolla,,s.f.,,,,,,,,http://dizionario.internazionale.it/parola/cipolla
1319,Alta Disponibilità,cipresso,,s.m.,,,,,,,,http://dizionario.internazionale.it/parola/cipresso
1320,Alta Disponibilità,cipriota,,"agg., s.m. e f.",,,Demonym,,,,,http://dizionario.internazionale.it/parola/cipriota
1321,Fondamentale,circa,,"prep., avv., s.m.inv.",,,,,,,,http://dizionario.internazionale.it/parola/circa
1322,Alto Uso,circo,1,s.m.,,,,,,,,http://dizionario.internazionale.it/parola/circo
1323,Alto Uso,circolare,1,"agg., s.f.",,,,,,,,http://dizionario.internazionale.it/parola/circolare
1324,Alto Uso,circolare,2,v.intr.,,,,,,Essere,,http://dizionario.internazionale.it/parola/circolare_2
1325,Alto Uso,circolazione,,s.f.,,,,,,,,http://dizionario.internazionale.it/parola/circolazione
1326,Alto Uso,circolo,,s.m.,,,,,,,,http://dizionario.internazionale.it/parola/circolo
1327,Fondamentale,circondare,,v.tr.,,,,,,,,http://dizionario.internazionale.it/parola/circondare
1328,Fondamentale,circostanza,,s.f.,,,,,,,,http://dizionario.internazionale.it/parola/circostanza
1329,Alto Uso,circuito,1,s.m.,,,,,,,,http://dizionario.internazionale.it/parola/circuito
1330,Fondamentale,citare,,v.tr.,,,,,,,,http://dizionario.internazionale.it/parola/citare
1331,Alto Uso,citato,,"p.pass., agg., s.m.",,citare,,,,,,http://dizionario.internazionale.it/parola/citato
1332,Alto Uso,citazione,,s.f.,,,,,,,,http://dizionario.internazionale.it/parola/citazione
1333,Alta Disponibilità,citofono,,s.m.,,,,,,,,http://dizionario.internazionale.it/parola/citofono
1334,Fondamentale,città,,s.f.inv.,,,,,,,,http://dizionario.internazionale.it/parola/citta
1335,Alto Uso,cittadina,,s.f.,,,,,,,,http://dizionario.internazionale.it/parola/cittadina
1336,Alto Uso,cittadinanza,,s.f.,,,,,,,,http://dizionario.internazionale.it/parola/cittadinanza
1337,Fondamentale,cittadino,,"agg., s.m.",,,,,,,,http://dizionario.internazionale.it/parola/cittadino
1338,Alta Disponibilità,ciuffo,,s.m.,,,,,,,,http://dizionario.internazionale.it/parola/ciuffo
1339,Fondamentale,civile,,"agg., s.m.",,,,,,,,http://dizionario.internazionale.it/parola/civile
1340,Alto Uso,civiltà,,s.f.inv.,,,,,,,,http://dizionario.internazionale.it/parola/civilta
1341,Alta Disponibilità,clacson,,s.m.inv.,,,,,,,,http://dizionario.internazionale.it/parola/clacson
1342,Alto Uso,clan,,s.m.inv.,,,,,,,,http://dizionario.internazionale.it/parola/clan
1343,Alto Uso,clandestino,,"agg., s.m.",,,,,,,,http://dizionario.internazionale.it/parola/clandestino
1344,Fondamentale,classe,,s.f.,,,,,,,,http://dizionario.internazionale.it/parola/classe
1345,Fondamentale,classico,,"agg., s.m.",,,,,,,,http://dizionario.internazionale.it/parola/classico
1346,Alto Uso,classifica,,s.f.,,,,,,,,http://dizionario.internazionale.it/parola/classifica
1347,Alto Uso,classificare,,v.tr.,,,,,,,,http://dizionario.internazionale.it/parola/classificare
1348,Alta Disponibilità,clero,,s.m.,,,,,,,,http://dizionario.internazionale.it/parola/clero
1349,Alto Uso,cliccare,,v.intr.,,,,,,,,http://dizionario.internazionale.it/parola/cliccare
1350,Fondamentale,cliente,,s.m. e f.,,,,,,,,http://dizionario.internazionale.it/parola/cliente
1351,Alto Uso,clima,1,s.m.,,,,,,,,http://dizionario.internazionale.it/parola/clima
1352,Alto Uso,clinica,,s.f.,,,,,,,,http://dizionario.internazionale.it/parola/clinica
1353,Alto Uso,clinico,,"agg., s.m.",,,,,,,,http://dizionario.internazionale.it/parola/clinico
1354,Alta Disponibilità,clistere,,s.m.,,,,,,,,http://dizionario.internazionale.it/parola/clistere
1355,Alta Disponibilità,cloro,,s.m.,,,,,,,,http://dizionario.internazionale.it/parola/cloro
1356,Alto Uso,club,,s.m.inv.,,,,,,,,http://dizionario.internazionale.it/parola/club
1357,Alta Disponibilità,cobra,,s.m.inv.,,,,,,,,http://dizionario.internazionale.it/parola/cobra
1358,Alto Uso,cocaina,,s.f.,,,,,,,,http://dizionario.internazionale.it/parola/cocaina
1359,Alta Disponibilità,coccinella,1,s.f.,,,,,,,,http://dizionario.internazionale.it/parola/coccinella
1360,Alta Disponibilità,coccio,1,s.m.,,,,,,,,http://dizionario.internazionale.it/parola/coccio
1361,Alta Disponibilità,cocciuto,,"agg., s.m.",,,,,,,,http://dizionario.internazionale.it/parola/cocciuto
1362,Alta Disponibilità,cocco,1,s.m.,,,,,,,,http://dizionario.internazionale.it/parola/cocco
1363,Alta Disponibilità,coccodrillo,,s.m.,,,,,,,,http://dizionario.internazionale.it/parola/coccodrillo
1364,Alta Disponibilità,coccola,2,s.f.,,,,,,,,http://dizionario.internazionale.it/parola/coccola_2
1365,Alta Disponibilità,coccolare,,v.tr.,,,,,,,,http://dizionario.internazionale.it/parola/coccolare
1366,Alta Disponibilità,cocomero,,s.m.,,,,,,,,http://dizionario.internazionale.it/parola/cocomero
1367,Fondamentale,coda,,s.f.,,,,,,,,http://dizionario.internazionale.it/parola/coda
1368,Fondamentale,codice,,s.m.,,,,,,,,http://dizionario.internazionale.it/parola/codice
1369,Alto Uso,coerente,,agg.,,,,,,,,http://dizionario.internazionale.it/parola/coerente
1370,Alta Disponibilità,cofano,,s.m.,,,,,,,,http://dizionario.internazionale.it/parola/cofano
1371,Fondamentale,cogliere,,v.tr.,,,,,Irr PP: colto,,,http://dizionario.internazionale.it/parola/cogliere
1372,Fondamentale,coglione,,s.m.,,,,,,,,http://dizionario.internazionale.it/parola/coglione
1373,Alto Uso,cognato,,"s.m., agg.",,,,,,,,http://dizionario.internazionale.it/parola/cognato
1374,Alto Uso,cognome,,s.m.,,,,,,,,http://dizionario.internazionale.it/parola/cognome
1375,Alto Uso,coincidenza,,s.f.,,,,,,,,http://dizionario.internazionale.it/parola/coincidenza
1376,Alto Uso,coincidere,,v.intr.,,,,,Irr PP: coinciso,,,http://dizionario.internazionale.it/parola/coincidere
1377,Fondamentale,coinvolgere,,v.tr.,,,,,Irr PP: coinvolto,,,http://dizionario.internazionale.it/parola/coinvolgere
1378,Alto Uso,coinvolgimento,,s.m.,,,,,,,,http://dizionario.internazionale.it/parola/coinvolgimento
1379,Alto Uso,colare,1,v.tr. e intr.,,,,,,,,http://dizionario.internazionale.it/parola/colare
1380,Alta Disponibilità,colata,,s.f.,,,,,,,,http://dizionario.internazionale.it/parola/colata
1381,Alto Uso,colazione,,s.f.,,,,,,,,http://dizionario.internazionale.it/parola/colazione
1382,Alta Disponibilità,colera,1,s.m.inv.,,,,,,,,http://dizionario.internazionale.it/parola/colera
1383,Alta Disponibilità,colica,,s.f.,,,,,,,,http://dizionario.internazionale.it/parola/colica
1384,Alta Disponibilità,colino,1,s.m.,,,,,,,,http://dizionario.internazionale.it/parola/colino
1385,Alta Disponibilità,colla,1,s.f.,,,,,,,,http://dizionario.internazionale.it/parola/colla
1386,Alto Uso,collaborare,,v.intr.,,,,,,,,http://dizionario.internazionale.it/parola/collaborare
1387,Alto Uso,collaboratore,,s.m.,,,,,,,,http://dizionario.internazionale.it/parola/collaboratore
1388,Alto Uso,collaborazione,,s.f.,,,,,,,,http://dizionario.internazionale.it/parola/collaborazione
1389,Alto Uso,collana,1,s.f.,,,,,,,,http://dizionario.internazionale.it/parola/collana
1390,Alta Disponibilità,collant,,"s.m.inv., agg.inv.",,,,,,,,http://dizionario.internazionale.it/parola/collant
1391,Alta Disponibilità,collare,1,s.m.,,,,,,,,http://dizionario.internazionale.it/parola/collare
1392,Alta Disponibilità,collasso,,s.m.,,,,,,,,http://dizionario.internazionale.it/parola/collasso
1393,Alto Uso,collaterale,,"agg., s.m.",,,,,,,,http://dizionario.internazionale.it/parola/collaterale
1394,Alta Disponibilità,colle,1,s.m.,,,,,,,,http://dizionario.internazionale.it/parola/colle
1395,Fondamentale,collega,,s.m. e f.,,,,,,,,http://dizionario.internazionale.it/parola/collega
1396,Alto Uso,collegamento,,s.m.,,,,,,,,http://dizionario.internazionale.it/parola/collegamento
1397,Fondamentale,collegare,,v.tr. e intr.,,,,,,,,http://dizionario.internazionale.it/parola/collegare
1398,Alto Uso,collegio,,s.m.,,,,,,,,http://dizionario.internazionale.it/parola/collegio
1399,Alta Disponibilità,collera,,s.f.,,,,,,,,http://dizionario.internazionale.it/parola/collera
1400,Alta Disponibilità,colletta,,s.f.,,,,,,,,http://dizionario.internazionale.it/parola/colletta
1401,Alto Uso,collettivo,,"agg., s.m.",,,,,,,,http://dizionario.internazionale.it/parola/collettivo
1402,Alto Uso,collezione,,s.f.,,,,,,,,http://dizionario.internazionale.it/parola/collezione
1403,Alto Uso,collina,,s.f.,,,,,,,,http://dizionario.internazionale.it/parola/collina
1404,Fondamentale,collo,1,s.m.,,,,,,,,http://dizionario.internazionale.it/parola/collo
1405,Alto Uso,collocare,,v.tr.,,,,,,,,http://dizionario.internazionale.it/parola/collocare
1406,Alto Uso,colloquio,,s.m.,,,,,,,,http://dizionario.internazionale.it/parola/colloquio
1407,Alta Disponibilità,colluttorio,,s.m.,,,,,,,,http://dizionario.internazionale.it/parola/colluttorio
1408,Alta Disponibilità,colmo,1,s.m.,,,,,,,,http://dizionario.internazionale.it/parola/colmo
1409,Alto Uso,colomba,1,s.f.,,,,,,,,http://dizionario.internazionale.it/parola/colomba
1410,Alta Disponibilità,colombo,1,s.m.,,,,,,,,http://dizionario.internazionale.it/parola/colombo
1411,Fondamentale,colonna,,s.f.,,,,,,,,http://dizionario.internazionale.it/parola/colonna
1412,Alto Uso,colonnello,1,s.m.,,,,,,,,http://dizionario.internazionale.it/parola/colonnello
1413,Alta Disponibilità,colorante,,"p.pres., agg., s.m.",,colorare,,,,,,http://dizionario.internazionale.it/parola/colorante
1414,Alto Uso,colorare,,v.tr.,,,,,,,,http://dizionario.internazionale.it/parola/colorare
1415,Alto Uso,colorato,,"p.pass., agg.",,colorare,,,,,,http://dizionario.internazionale.it/parola/colorato
1416,Fondamentale,colore,,s.m.,,,,,,,,http://dizionario.internazionale.it/parola/colore
1417,Fondamentale,coloro,,pron.dimostr.m. e f.pl.,,,,,,,,http://dizionario.internazionale.it/parola/coloro
1418,Alta Disponibilità,colosso,,s.m.,,,,,,,,http://dizionario.internazionale.it/parola/colosso
1419,Fondamentale,colpa,,s.f.,,,,,,,,http://dizionario.internazionale.it/parola/colpa
1420,Alto Uso,colpevole,,"agg., s.m. e f.",,,,,,,,http://dizionario.internazionale.it/parola/colpevole
1421,Fondamentale,colpire,,v.tr.,,,,"finire ""isc"" conjugation",,,,http://dizionario.internazionale.it/parola/colpire
1422,Fondamentale,colpo,,s.m.,,,,,,,,http://dizionario.internazionale.it/parola/colpo
1423,Alta Disponibilità,coltellata,,s.f.,,,,,,,,http://dizionario.internazionale.it/parola/coltellata
1424,Fondamentale,coltello,,s.m.,,,,,,,,http://dizionario.internazionale.it/parola/coltello
1425,Alto Uso,coltivare,,v.tr.,,,,,,,,http://dizionario.internazionale.it/parola/coltivare
1426,Alta Disponibilità,coltivazione,,s.f.,,,,,,,,http://dizionario.internazionale.it/parola/coltivazione
1427,Alto Uso,colto,1,"agg., s.m.",,,,,,,,http://dizionario.internazionale.it/parola/colto
1428,Alto Uso,colui,,pron.dimostr.m.sing.,,,,,,,,http://dizionario.internazionale.it/parola/colui
1429,Alto Uso,coma,1,s.m.,,,,,,,,http://dizionario.internazionale.it/parola/coma
1430,Alto Uso,comandamento,,s.m.,,,,,,,,http://dizionario.internazionale.it/parola/comandamento
1431,Alto Uso,comandante,,"p.pres., agg., s.m. e f.",,comandare,,,,,,http://dizionario.internazionale.it/parola/comandante
1432,Alto Uso,comandare,,v.tr.,,,,,,,,http://dizionario.internazionale.it/parola/comandare
1433,Alto Uso,comando,1,s.m.,,,,,,,,http://dizionario.internazionale.it/parola/comando
1434,Alta Disponibilità,combaciare,,v.intr.,,,,,,,,http://dizionario.internazionale.it/parola/combaciare
1435,Alta Disponibilità,combattente,,"p.pres., agg., s.m. e f.",,combattere,,,,,,http://dizionario.internazionale.it/parola/combattente
1436,Fondamentale,combattere,,v.intr. e tr.,,,,,,,,http://dizionario.internazionale.it/parola/combattere
1437,Alto Uso,combattimento,,s.m.,,,,,,,,http://dizionario.internazionale.it/parola/combattimento
1438,Alto Uso,combinare,,v.tr. e intr.,,,,,,,,http://dizionario.internazionale.it/parola/combinare
1439,Alto Uso,combinazione,,s.f.,,,,,,,,http://dizionario.internazionale.it/parola/combinazione
1440,Fondamentale,come,,"avv., cong.",,,,,,,,http://dizionario.internazionale.it/parola/come
1441,Alta Disponibilità,cometa,,s.f.,,,,,,,,http://dizionario.internazionale.it/parola/cometa
1442,Alta Disponibilità,comfort,,s.m.inv.,,,,,,,,http://dizionario.internazionale.it/parola/comfort
1443,Alto Uso,comico,,"agg., s.m.",,,,,,,,http://dizionario.internazionale.it/parola/comico
1444,Fondamentale,cominciare,,"v.tr. e intr., s.m.",,,,,,,a,http://dizionario.internazionale.it/parola/cominciare
1445,Alto Uso,comitato,1,s.m.,,,,,,,,http://dizionario.internazionale.it/parola/comitato
1446,Alto Uso,comma,,s.m.,,,,,,,,http://dizionario.internazionale.it/parola/comma
1447,Alto Uso,commedia,,s.f.,,,,,,,,http://dizionario.internazionale.it/parola/commedia
1448,Fondamentale,commentare,,v.tr.,,,,,,,,http://dizionario.internazionale.it/parola/commentare
1449,Fondamentale,commento,,s.m.,,,,,,,,http://dizionario.internazionale.it/parola/commento
1450,Fondamentale,commerciale,,"agg., s.m.",,,,,,,,http://dizionario.internazionale.it/parola/commerciale
1451,Alto Uso,commerciante,,"p.pres., agg., s.m. e f.",,comerciare,,,,,,http://dizionario.internazionale.it/parola/commerciante
1452,Alto Uso,commercio,,s.m.,,,,,,,,http://dizionario.internazionale.it/parola/commercio
1453,Fondamentale,commettere,,v.tr. e intr.,,,,,Irr PP: commesso,,,http://dizionario.internazionale.it/parola/commettere
1454,Alto Uso,commissariato,1,s.m.,,,,,,,,http://dizionario.internazionale.it/parola/commissariato
1455,Fondamentale,commissario,,s.m.,,,,,,,,http://dizionario.internazionale.it/parola/commissario
1456,Fondamentale,commissione,1,s.f.,,,,,,,,http://dizionario.internazionale.it/parola/commissione
1457,Alto Uso,community,,s.f.inv.,,,,,,,,http://dizionario.internazionale.it/parola/community
1458,Alto Uso,commuovere,,v.tr.,,,,,Irr PP: commosso,,,http://dizionario.internazionale.it/parola/commuovere
1459,Alta Disponibilità,comodino,1,s.m.,,,,,,,,http://dizionario.internazionale.it/parola/comodino
1460,Alta Disponibilità,comodità,,s.f.inv.,,,,,,,,http://dizionario.internazionale.it/parola/comodita
1461,Fondamentale,comodo,,"agg., s.m.",,,,,,,,http://dizionario.internazionale.it/parola/comodo
1462,Fondamentale,compagnia,,s.f.,,,,,,,,http://dizionario.internazionale.it/parola/compagnia
1463,Fondamentale,compagno,,"s.m., agg.",,,,,,,,http://dizionario.internazionale.it/parola/compagno
1464,Fondamentale,comparire,,v.intr.,,,,,,,,http://dizionario.internazionale.it/parola/comparire
1465,Alto Uso,comparsa,,s.f.,,,,,,,,http://dizionario.internazionale.it/parola/comparsa
1466,Alta Disponibilità,compassione,,s.f.,,,,,,,,http://dizionario.internazionale.it/parola/compassione
1467,Alta Disponibilità,compasso,,s.m.,,,,,,,,http://dizionario.internazionale.it/parola/compasso
1468,Alto Uso,compatibile,,agg.,,,,,,,,http://dizionario.internazionale.it/parola/compatibile
1469,Alta Disponibilità,compatriota,,s.m. e f.,,,,,,,,http://dizionario.internazionale.it/parola/compatriota
1470,Alto Uso,compatto,,"agg., s.m.",,,,,,,,http://dizionario.internazionale.it/parola/compatto
1471,Alto Uso,compensare,,v.tr.,,,,,,,,http://dizionario.internazionale.it/parola/compensare
1472,Alto Uso,compenso,,s.m.,,,,,,,,http://dizionario.internazionale.it/parola/compenso
1473,Alto Uso,competente,,"agg., s.m. e f.",,,,,,,,http://dizionario.internazionale.it/parola/competente
1474,Alto Uso,competenza,,s.f.,,,,,,,,http://dizionario.internazionale.it/parola/competenza
1475,Alto Uso,competere,,v.intr.,,,,,,,,http://dizionario.internazionale.it/parola/competere
1476,Alto Uso,competizione,,s.f.,,,,,,,,http://dizionario.internazionale.it/parola/competizione
1477,Alta Disponibilità,compiangere,,"v.tr., v.intr.",,,,,Irr PP: compianto,,,http://dizionario.internazionale.it/parola/compiangere
1478,Fondamentale,compiere,,v.tr.,,,,,,,,http://dizionario.internazionale.it/parola/compiere
1479,Alto Uso,compilare,,v.tr.,,,,,,,,http://dizionario.internazionale.it/parola/compilare
1480,Fondamentale,compito,1,s.m.,,,,,,,,http://dizionario.internazionale.it/parola/compito
1481,Alto Uso,compleanno,,s.m.,,,,,,,,http://dizionario.internazionale.it/parola/compleanno
1482,Alto Uso,complessivo,,agg.,,,,,,,,http://dizionario.internazionale.it/parola/complessivo
1483,Alto Uso,complesso,1,s.m.,,,,,,,,http://dizionario.internazionale.it/parola/complesso
1484,Fondamentale,complesso,2,agg.,,,,,,,,http://dizionario.internazionale.it/parola/complesso_2
1485,Fondamentale,completamente,,avv.,,completo,,,,,,http://dizionario.internazionale.it/parola/completamente
1486,Alto Uso,completare,,v.tr.,,,,,,,,http://dizionario.internazionale.it/parola/completare
1487,Fondamentale,completo,,"agg., s.m.",,,,,,,,http://dizionario.internazionale.it/parola/completo
1488,Alto Uso,complicare,,v.tr.,,,,,,,,http://dizionario.internazionale.it/parola/complicare
1489,Alto Uso,complicato,,"p.pass., agg.",,complicare,,,,,,http://dizionario.internazionale.it/parola/complicato
1490,Alto Uso,complice,,"s.m. e f., agg.",,,,,,,,http://dizionario.internazionale.it/parola/complice
1491,Alto Uso,complimento,1,s.m.,,,,,,,,http://dizionario.internazionale.it/parola/complimento
1492,Alta Disponibilità,complotto,,s.m.,,,,,,,,http://dizionario.internazionale.it/parola/complotto
1493,Alto Uso,componente,,"p.pres., agg., s.m. e f.",,comporre,,,,,,http://dizionario.internazionale.it/parola/componente
1494,Fondamentale,comporre,,v.tr.,,-porre,,-rre verb,Irr PP: composto,,,http://dizionario.internazionale.it/parola/comporre
1495,Fondamentale,comportamento,,s.m.,,,,,,,,http://dizionario.internazionale.it/parola/comportamento
1496,Fondamentale,comportare,,v.tr.,,,,,,,,http://dizionario.internazionale.it/parola/comportare
1497,Alto Uso,composizione,,s.f.,,,,,,,,http://dizionario.internazionale.it/parola/composizione
1498,Alto Uso,composto,,"p.pass., agg., s.m.",,comporre,,,,,,http://dizionario.internazionale.it/parola/composto
1499,Fondamentale,comprare,,v.tr.,,,,,,,,http://dizionario.internazionale.it/parola/comprare
1500,Fondamentale,comprendere,,v.tr.,,,,,Irr PP: compreso,,,http://dizionario.internazionale.it/parola/comprendere
1501,Alto Uso,comprensibile,,agg.,,,,,,,,http://dizionario.internazionale.it/parola/comprensibile
1502,Alto Uso,comprensione,,s.f.,,,,,,,,http://dizionario.internazionale.it/parola/comprensione
1503,Alta Disponibilità,comprensivo,,agg.,,,,,,,,http://dizionario.internazionale.it/parola/comprensivo
1504,Fondamentale,compreso,,"p.pass., agg.",,comprendere,,,,,,http://dizionario.internazionale.it/parola/compreso
1505,Alto Uso,compromesso,1,s.m.,,,,,,,,http://dizionario.internazionale.it/parola/compromesso
1506,Alto Uso,compromettere,,v.tr.,,,,,Irr PP: compromesso,,,http://dizionario.internazionale.it/parola/compromettere
1507,Fondamentale,computer,,s.m.inv.,,,,,,,,http://dizionario.internazionale.it/parola/computer
1508,Alto Uso,comunale,1,"agg., s.f.",,,,,,,,http://dizionario.internazionale.it/parola/comunale
1509,Fondamentale,comune,1,"agg., s.m., s.f.",,,,,,,,http://dizionario.internazionale.it/parola/comune
1510,Fondamentale,comune,2,s.m.,,,,,,,,http://dizionario.internazionale.it/parola/comune_2
1511,Fondamentale,comunicare,,v.tr. e intr.,,,,,,,di,http://dizionario.internazionale.it/parola/comunicare
1512,Fondamentale,comunicazione,,s.f.,,,,,,,,http://dizionario.internazionale.it/parola/comunicazione
1513,Alto Uso,comunione,,s.f.,,,,,,,,http://dizionario.internazionale.it/parola/comunione
1514,Alto Uso,comunismo,,s.m.,,,,,,,,http://dizionario.internazionale.it/parola/comunismo
1515,Fondamentale,comunista,1,"agg., s.m. e f.",,,,,,,,http://dizionario.internazionale.it/parola/comunista
1516,Fondamentale,comunità,,s.f.inv.,,,,,,,,http://dizionario.internazionale.it/parola/comunita
1517,Fondamentale,comunque,,"avv., cong.",,,,,,,,http://dizionario.internazionale.it/parola/comunque
1518,Fondamentale,con,1,prep.,,,Prepositions,,,,,http://dizionario.internazionale.it/parola/con
1519,Alta Disponibilità,conca,,s.f.,,,,,,,,http://dizionario.internazionale.it/parola/conca
1520,Alto Uso,concedere,,"v.tr., v.intr.",,,,,Irr PP: concesso,,,http://dizionario.internazionale.it/parola/concedere
1521,Fondamentale,concentrare,,v.tr.,,,,,,,,http://dizionario.internazionale.it/parola/concentrare
1522,Alto Uso,concentrazione,,s.f.,,,,,,,,http://dizionario.internazionale.it/parola/concentrazione
1523,Alto Uso,concepire,,s.f.,,,,,,,,http://dizionario.internazionale.it/parola/concepire
1524,Fondamentale,concerto,,s.m.,,,,,,,,http://dizionario.internazionale.it/parola/concerto
1525,Alto Uso,concessione,,s.f.,,,,,,,,http://dizionario.internazionale.it/parola/concessione
1526,Alto Uso,concesso,,"p.pass., agg.",,concedere,,,,,,http://dizionario.internazionale.it/parola/concesso
1527,Fondamentale,concetto,,"p.pass., agg., s.m.",,,,,,,,http://dizionario.internazionale.it/parola/concetto
1528,Alto Uso,concezione,,s.f.,,,,,,,,http://dizionario.internazionale.it/parola/concezione
1529,Alta Disponibilità,conchiglia,,s.f.,,,,,,,,http://dizionario.internazionale.it/parola/conchiglia
1530,Alta Disponibilità,concime,,s.m.,,,,,,,,http://dizionario.internazionale.it/parola/concime
1531,Fondamentale,concludere,,"v.tr., v.intr.",,,,,Irr PP: concluso,,,http://dizionario.internazionale.it/parola/concludere
1532,Fondamentale,conclusione,,s.f.,,,,,,,,http://dizionario.internazionale.it/parola/conclusione
1533,Alto Uso,concordare,,v.tr. e intr.,,,,,,,,http://dizionario.internazionale.it/parola/concordare
1534,Alto Uso,concorrente,,"p.pres., agg., s.m. e f.",,concorrere,,,,,,http://dizionario.internazionale.it/parola/concorrente
1535,Alto Uso,concorrenza,,s.f.,,,,,,,,http://dizionario.internazionale.it/parola/concorrenza
1536,Alto Uso,concorrere,,v.intr.,,,,,Irr PP: concorso,,,http://dizionario.internazionale.it/parola/concorrere
1537,Alto Uso,concorso,1,s.m.,,,,,,,,http://dizionario.internazionale.it/parola/concorso
1538,Fondamentale,concreto,,"agg., s.m.",,,,,,,,http://dizionario.internazionale.it/parola/concreto
1539,Alto Uso,condanna,,s.f.,,,,,,,,http://dizionario.internazionale.it/parola/condanna
1540,Fondamentale,condannare,,v.tr.,,,,,,,,http://dizionario.internazionale.it/parola/condannare
1541,Alta Disponibilità,condimento,,s.m.,,,,,,,,http://dizionario.internazionale.it/parola/condimento
1542,Fondamentale,condividere,,v.tr.,,,,,Irr PP: condiviso,,,http://dizionario.internazionale.it/parola/condividere
1543,Alto Uso,condizionare,,v.tr.,,,,,,,,http://dizionario.internazionale.it/parola/condizionare
1544,Fondamentale,condizione,,s.f.,,,,,,,,http://dizionario.internazionale.it/parola/condizione
1545,Alta Disponibilità,condoglianza,,s.f.,,,,,,,,http://dizionario.internazionale.it/parola/condoglianza
1546,Alto Uso,condominio,,s.m.,,,,,,,,http://dizionario.internazionale.it/parola/condominio
1547,Alto Uso,condotta,,s.f.,,,,,,,,http://dizionario.internazionale.it/parola/condotta
1548,Fondamentale,condurre,,v.tr. e intr.,,-durre,,-rre verb,Irr PP: condotto,,,http://dizionario.internazionale.it/parola/condurre
1549,Alto Uso,conduttore,,"agg., s.m.",,,,,,,,http://dizionario.internazionale.it/parola/conduttore
1550,Alta Disponibilità,conduttura,,s.f.,,,,,,,,http://dizionario.internazionale.it/parola/conduttura
1551,Alto Uso,conferenza,,s.f.,,,,,,,,http://dizionario.internazionale.it/parola/conferenza
1552,Alto Uso,conferire,,v.tr. e intr.,,,,"finire ""isc"" conjugation",,,,http://dizionario.internazionale.it/parola/conferire
1553,Alto Uso,conferma,,s.f.,,,,,,,,http://dizionario.internazionale.it/parola/conferma
1554,Fondamentale,confermare,,v.tr.,,,,,,,di,http://dizionario.internazionale.it/parola/confermare
1555,Alto Uso,confessare,,v.tr.,,,,,,,di,http://dizionario.internazionale.it/parola/confessare
1556,Alto Uso,confessione,,s.f.,,,,,,,,http://dizionario.internazionale.it/parola/confessione
1557,Alta Disponibilità,confessore,,s.m.,,,,,,,,http://dizionario.internazionale.it/parola/confessore
1558,Alta Disponibilità,confetto,,"s.m., agg.",,,,,,,,http://dizionario.internazionale.it/parola/confetto
1559,Alta Disponibilità,confettura,1,s.f.,,,,,,,,http://dizionario.internazionale.it/parola/confettura
1560,Alto Uso,confezione,,s.f.,,,,,,,,http://dizionario.internazionale.it/parola/confezione
1561,Alta Disponibilità,conficcare,,v.tr.,,,,,,,,http://dizionario.internazionale.it/parola/conficcare
1562,Alto Uso,confidare,,v.intr. e tr.,,,,,,,,http://dizionario.internazionale.it/parola/confidare
1563,Alto Uso,confidenza,,s.f.,,,,,,,,http://dizionario.internazionale.it/parola/confidenza
1564,Fondamentale,confine,1,s.m.,,,,,,,,http://dizionario.internazionale.it/parola/confine
1565,Alto Uso,conflitto,1,s.m.,,,,,,,,http://dizionario.internazionale.it/parola/conflitto
1566,Fondamentale,confondere,,v.tr.,,,,,Irr PP: confuso,,,http://dizionario.internazionale.it/parola/confondere
1567,Alta Disponibilità,confortare,,v.tr.,,,,,,,,http://dizionario.internazionale.it/parola/confortare
1568,Alto Uso,confrontare,,"v.tr., v.intr.",,,,,,,,http://dizionario.internazionale.it/parola/confrontare
1569,Fondamentale,confronto,,s.m.,,,,,,,,http://dizionario.internazionale.it/parola/confronto
1570,Alto Uso,confusione,,s.f.,,,,,,,,http://dizionario.internazionale.it/parola/confusione
1571,Alto Uso,confuso,,"p.pass., agg.",,confondere,,,,,,http://dizionario.internazionale.it/parola/confuso
1572,Alta Disponibilità,congedo,,s.m.,,,,,,,,http://dizionario.internazionale.it/parola/congedo
1573,Alto Uso,congelare,,v.tr. e intr.,,,,,,,,http://dizionario.internazionale.it/parola/congelare
1574,Alta Disponibilità,congelatore,,s.m.,,,,,,,,http://dizionario.internazionale.it/parola/congelatore
1575,Alta Disponibilità,congestione,,s.f.,,,,,,,,http://dizionario.internazionale.it/parola/congestione
1576,Alta Disponibilità,congiura,,s.f.,,,,,,,,http://dizionario.internazionale.it/parola/congiura
1577,Alto Uso,congresso,,s.m.,,,,,,,,http://dizionario.internazionale.it/parola/congresso
1578,Alto Uso,coniglio,,s.m.,,,,,,,,http://dizionario.internazionale.it/parola/coniglio
1579,Alta Disponibilità,coniugato,,"p.pass., agg., s.m.",,coniugare,,,,,,http://dizionario.internazionale.it/parola/coniugato
1580,Alto Uso,coniuge,,s.m. e f.,,,,,,,,http://dizionario.internazionale.it/parola/coniuge
1581,Alto Uso,connessione,,s.f.,,,,,,,,http://dizionario.internazionale.it/parola/connessione
1582,Alto Uso,connettere,,v.tr.,,,,,Irr PP: connesso,,,http://dizionario.internazionale.it/parola/connettere
1583,Alto Uso,cono,,s.m.,,,,,,,,http://dizionario.internazionale.it/parola/cono
1584,Fondamentale,conoscenza,,s.f.,,,,,,,,http://dizionario.internazionale.it/parola/conoscenza
1585,Fondamentale,conoscere,,"v.tr., v.intr.",,,,,Irr PP: conosciuto,,,http://dizionario.internazionale.it/parola/conoscere
1586,Alto Uso,conosciuto,,"p.pass., agg., s.m.",,conoscere,,,,,,http://dizionario.internazionale.it/parola/conosciuto
1587,Alto Uso,conquista,,s.f.,,,,,,,,http://dizionario.internazionale.it/parola/conquista
1588,Fondamentale,conquistare,,v.tr.,,,,,,,,http://dizionario.internazionale.it/parola/conquistare
1589,Alto Uso,consapevole,,agg.,,,,,,,,http://dizionario.internazionale.it/parola/consapevole
1590,Alto Uso,consapevolezza,,s.f.,,consapevole,,,,,,http://dizionario.internazionale.it/parola/consapevolezza
1591,Alto Uso,consegna,,s.f.,,,,,,,,http://dizionario.internazionale.it/parola/consegna
1592,Fondamentale,consegnare,,v.tr.,,,,,,,,http://dizionario.internazionale.it/parola/consegnare
1593,Alto Uso,conseguente,,"p.pres., agg., s.m.",,conseguire,,,,,,http://dizionario.internazionale.it/parola/conseguente
1594,Fondamentale,conseguenza,,s.f.,,,,,,,,http://dizionario.internazionale.it/parola/conseguenza
1595,Alto Uso,conseguire,,v.tr. e intr.,,,,,,,,http://dizionario.internazionale.it/parola/conseguire
1596,Alto Uso,consenso,,s.m.,,,,,,,,http://dizionario.internazionale.it/parola/consenso
1597,Fondamentale,consentire,,v.tr. e intr.,,,,,,,,http://dizionario.internazionale.it/parola/consentire
1598,Fondamentale,conservare,,v.tr.,,,,,,,,http://dizionario.internazionale.it/parola/conservare
1599,Alto Uso,conservazione,,s.f.,,,,,,,,http://dizionario.internazionale.it/parola/conservazione
1600,Fondamentale,considerare,,v.tr.,,,,,,,,http://dizionario.internazionale.it/parola/considerare
1601,Fondamentale,considerazione,,s.f.,,,,,,,,http://dizionario.internazionale.it/parola/considerazione
1602,Fondamentale,consigliare,1,v.tr.,,,,,,,,http://dizionario.internazionale.it/parola/consigliare
1603,Alto Uso,consigliere,,s.m.,,,,,,,,http://dizionario.internazionale.it/parola/consigliere
1604,Fondamentale,consiglio,,s.m.,,,,,,,,http://dizionario.internazionale.it/parola/consiglio
1605,Alto Uso,consistente,,"p.pres., agg.",,consistere,,,,,,http://dizionario.internazionale.it/parola/consistente
1606,Alto Uso,consistenza,,s.f.,,,,,,,,http://dizionario.internazionale.it/parola/consistenza
1607,Alto Uso,consistere,,v.intr.,,,,,Irr PP: consistito,Essere,,http://dizionario.internazionale.it/parola/consistere
1608,Alto Uso,consolare,1,v.tr.,,,,,,,,http://dizionario.internazionale.it/parola/consolare
1609,Alta Disponibilità,consonante,1,s.f.,,,,,,,,http://dizionario.internazionale.it/parola/consonante
1610,Alto Uso,consorzio,,s.m.,,,,,,,,http://dizionario.internazionale.it/parola/consorzio
1611,Alto Uso,constatare,,v.tr.,,,,,,,,http://dizionario.internazionale.it/parola/constatare
1612,Alto Uso,consueto,,"agg., s.m.",,,,,,,,http://dizionario.internazionale.it/parola/consueto
1613,Alto Uso,consulente,,"agg., s.m. e f.",,,,,,,,http://dizionario.internazionale.it/parola/consulente
1614,Alto Uso,consulenza,,s.f.,,,,,,,,http://dizionario.internazionale.it/parola/consulenza
1615,Alto Uso,consultare,,"v.tr., v.intr.",,,,,,,,http://dizionario.internazionale.it/parola/consultare
1616,Fondamentale,consumare,1,v.tr.,,,,,,,,http://dizionario.internazionale.it/parola/consumare
1617,Alto Uso,consumatore,,"s.m., agg.",,,,,,,,http://dizionario.internazionale.it/parola/consumatore
1618,Alta Disponibilità,consumazione,1,s.f.,,,,,,,,http://dizionario.internazionale.it/parola/consumazione
1619,Alto Uso,consumo,,s.m.,,,,,,,,http://dizionario.internazionale.it/parola/consumo
1620,Alta Disponibilità,contachilometri,,s.m.inv.,,,,,,,,http://dizionario.internazionale.it/parola/contachilometri
1621,Alto Uso,contadino,,"s.m., agg.",,,,,,,,http://dizionario.internazionale.it/parola/contadino
1622,Alta Disponibilità,contagiare,,v.tr.,,,,,,,,http://dizionario.internazionale.it/parola/contagiare
1623,Alta Disponibilità,contagio,,s.m.,,,,,,,,http://dizionario.internazionale.it/parola/contagio
1624,Alta Disponibilità,contagioso,,agg.,,,,,,,,http://dizionario.internazionale.it/parola/contagioso
1625,Alta Disponibilità,contagocce,,s.m.inv.,,,,,,,,http://dizionario.internazionale.it/parola/contagocce
1626,Alto Uso,contaminare,,v.tr.,,,,,,,,http://dizionario.internazionale.it/parola/contaminare
1627,Alto Uso,contante,,"p.pres., agg., s.m.",,contare,,,,,,http://dizionario.internazionale.it/parola/contante
1628,Fondamentale,contare,,v.tr. e intr.,,,,,,,,http://dizionario.internazionale.it/parola/contare
1629,Alta Disponibilità,contatore,,s.m.,,,,,,,,http://dizionario.internazionale.it/parola/contatore
1630,Alto Uso,contattare,,v.tr.,,,,,,,,http://dizionario.internazionale.it/parola/contattare
1631,Fondamentale,contatto,,s.m.,,,,,,,,http://dizionario.internazionale.it/parola/contatto
1632,Alto Uso,conte,,s.m.,,,,,,,,http://dizionario.internazionale.it/parola/conte
1633,Alto Uso,contemplare,,v.tr.,,,,,,,,http://dizionario.internazionale.it/parola/contemplare
1634,Alto Uso,contemporaneamente,,avv.,,contemporaneo,,,,,,http://dizionario.internazionale.it/parola/contemporaneamente
1635,Fondamentale,contemporaneo,,"agg., s.m.",,,,,,,,http://dizionario.internazionale.it/parola/contemporaneo
1636,Fondamentale,contenere,,v.tr.,,,,,,,,http://dizionario.internazionale.it/parola/contenere
1637,Alto Uso,contenitore,,"agg., s.m.",,,,,,,,http://dizionario.internazionale.it/parola/contenitore
1638,Alto Uso,contentare,,v.tr.,,,,,,,,http://dizionario.internazionale.it/parola/contentare
1639,Alta Disponibilità,contentezza,,s.f.,,contento,,,,,,http://dizionario.internazionale.it/parola/contentezza
1640,Fondamentale,contento,1,agg.,,,,,,,,http://dizionario.internazionale.it/parola/contento
1641,Fondamentale,contenuto,,"p.pass., agg., s.m.",,contenire,,,,,,http://dizionario.internazionale.it/parola/contenuto
1642,Alto Uso,contestare,,"v.tr., v.intr.",,,,,,,,http://dizionario.internazionale.it/parola/contestare
1643,Alto Uso,contestazione,,s.f.,,,,,,,,http://dizionario.internazionale.it/parola/contestazione
1644,Fondamentale,contesto,1,s.m.,,,,,,,,http://dizionario.internazionale.it/parola/contesto
1645,Alto Uso,continente,1,s.m.,,,,,,,,http://dizionario.internazionale.it/parola/continente
1646,Alto Uso,continuamente,,avv.,,continuo,,,,,,http://dizionario.internazionale.it/parola/continuamente
1647,Fondamentale,continuare,,v.tr. e intr.,,,,,,,a,http://dizionario.internazionale.it/parola/continuare
1648,Alto Uso,continuazione,,s.f.,,,,,,,,http://dizionario.internazionale.it/parola/continuazione
1649,Alto Uso,continuità,,s.f.inv.,,,,,,,,http://dizionario.internazionale.it/parola/continuita
1650,Fondamentale,continuo,,"agg., s.m., avv.",,,,,,,,http://dizionario.internazionale.it/parola/continuo
1651,Fondamentale,conto,1,s.m.,,,,,,,,http://dizionario.internazionale.it/parola/conto
1652,Alto Uso,contorno,,s.m.,,,,,,,,http://dizionario.internazionale.it/parola/contorno
1653,Alta Disponibilità,contrabbandiere,,s.m.,,,,,,,,http://dizionario.internazionale.it/parola/contrabbandiere
1654,Alta Disponibilità,contrabbando,,s.m.,,,,,,,,http://dizionario.internazionale.it/parola/contrabbando
1655,Alta Disponibilità,contraccambiare,,v.tr.,,,,,,,,http://dizionario.internazionale.it/parola/contraccambiare
1656,Alto Uso,contraddizione,,s.f.,,,,,,,,http://dizionario.internazionale.it/parola/contraddizione
1657,Fondamentale,contrario,,"agg., s.m.",,,,,,,,http://dizionario.internazionale.it/parola/contrario
1658,Alto Uso,contrarre,,v.tr.,,-trarre,,-rre verb,Irr PP: contratto,,,http://dizionario.internazionale.it/parola/contrarre
1659,Alto Uso,contrastare,,v.intr. e tr.,,,,,,,,http://dizionario.internazionale.it/parola/contrastare
1660,Alto Uso,contrasto,,s.m.,,,,,,,,http://dizionario.internazionale.it/parola/contrasto
1661,Fondamentale,contratto,1,s.m.,,,,,,,,http://dizionario.internazionale.it/parola/contratto
1662,Alto Uso,contribuire,,"v.intr., v.tr.",,,,"finire ""isc"" conjugation",,,,http://dizionario.internazionale.it/parola/contribuire
1663,Alto Uso,contributo,,s.m.,,,,,,,,http://dizionario.internazionale.it/parola/contributo
1664,Fondamentale,contro,1,"prep., avv., s.m.inv.",,,,,,,,http://dizionario.internazionale.it/parola/contro
1665,Fondamentale,controllare,,v.tr.,,,,,,,,http://dizionario.internazionale.it/parola/controllare
1666,Fondamentale,controllo,,s.m.,,,,,,,,http://dizionario.internazionale.it/parola/controllo
1667,Alta Disponibilità,controllore,,s.m.,,,,,,,,http://dizionario.internazionale.it/parola/controllore
1668,Alto Uso,convegno,,s.m.,,,,,,,,http://dizionario.internazionale.it/parola/convegno
1669,Alto Uso,conveniente,,"p.pres., agg.",,convenire,,,,,,http://dizionario.internazionale.it/parola/conveniente
1670,Alto Uso,convenire,,v.intr. e tr.,,,,,Irr PP: convenuto,Essere,,http://dizionario.internazionale.it/parola/convenire
1671,Alto Uso,convenzione,,s.f.,,,,,,,,http://dizionario.internazionale.it/parola/convenzione
1672,Fondamentale,conversazione,,s.f.,,,,,,,,http://dizionario.internazionale.it/parola/conversazione
1673,Alto Uso,conversione,,s.f.,,,,,,,,http://dizionario.internazionale.it/parola/conversione
1674,Alto Uso,convertire,,v.tr.,,,,,,,,http://dizionario.internazionale.it/parola/convertire
1675,Alto Uso,convincente,,"p.pres., agg.",,convincere,,,,,,http://dizionario.internazionale.it/parola/convincente
1676,Fondamentale,convincere,,v.tr.,,,,,Irr PP: convinto,,,http://dizionario.internazionale.it/parola/convincere
1677,Alto Uso,convinto,,"p.pass., agg.",,convincere,,,,,,http://dizionario.internazionale.it/parola/convinto
1678,Alto Uso,convinzione,,s.f.,,,,,,,,http://dizionario.internazionale.it/parola/convinzione
1679,Alto Uso,convivenza,,s.f.,,,,,,,,http://dizionario.internazionale.it/parola/convivenza
1680,Alto Uso,convivere,,v.intr.,,,,,,,,http://dizionario.internazionale.it/parola/convivere
1681,Alto Uso,convocare,,v.tr.,,,,,,,,http://dizionario.internazionale.it/parola/convocare
1682,Alta Disponibilità,convulsione,,s.f.,,,,,,,,http://dizionario.internazionale.it/parola/convulsione
1683,Alto Uso,coordinamento,,s.m.,,,,,,,,http://dizionario.internazionale.it/parola/coordinamento
1684,Alto Uso,coordinare,,v.tr.,,,,,,,,http://dizionario.internazionale.it/parola/coordinare
1685,Alta Disponibilità,coperchio,,s.m.,,,,,,,,http://dizionario.internazionale.it/parola/coperchio
1686,Alto Uso,coperta,,s.f.,,,,,,,,http://dizionario.internazionale.it/parola/coperta
1687,Alto Uso,copertina,,s.f.,,,,,,,,http://dizionario.internazionale.it/parola/copertina
1688,Alto Uso,coperto,,"p.pass., agg., s.m.",,coprire,,,,,,http://dizionario.internazionale.it/parola/coperto
1689,Alto Uso,copertura,,s.f.,,,,,,,,http://dizionario.internazionale.it/parola/copertura
1690,Fondamentale,copia,1,s.f.,,,,,,,,http://dizionario.internazionale.it/parola/copia
1691,Alto Uso,copiare,,v.tr.,,,,,,,,http://dizionario.internazionale.it/parola/copiare
1692,Alto Uso,copione,1,s.m.,,,,,,,,http://dizionario.internazionale.it/parola/copione
1693,Alto Uso,coppa,1,s.f.,,,,,,,,http://dizionario.internazionale.it/parola/coppa
1694,Fondamentale,coppia,,s.f.,,,,,,,,http://dizionario.internazionale.it/parola/coppia
1695,Alta Disponibilità,copricostume,,s.m.,,,,,,,,http://dizionario.internazionale.it/parola/copricostume
1696,Alta Disponibilità,copriletto,,s.m.,,,,,,,,http://dizionario.internazionale.it/parola/copriletto
1697,Fondamentale,coprire,,v.tr.,,,,,Irr PP: coperto,,,http://dizionario.internazionale.it/parola/coprire
1698,Alto Uso,copyright,,s.m.inv.,,,,,,,,http://dizionario.internazionale.it/parola/copyright
1699,Fondamentale,coraggio,,"s.m., inter.",,,,,,,,http://dizionario.internazionale.it/parola/coraggio
1700,Alto Uso,coraggioso,,agg.,,,,,,,,http://dizionario.internazionale.it/parola/coraggioso
1701,Alta Disponibilità,corallo,1,"s.m., s.m.inv., agg.inv.",,,,,,,,http://dizionario.internazionale.it/parola/corallo
1702,Alta Disponibilità,corazza,,s.f.,,,,,,,,http://dizionario.internazionale.it/parola/corazza
1703,Alta Disponibilità,corazzata,,s.f.,,,,,,,,http://dizionario.internazionale.it/parola/corazzata
1704,Alta Disponibilità,corazziere,,s.m.,,,,,,,,http://dizionario.internazionale.it/parola/corazziere
1705,Fondamentale,corda,,s.f.,,,,,,,,http://dizionario.internazionale.it/parola/corda
1706,Alta Disponibilità,coriandolo,,s.m.,,,,,,,,http://dizionario.internazionale.it/parola/coriandolo
1707,Alta Disponibilità,coricare,,"v.tr., v.intr.",,,,,,,,http://dizionario.internazionale.it/parola/coricare
1708,Alta Disponibilità,cornacchia,,s.f.,,,,,,,,http://dizionario.internazionale.it/parola/cornacchia
1709,Alta Disponibilità,cornetto,,s.m.,,,,,,,,http://dizionario.internazionale.it/parola/cornetto
1710,Alto Uso,cornice,1,s.f.,,,,,,,,http://dizionario.internazionale.it/parola/cornice
1711,Alto Uso,corno,1,s.m.,,,,,,,,http://dizionario.internazionale.it/parola/corno
1712,Alta Disponibilità,cornuto,1,"agg., s.m.",,,,,,,,http://dizionario.internazionale.it/parola/cornuto
1713,Alto Uso,coro,1,s.m.,,,,,,,,http://dizionario.internazionale.it/parola/coro
1714,Alto Uso,corona,,s.f.,,,,,,,,http://dizionario.internazionale.it/parola/corona
1715,Fondamentale,corpo,,s.m.,,,,,,,,http://dizionario.internazionale.it/parola/corpo
1716,Alta Disponibilità,corporatura,,s.f.,,,,,,,,http://dizionario.internazionale.it/parola/corporatura
1717,Fondamentale,correggere,,v.tr.,,,,,Irr PP: corretto,,,http://dizionario.internazionale.it/parola/correggere
1718,Fondamentale,corrente,1,"p.pres., agg., s.f., s.m., avv.",,correre,,,,,,http://dizionario.internazionale.it/parola/corrente
1719,Fondamentale,correre,,v.intr. e tr.,,,,,Irr PP: corso,,a,http://dizionario.internazionale.it/parola/correre
1720,Alto Uso,correttamente,,avv.,,corretto,,,,,,http://dizionario.internazionale.it/parola/correttamente
1721,Alto Uso,corretto,,"p.pass., agg.",,correggere,,,,,,http://dizionario.internazionale.it/parola/corretto
1722,Alta Disponibilità,correzione,,s.f.,,,,,,,,http://dizionario.internazionale.it/parola/correzione
1723,Alto Uso,corridoio,,s.m.,,,,,,,,http://dizionario.internazionale.it/parola/corridoio
1724,Alta Disponibilità,corridore,1,"agg., s.m.",,,,,,,,http://dizionario.internazionale.it/parola/corridore
1725,Alta Disponibilità,corriera,,s.f.,,,,,,,,http://dizionario.internazionale.it/parola/corriera
1726,Fondamentale,corriere,,s.m.,,,,,,,,http://dizionario.internazionale.it/parola/corriere
1727,Alto Uso,corrispondente,,"p.pres., agg., s.m. e f.",,corrispondere,,,,,,http://dizionario.internazionale.it/parola/corrispondente
1728,Alto Uso,corrispondenza,,s.f.,,,,,,,,http://dizionario.internazionale.it/parola/corrispondenza
1729,Fondamentale,corrispondere,,v.intr. e tr.,,,,,Irr PP: corrisposto,,,http://dizionario.internazionale.it/parola/corrispondere
1730,Alto Uso,corruzione,,s.f.,,,,,,,,http://dizionario.internazionale.it/parola/corruzione
1731,Fondamentale,corsa,1,s.f.,,,,,,,,http://dizionario.internazionale.it/parola/corsa
1732,Alta Disponibilità,corsia,,s.f.,,,,,,,,http://dizionario.internazionale.it/parola/corsia
1733,Fondamentale,corso,1,s.m.,,,,,,,,http://dizionario.internazionale.it/parola/corso
1734,Fondamentale,corte,,s.f.,,,,,,,,http://dizionario.internazionale.it/parola/corte
1735,Alta Disponibilità,corteccia,,s.f.,,,,,,,,http://dizionario.internazionale.it/parola/corteccia
1736,Alta Disponibilità,corteggiare,,v.tr.,,,,,,,,http://dizionario.internazionale.it/parola/corteggiare
1737,Alto Uso,cortesia,,s.f.,,,,,,,,http://dizionario.internazionale.it/parola/cortesia
1738,Alto Uso,cortile,,s.m.,,,,,,,,http://dizionario.internazionale.it/parola/cortile
1739,Fondamentale,corto,1,agg.,,,,,,,,http://dizionario.internazionale.it/parola/corto
1740,Alta Disponibilità,corvo,1,s.m.,,,,,,,,http://dizionario.internazionale.it/parola/corvo
1741,Fondamentale,cosa,,s.f.,,,,,,,,http://dizionario.internazionale.it/parola/cosa
1742,Alto Uso,coscia,,s.f.,,,,,,,,http://dizionario.internazionale.it/parola/coscia
1743,Alta Disponibilità,cosciente,,agg.,,,,,,,,http://dizionario.internazionale.it/parola/cosciente
1744,Fondamentale,coscienza,,s.f.,,,,,,,,http://dizionario.internazionale.it/parola/coscienza
1745,Fondamentale,così,,avv.,,,,,,,,http://dizionario.internazionale.it/parola/cosi
1746,Fondamentale,cosiddetto,,agg.,,,,,,,,http://dizionario.internazionale.it/parola/cosiddetto
1747,Fondamentale,costa,,s.f.,,,,,,,,http://dizionario.internazionale.it/parola/costa
1748,Alto Uso,costante,,"agg., s.f.",,,,,,,,http://dizionario.internazionale.it/parola/costante
1749,Alto Uso,costantemente,,avv.,,costante,,,,,,http://dizionario.internazionale.it/parola/costantemente
1750,Fondamentale,costare,,v.intr.,,,,,,Essere,,http://dizionario.internazionale.it/parola/costare
1751,Alto Uso,costellazione,,s.f.,,,,,,,,http://dizionario.internazionale.it/parola/costellazione
1752,Fondamentale,costituire,,v.tr.,,,,"finire ""isc"" conjugation",,,,http://dizionario.internazionale.it/parola/costituire
1753,Alto Uso,costituzionale,,agg.,,,,,,,,http://dizionario.internazionale.it/parola/costituzionale
1754,Alto Uso,costituzione,,s.f.,,,,,,,,http://dizionario.internazionale.it/parola/costituzione
1755,Fondamentale,costo,1,s.m.,,,,,,,,http://dizionario.internazionale.it/parola/costo
1756,Alto Uso,costoso,,agg.,,,,,,,,http://dizionario.internazionale.it/parola/costoso
1757,Fondamentale,costringere,,v.tr.,,,,,Irr PP: costretto,,a,http://dizionario.internazionale.it/parola/costringere
1758,Fondamentale,costruire,,v.tr.,,,,"finire ""isc"" conjugation",,,,http://dizionario.internazionale.it/parola/costruire
1759,Alto Uso,costruttivo,,agg.,,,,,,,,http://dizionario.internazionale.it/parola/costruttivo
1760,Fondamentale,costruzione,,s.f.,,,,,,,,http://dizionario.internazionale.it/parola/costruzione
1761,Fondamentale,costume,,s.m.,,,,,,,,http://dizionario.internazionale.it/parola/costume
1762,Alta Disponibilità,cotoletta,,s.f.,,,,,,,,http://dizionario.internazionale.it/parola/cotoletta
1763,Alto Uso,cotone,,s.m.,,,,,,,,http://dizionario.internazionale.it/parola/cotone
1764,Alta Disponibilità,cottura,,s.f.,,,,,,,,http://dizionario.internazionale.it/parola/cottura
1765,Alta Disponibilità,covare,,"v.tr., v.intr.",,,,,,,,http://dizionario.internazionale.it/parola/covare
1766,Alta Disponibilità,covo,,s.m.,,,,,,,,http://dizionario.internazionale.it/parola/covo
1767,Alta Disponibilità,cozza,,s.f.,,,,,,,,http://dizionario.internazionale.it/parola/cozza
1768,Alta Disponibilità,cracker,,s.m.inv.,,,,,,,,http://dizionario.internazionale.it/parola/cracker
1769,Alto Uso,cranio,,s.m.,,,,,,,,http://dizionario.internazionale.it/parola/cranio
1770,Alto Uso,cravatta,,s.f.,,,,,,,,http://dizionario.internazionale.it/parola/cravatta
1771,Fondamentale,creare,,v.tr.,,,,,,,,http://dizionario.internazionale.it/parola/creare
1772,Alto Uso,creatività,,s.f.inv.,,,,,,,,http://dizionario.internazionale.it/parola/creativita
1773,Alto Uso,creativo,,"agg., s.m.",,,,,,,,http://dizionario.internazionale.it/parola/creativo
1774,Alto Uso,creatura,,s.f.,,,,,,,,http://dizionario.internazionale.it/parola/creatura
1775,Alto Uso,creazione,,s.f.,,,,,,,,http://dizionario.internazionale.it/parola/creazione
1776,Alto Uso,credente,,"p.pres., agg., s.m. e f.",,credere,,,,,,http://dizionario.internazionale.it/parola/credente
1777,Alta Disponibilità,credenza,1,s.f.,,,,,,,,http://dizionario.internazionale.it/parola/credenza
1778,Fondamentale,credere,,"v.intr. e tr., s.m.",,,,,,,di,http://dizionario.internazionale.it/parola/credere
1779,Alto Uso,credibile,,agg.,,,,,,,,http://dizionario.internazionale.it/parola/credibile
1780,Fondamentale,credito,,s.m.,,,,,,,,http://dizionario.internazionale.it/parola/credito
1781,Alto Uso,creditore,,s.m.,,,,,,,,http://dizionario.internazionale.it/parola/creditore
1782,Alta Disponibilità,credo,,s.m.inv.,,,,,,,,http://dizionario.internazionale.it/parola/credo
1783,Alto Uso,crema,,"s.f., s.m.inv., agg.inv.",,,,,,,,http://dizionario.internazionale.it/parola/crema
1784,Alta Disponibilità,crepaccio,,s.m.,,,,,,,,http://dizionario.internazionale.it/parola/crepaccio
1785,Alta Disponibilità,crêpe,1,s.f.inv.,,,,,,,,http://dizionario.internazionale.it/parola/crêpe
1786,Alto Uso,crescente,,"p.pres., agg., s.m., s.f.",,crescere,,,,,,http://dizionario.internazionale.it/parola/crescente
1787,Fondamentale,crescere,,v.intr. e tr.,,,,,Irr PP: cresciuto,Essere,,http://dizionario.internazionale.it/parola/crescere
1788,Fondamentale,crescita,,s.f.,,,,,,,,http://dizionario.internazionale.it/parola/crescita
1789,Alto Uso,cretino,,"agg., s.m.",,,,,,,,http://dizionario.internazionale.it/parola/cretino
1790,Alta Disponibilità,criceto,,s.m.,,,,,,,,http://dizionario.internazionale.it/parola/criceto
1791,Alto Uso,criminale,,"agg., s.m. e f.",,,,,,,,http://dizionario.internazionale.it/parola/criminale
1792,Alto Uso,crimine,,s.m.,,,,,,,,http://dizionario.internazionale.it/parola/crimine
1793,Alta Disponibilità,criniera,,s.f.,,,,,,,,http://dizionario.internazionale.it/parola/criniera
1794,Alta Disponibilità,crisantemo,,s.m.,,,,,,,,http://dizionario.internazionale.it/parola/crisantemo
1795,Fondamentale,crisi,,s.f.inv.,,,,,,,,http://dizionario.internazionale.it/parola/crisi
1796,Alto Uso,cristallo,,s.m.,,,,,,,,http://dizionario.internazionale.it/parola/cristallo
1797,Alto Uso,cristianesimo,,s.m.,,,,,,,,http://dizionario.internazionale.it/parola/cristianesimo
1798,Fondamentale,cristiano,,"agg., s.m.",,,,,,,,http://dizionario.internazionale.it/parola/cristiano
1799,Alto Uso,criterio,1,s.m.,,,,,,,,http://dizionario.internazionale.it/parola/criterio
1800,Fondamentale,critica,1,s.f.,,,,,,,,http://dizionario.internazionale.it/parola/critica
1801,Alto Uso,criticare,,v.tr.,,,,,,,,http://dizionario.internazionale.it/parola/criticare
1802,Fondamentale,critico,,"agg., s.m.",,,,,,,,http://dizionario.internazionale.it/parola/critico
1803,Alta Disponibilità,croato,,"agg., s.m.",,,Demonym,,,,,http://dizionario.internazionale.it/parola/croato
1804,Alto Uso,croce,,s.f.,,,,,,,,http://dizionario.internazionale.it/parola/croce
1805,Alta Disponibilità,crocifiggere,,v.tr.,,,,,Irr PP: crocifisso,,,http://dizionario.internazionale.it/parola/crocifiggere
1806,Alta Disponibilità,crocifisso,,"p.pass., agg., s.m.",,crocifiggere,,,,,,http://dizionario.internazionale.it/parola/crocifisso
1807,Alto Uso,crollare,,"v.intr., v.tr.",,,,,,Essere,,http://dizionario.internazionale.it/parola/crollare
1808,Alto Uso,cronaca,,s.f.,,,,,,,,http://dizionario.internazionale.it/parola/cronaca
1809,Alto Uso,cronico,,"agg., s.m.",,,,,,,,http://dizionario.internazionale.it/parola/cronico
1810,Alta Disponibilità,cronista,,s.m. e f.,,,,,,,,http://dizionario.internazionale.it/parola/cronista
1811,Alta Disponibilità,crostaceo,,s.m.,,,,,,,,http://dizionario.internazionale.it/parola/crostaceo
1812,Alta Disponibilità,crostino,,s.m.,,,,,,,,http://dizionario.internazionale.it/parola/crostino
1813,Alto Uso,crudele,,"agg., s.m.",,,,,,,,http://dizionario.internazionale.it/parola/crudele
1814,Alto Uso,crudo,,"agg., s.m.",,,,,,,,http://dizionario.internazionale.it/parola/crudo
1815,Alta Disponibilità,cu,,s.f. e m.inv.,,,Letters of the Alphabet,,,,,http://dizionario.internazionale.it/parola/cu
1816,Alto Uso,cubo,,"s.m., agg.",,,,,,,,http://dizionario.internazionale.it/parola/cubo
1817,Alto Uso,cucchiaio,,s.m.,,,,,,,,http://dizionario.internazionale.it/parola/cucchiaio
1818,Alta Disponibilità,cuccia,1,s.f.,,,,,,,,http://dizionario.internazionale.it/parola/cuccia
1819,Alto Uso,cucciolo,,s.m.,,,,,,,,http://dizionario.internazionale.it/parola/cucciolo
1820,Fondamentale,cucina,,s.f.,,,,,,,,http://dizionario.internazionale.it/parola/cucina
1821,Fondamentale,cucinare,,v.tr.,,,,,,,,http://dizionario.internazionale.it/parola/cucinare
1822,Alto Uso,cucire,,v.tr.,,,,,,,,http://dizionario.internazionale.it/parola/cucire
1823,Alta Disponibilità,cucito,,"p.pass., agg., s.m.",,cucire,,,,,,http://dizionario.internazionale.it/parola/cucito
1824,Alta Disponibilità,cucitura,,s.f.,,,,,,,,http://dizionario.internazionale.it/parola/cucitura
1825,Alto Uso,cuffia,,s.f.,,,,,,,,http://dizionario.internazionale.it/parola/cuffia
1826,Alto Uso,cugino,1,s.m.,,,,,,,,http://dizionario.internazionale.it/parola/cugino
1827,Fondamentale,cui,,pron.rel.,,,Relative Pronouns,,,,,http://dizionario.internazionale.it/parola/cui
1828,Alta Disponibilità,cullare,,v.tr.,,,,,,,,http://dizionario.internazionale.it/parola/cullare
1829,Fondamentale,culo,,s.m.,,,,,,,,http://dizionario.internazionale.it/parola/culo
1830,Alto Uso,culto,1,s.m.,,,,,,,,http://dizionario.internazionale.it/parola/culto
1831,Fondamentale,cultura,1,s.f.,,,,,,,,http://dizionario.internazionale.it/parola/cultura
1832,Fondamentale,culturale,,agg.,,,,,,,,http://dizionario.internazionale.it/parola/culturale
1833,Alta Disponibilità,cumulo,,s.m.,,,,,,,,http://dizionario.internazionale.it/parola/cumulo
1834,Alto Uso,cuocere,,v.tr. e intr.,,,,,Irr PP: cotto,,,http://dizionario.internazionale.it/parola/cuocere
1835,Alto Uso,cuoco,,s.m.,,,,,,,,http://dizionario.internazionale.it/parola/cuoco
1836,Fondamentale,cuore,,s.m.,,,,,,,,http://dizionario.internazionale.it/parola/cuore
1837,Alto Uso,cupo,,"agg., s.m.",,,,,,,,http://dizionario.internazionale.it/parola/cupo
1838,Fondamentale,cura,,s.f.,,,,,,,,http://dizionario.internazionale.it/parola/cura
1839,Fondamentale,curare,,v.tr.,,,,,,,,http://dizionario.internazionale.it/parola/curare
1840,Alto Uso,curiosare,,v.intr.,,,,,,,,http://dizionario.internazionale.it/parola/curiosare
1841,Alto Uso,curiosità,,s.f.inv.,,,,,,,,http://dizionario.internazionale.it/parola/curiosita
1842,Fondamentale,curioso,,"agg., s.m.",,,,,,,,http://dizionario.internazionale.it/parola/curioso
1843,Alto Uso,curriculum,,"s.m.inv., lat.",,,,,,,,http://dizionario.internazionale.it/parola/curriculum
1844,Alto Uso,curva,1,s.f.,,,,,,,,http://dizionario.internazionale.it/parola/curva
1845,Alto Uso,curvo,,"agg., s.m.",,,,,,,,http://dizionario.internazionale.it/parola/curvo
1846,Alto Uso,cuscino,,s.m.,,,,,,,,http://dizionario.internazionale.it/parola/cuscino
1847,Alto Uso,custode,,"s.m. e f., agg.",,,,,,,,http://dizionario.internazionale.it/parola/custode
1848,Alto Uso,custodia,,s.f.,,,,,,,,http://dizionario.internazionale.it/parola/custodia
1849,Alto Uso,custodire,,v.tr.,,,,"finire ""isc"" conjugation",,,,http://dizionario.internazionale.it/parola/custodire
1850,Fondamentale,da,1,prep.,,,Prepositions,,,,,http://dizionario.internazionale.it/parola/da
1851,Alta Disponibilità,dado,,s.m.,,,,,,,,http://dizionario.internazionale.it/parola/dado
1852,Alta Disponibilità,danese,,"agg., s.m. e f.",,,Demonym,,,,,http://dizionario.internazionale.it/parola/danese
1853,Alto Uso,dannato,,"p.pass., agg., s.m.",,dannare,,,,,,http://dizionario.internazionale.it/parola/dannato
1854,Alto Uso,danneggiare,,v.tr.,,,,,,,,http://dizionario.internazionale.it/parola/danneggiare
1855,Fondamentale,danno,,s.m.,,,,,,,,http://dizionario.internazionale.it/parola/danno
1856,Alta Disponibilità,dannoso,,agg.,,,,,,,,http://dizionario.internazionale.it/parola/dannoso
1857,Alto Uso,danza,,s.f.,,,,,,,,http://dizionario.internazionale.it/parola/danza
1858,Alto Uso,dappertutto,,avv.,,,,,,,,http://dizionario.internazionale.it/parola/dappertutto
1859,Fondamentale,dare,,"v.tr. e intr., s.m.",,,,,,,,http://dizionario.internazionale.it/parola/dare
1860,Fondamentale,data,1,s.f.,,,,,,,,http://dizionario.internazionale.it/parola/data
1861,Fondamentale,dato,,"p.pass., agg., s.m.",,dare,,,,,,http://dizionario.internazionale.it/parola/dato
1862,Alta Disponibilità,dattero,,s.m.,,,,,,,,http://dizionario.internazionale.it/parola/dattero
1863,Fondamentale,davanti,,"avv., agg.inv., s.m.inv.",,,,,,,,http://dizionario.internazionale.it/parola/davanti
1864,Alta Disponibilità,davanzale,,s.m.,,,,,,,,http://dizionario.internazionale.it/parola/davanzale
1865,Fondamentale,davvero,,avv.,,,,,,,,http://dizionario.internazionale.it/parola/davvero
1866,Alto Uso,dea,,s.f.,,,,,,,,http://dizionario.internazionale.it/parola/dea
1867,Fondamentale,debito,1,s.m.,,,,,,,,http://dizionario.internazionale.it/parola/debito
1868,Fondamentale,debole,,"agg., s.m. e f.",,,,,,,,http://dizionario.internazionale.it/parola/debole
1869,Alto Uso,debolezza,,s.f.,,debole,,,,,,http://dizionario.internazionale.it/parola/debolezza
1870,Alto Uso,decennio,,s.m.,,,,,,,,http://dizionario.internazionale.it/parola/decennio
1871,Fondamentale,decidere,,v.tr. e intr.,,,,,Irr PP: deciso,,di,http://dizionario.internazionale.it/parola/decidere
1872,Fondamentale,decina,,s.f.,,,,,,,,http://dizionario.internazionale.it/parola/decina
1873,Alto Uso,decisamente,,avv.,,deciso,,,,,,http://dizionario.internazionale.it/parola/decisamente
1874,Fondamentale,decisione,,s.f.,,,,,,,,http://dizionario.internazionale.it/parola/decisione
1875,Alto Uso,decisivo,,agg.,,,,,,,,http://dizionario.internazionale.it/parola/decisivo
1876,Alto Uso,deciso,,"p.pass., agg.",,decidere,,,,,,http://dizionario.internazionale.it/parola/deciso
1877,Alto Uso,decorare,,v.tr.,,,,,,,,http://dizionario.internazionale.it/parola/decorare
1878,Alta Disponibilità,decorato,,"p.pass., agg., s.m.",,decorare,,,,,,http://dizionario.internazionale.it/parola/decorato
1879,Alto Uso,decorazione,,s.f.,,,,,,,,http://dizionario.internazionale.it/parola/decorazione
1880,Alta Disponibilità,decoroso,,agg.,,,,,,,,http://dizionario.internazionale.it/parola/decoroso
1881,Alto Uso,decreto,1,s.m.,,,,,,,,http://dizionario.internazionale.it/parola/decreto
1882,Alta Disponibilità,dedica,,s.f.,,,,,,,,http://dizionario.internazionale.it/parola/dedica
1883,Fondamentale,dedicare,,v.tr.,,,,,,,,http://dizionario.internazionale.it/parola/dedicare
1884,Alto Uso,dedurre,,v.tr.,,-durre,,-rre verb,Irr PP: dedotto,,,http://dizionario.internazionale.it/parola/dedurre
1885,Alto Uso,deficiente,,"agg., s.m.",,,,,,,,http://dizionario.internazionale.it/parola/deficiente
1886,Fondamentale,definire,,v.tr.,,,,"finire ""isc"" conjugation",,,,http://dizionario.internazionale.it/parola/definire
1887,Alto Uso,definitivamente,,avv.,,definitivo,,,,,,http://dizionario.internazionale.it/parola/definitivamente
1888,Fondamentale,definitivo,,"agg., s.m.",,,,,,,,http://dizionario.internazionale.it/parola/definitivo
1889,Fondamentale,definizione,,s.f.,,,,,,,,http://dizionario.internazionale.it/parola/definizione
1890,Alta Disponibilità,deformare,,v.tr.,,,,,,,,http://dizionario.internazionale.it/parola/deformare
1891,Alta Disponibilità,deforme,,"agg., s.m.",,,,,,,,http://dizionario.internazionale.it/parola/deforme
1892,Alto Uso,defunto,,"p.pass., agg., s.m.",,,,,,,,http://dizionario.internazionale.it/parola/defunto
1893,Alto Uso,degno,,agg.,,,,,,,,http://dizionario.internazionale.it/parola/degno
1894,Alto Uso,degradare,,v.tr.,,,,,,,,http://dizionario.internazionale.it/parola/degradare
1895,Alto Uso,delegare,,v.tr.,,,,,,,,http://dizionario.internazionale.it/parola/delegare
1896,Alto Uso,delegato,,"p.pass., agg., s.m.",,delegare,,,,,,http://dizionario.internazionale.it/parola/delegato
1897,Alta Disponibilità,delegazione,,s.f.,,,,,,,,http://dizionario.internazionale.it/parola/delegazione
1898,Alta Disponibilità,delfino,1,s.m.,,,,,,,,http://dizionario.internazionale.it/parola/delfino
1899,Alta Disponibilità,delicatezza,,s.f.,,delicato,,,,,,http://dizionario.internazionale.it/parola/delicatezza
1900,Alto Uso,delicato,,"agg., s.m.",,,,,,,,http://dizionario.internazionale.it/parola/delicato
1901,Alta Disponibilità,delinquente,,"p.pres., agg., s.m. e f.",,delinquere ,,,,,,http://dizionario.internazionale.it/parola/delinquente
1902,Alta Disponibilità,delirare,,v.intr.,,,,,,,,http://dizionario.internazionale.it/parola/delirare
1903,Alto Uso,delirio,,s.m.,,,,,,,,http://dizionario.internazionale.it/parola/delirio
1904,Alto Uso,delitto,,s.m.,,,,,,,,http://dizionario.internazionale.it/parola/delitto
1905,Alta Disponibilità,delizia,1,s.f.,,,,,,,,http://dizionario.internazionale.it/parola/delizia
1906,Alto Uso,delizioso,,agg.,,,,,,,,http://dizionario.internazionale.it/parola/delizioso
1907,Alto Uso,deludere,,v.tr.,,,,,Irr PP: deluso,,,http://dizionario.internazionale.it/parola/deludere
1908,Alto Uso,delusione,,s.f.,,,,,,,,http://dizionario.internazionale.it/parola/delusione
1909,Alto Uso,deluso,,"p.pass., agg., s.m.",,deludere,,,,,,http://dizionario.internazionale.it/parola/deluso
1910,Alto Uso,democratico,,"agg., s.m.",,,,,,,,http://dizionario.internazionale.it/parola/democratico
1911,Fondamentale,democrazia,,s.f.,,,,,,,,http://dizionario.internazionale.it/parola/democrazia
1912,Alta Disponibilità,democristiano,,"agg., s.m.",,,,,,,,http://dizionario.internazionale.it/parola/democristiano
1913,Alta Disponibilità,demoralizzare,,v.tr.,,,,,,,,http://dizionario.internazionale.it/parola/demoralizzare
1914,Fondamentale,denaro,,s.m.,,,,,,,,http://dizionario.internazionale.it/parola/denaro
1915,Alto Uso,denominare,,v.tr.,,,,,,,,http://dizionario.internazionale.it/parola/denominare
1916,Alto Uso,denso,,agg.,,,,,,,,http://dizionario.internazionale.it/parola/denso
1917,Fondamentale,dente,,s.m.,,,,,,,,http://dizionario.internazionale.it/parola/dente
1918,Alta Disponibilità,dentiera,,s.f.,,,,,,,,http://dizionario.internazionale.it/parola/dentiera
1919,Alta Disponibilità,dentifricio,,s.m.,,,,,,,,http://dizionario.internazionale.it/parola/dentifricio
1920,Alto Uso,dentista,,s.m. e f.,,,,,,,,http://dizionario.internazionale.it/parola/dentista
1921,Fondamentale,dentro,,"avv., prep., s.m.",,,,,,,,http://dizionario.internazionale.it/parola/dentro
1922,Alto Uso,denuncia,,s.f.,,,,,,,,http://dizionario.internazionale.it/parola/denuncia
1923,Fondamentale,denunciare,,v.tr.,,,,,,,,http://dizionario.internazionale.it/parola/denunciare
1924,Alta Disponibilità,deodorante,,"p.pres., agg., s.m.",,deodorare,,,,,,http://dizionario.internazionale.it/parola/deodorante
1925,Alta Disponibilità,depilazione,,s.f.,,,,,,,,http://dizionario.internazionale.it/parola/depilazione
1926,Alto Uso,deporre,,"v.tr., v.intr.",,-porre,,-rre verb,Irr PP: deposto,,,http://dizionario.internazionale.it/parola/deporre
1927,Alto Uso,depositare,,v.tr.,,,,,,,,http://dizionario.internazionale.it/parola/depositare
1928,Alto Uso,deposito,,s.m.,,,,,,,,http://dizionario.internazionale.it/parola/deposito
1929,Alto Uso,deposizione,,s.f.,,,,,,,,http://dizionario.internazionale.it/parola/deposizione
1930,Alto Uso,depressione,,s.f.,,,,,,,,http://dizionario.internazionale.it/parola/depressione
1931,Alto Uso,deprimere,,v.tr.,,,,,Irr PP: depresso,,,http://dizionario.internazionale.it/parola/deprimere
1932,Alta Disponibilità,depuratore,,"agg., s.m.",,,,,,,,http://dizionario.internazionale.it/parola/depuratore
1933,Alto Uso,deputato,,"p.pass., agg., s.m.",,deputare,,,,,,http://dizionario.internazionale.it/parola/deputato
1934,Fondamentale,derivare,1,v.intr. e tr.,,,,,,,,http://dizionario.internazionale.it/parola/derivare
1935,Alta Disponibilità,derubare,,v.tr.,,,,,,,,http://dizionario.internazionale.it/parola/derubare
1936,Fondamentale,descrivere,,v.tr.,,,,,Irr PP: descritto,,,http://dizionario.internazionale.it/parola/descrivere
1937,Fondamentale,descrizione,,s.f.,,,,,,,,http://dizionario.internazionale.it/parola/descrizione
1938,Alto Uso,deserto,1,s.m.,,,,,,,,http://dizionario.internazionale.it/parola/deserto
1939,Alto Uso,deserto,2,agg.,,,,,,,,http://dizionario.internazionale.it/parola/deserto_2
1940,Fondamentale,desiderare,,v.tr.,,,,,,,,http://dizionario.internazionale.it/parola/desiderare
1941,Fondamentale,desiderio,,s.m.,,,,,,,,http://dizionario.internazionale.it/parola/desiderio
1942,Alto Uso,design,,s.m.inv.,,,,,,,,http://dizionario.internazionale.it/parola/design
1943,Alta Disponibilità,dessert,,s.m.inv.,,,,,,,,http://dizionario.internazionale.it/parola/dessert
1944,Fondamentale,destinare,,v.tr.,,,,,,,,http://dizionario.internazionale.it/parola/destinare
1945,Alto Uso,destinazione,,s.f.,,,,,,,,http://dizionario.internazionale.it/parola/destinazione
1946,Fondamentale,destino,,s.m.,,,,,,,,http://dizionario.internazionale.it/parola/destino
1947,Fondamentale,destra,,s.f.,,,,,,,,http://dizionario.internazionale.it/parola/destra
1948,Fondamentale,destro,,"agg., s.m.",,,,,,,,http://dizionario.internazionale.it/parola/destro
1949,Alto Uso,detective,,s.m.inv.,,,,,,,,http://dizionario.internazionale.it/parola/detective
1950,Alto Uso,detenere,,v.tr.,,,,,,,,http://dizionario.internazionale.it/parola/detenere
1951,Alta Disponibilità,detenuto,,"p.pass., agg., s.m.",,detenere,,,,,,http://dizionario.internazionale.it/parola/detenuto
1952,Fondamentale,determinare,,v.tr.,,,,,,,,http://dizionario.internazionale.it/parola/determinare
1953,Fondamentale,determinato,,"p.pass., agg.",,determinare,,,,,,http://dizionario.internazionale.it/parola/determinato
1954,Alto Uso,determinazione,,s.f.,,,,,,,,http://dizionario.internazionale.it/parola/determinazione
1955,Alta Disponibilità,detersivo,,"agg., s.m.",,,,,,,,http://dizionario.internazionale.it/parola/detersivo
1956,Alto Uso,dettagliato,,"p.pass., agg.",,dettagliare,,,,,,http://dizionario.internazionale.it/parola/dettagliato
1957,Fondamentale,dettaglio,,s.m.,,,,,,,,http://dizionario.internazionale.it/parola/dettaglio
1958,Alto Uso,dettare,,v.tr.,,,,,,,,http://dizionario.internazionale.it/parola/dettare
1959,Alta Disponibilità,dettato,1,"p.pass., agg., s.m.",,dettare,,,,,,http://dizionario.internazionale.it/parola/dettato
1960,Alto Uso,devastare,,v.tr.,,,,,,,,http://dizionario.internazionale.it/parola/devastare
1961,Alta Disponibilità,deviare,,v.intr. e tr.,,,,,,,,http://dizionario.internazionale.it/parola/deviare
1962,Alta Disponibilità,deviazione,,s.f.,,,,,,,,http://dizionario.internazionale.it/parola/deviazione
1963,Fondamentale,di,1,prep.,Preposition,,Prepositions,,,,,http://dizionario.internazionale.it/parola/di
1964,Alta Disponibilità,di,2,s.f. e m.inv.,Letter,,Letters of the Alphabet,,,,,http://dizionario.internazionale.it/parola/di_2
1965,Alto Uso,diagnosi,,s.f.inv.,,,,,,,,http://dizionario.internazionale.it/parola/diagnosi
1966,Fondamentale,dialetto,,s.m.,,,,,,,,http://dizionario.internazionale.it/parola/dialetto
1967,Alto Uso,dialogare,,v.intr. e tr.,,,,,,,,http://dizionario.internazionale.it/parola/dialogare
1968,Fondamentale,dialogo,,s.m.,,,,,,,,http://dizionario.internazionale.it/parola/dialogo
1969,Fondamentale,diamante,,s.m.,,,,,,,,http://dizionario.internazionale.it/parola/diamante
1970,Alto Uso,diametro,,s.m.,,,,,,,,http://dizionario.internazionale.it/parola/diametro
1971,Alto Uso,diario,,"s.m., agg.",,,,,,,,http://dizionario.internazionale.it/parola/diario
1972,Fondamentale,diavolo,,s.m.,,,,,,,,http://dizionario.internazionale.it/parola/diavolo
1973,Alto Uso,dibattito,,s.m.,,,,,,,,http://dizionario.internazionale.it/parola/dibattito
1974,Fondamentale,dicembre,,s.m.,,,Months of the Year,,,,,http://dizionario.internazionale.it/parola/dicembre
1975,Fondamentale,dichiarare,,v.tr.,,,,,,,,http://dizionario.internazionale.it/parola/dichiarare
1976,Fondamentale,dichiarazione,,s.f.,,,,,,,,http://dizionario.internazionale.it/parola/dichiarazione
1977,Alto Uso,diciotto,,"agg.num.card.inv., s.m.inv., s.f.pl.",,,Numbers,,,,,http://dizionario.internazionale.it/parola/diciotto
1978,Fondamentale,dieci,,"agg.num.card.inv., s.m.inv., s.f.pl., s.m.pl.",,,Numbers,,,,,http://dizionario.internazionale.it/parola/dieci
1979,Alto Uso,diecimila,,"agg.num.card.inv., s.m.inv.",,,Numbers,,,,,http://dizionario.internazionale.it/parola/diecimila
1980,Alto Uso,dieta,1,s.f.,,,,,,,,http://dizionario.internazionale.it/parola/dieta
1981,Alta Disponibilità,dietetico,,agg.,,,,,,,,http://dizionario.internazionale.it/parola/dietetico
1982,Fondamentale,dietro,,"prep., avv., agg.inv., s.m.",,,,,,,,http://dizionario.internazionale.it/parola/dietro
1983,Fondamentale,difendere,,v.tr.,,,,,Irr PP: difeso,,,http://dizionario.internazionale.it/parola/difendere
1984,Alto Uso,difensore,,"agg., s.m.",,,,,,,,http://dizionario.internazionale.it/parola/difensore
1985,Fondamentale,difesa,,s.f.,,,,,,,,http://dizionario.internazionale.it/parola/difesa
1986,Alto Uso,difetto,,s.m.,,,,,,,,http://dizionario.internazionale.it/parola/difetto
1987,Fondamentale,differente,,"p.pres., agg.",,differire,,,,,,http://dizionario.internazionale.it/parola/differente
1988,Fondamentale,differenza,,s.f.,,,,,,,,http://dizionario.internazionale.it/parola/differenza
1989,Fondamentale,difficile,,"agg., s.m.",,,,,,,,http://dizionario.internazionale.it/parola/difficile
1990,Alto Uso,difficilmente,,avv.,,difficile,,,,,,http://dizionario.internazionale.it/parola/difficilmente
1991,Fondamentale,difficoltà,,s.f.inv.,,,,,,,,http://dizionario.internazionale.it/parola/difficolta
1992,Alta Disponibilità,diffidente,,"agg., s.m. e f.",,,,,,,,http://dizionario.internazionale.it/parola/diffidente
1993,Alta Disponibilità,diffidenza,,s.f.,,,,,,,,http://dizionario.internazionale.it/parola/diffidenza
1994,Fondamentale,diffondere,,v.tr.,,,,,Irr PP: diffuso,,,http://dizionario.internazionale.it/parola/diffondere
1995,Alto Uso,diffusione,,s.f.,,,,,,,,http://dizionario.internazionale.it/parola/diffusione
1996,Alto Uso,diffuso,,"p.pass., agg.",,diffondere,,,,,,http://dizionario.internazionale.it/parola/diffuso
1997,Alta Disponibilità,diga,,s.f.,,,,,,,,http://dizionario.internazionale.it/parola/diga
1998,Alta Disponibilità,digestione,,s.f.,,,,,,,,http://dizionario.internazionale.it/parola/digestione
1999,Alta Disponibilità,digestivo,,"agg., s.m.",,,,,,,,http://dizionario.internazionale.it/parola/digestivo
2000,Alto Uso,digitale,3,"agg., s.m.",,,,,,,,http://dizionario.internazionale.it/parola/digitale_3
2001,Alta Disponibilità,digiunare,,v.intr.,,,,,,,,http://dizionario.internazionale.it/parola/digiunare
2002,Alto Uso,dignità,,s.f.inv.,,,,,,,,http://dizionario.internazionale.it/parola/dignita
2003,Alta Disponibilità,diluvio,1,s.m.,,,,,,,,http://dizionario.internazionale.it/parola/diluvio
2004,Alta Disponibilità,dimagrante,,"p.pres., agg.",,dimagrare,,,,,,http://dizionario.internazionale.it/parola/dimagrante
2005,Fondamentale,dimensione,,s.f.,,,,,,,,http://dizionario.internazionale.it/parola/dimensione
2006,Fondamentale,dimenticare,,v.tr.,,,,,,,di,http://dizionario.internazionale.it/parola/dimenticare
2007,Alto Uso,dimettere,,v.tr.,,,,,Irr PP: dimesso,,,http://dizionario.internazionale.it/parola/dimettere
2008,Alta Disponibilità,dimezzare,,v.tr.,,,,,,,,http://dizionario.internazionale.it/parola/dimezzare
2009,Alto Uso,diminuire,,v.tr. e intr.,,,,"finire ""isc"" conjugation",,,,http://dizionario.internazionale.it/parola/diminuire
2010,Fondamentale,dimostrare,,"v.tr., v.intr.",,,,,,,di,http://dizionario.internazionale.it/parola/dimostrare
2011,Alto Uso,dimostrazione,,s.f.,,,,,,,,http://dizionario.internazionale.it/parola/dimostrazione
2012,Alto Uso,dinamica,,s.f.,,,,,,,,http://dizionario.internazionale.it/parola/dinamica
2013,Alto Uso,dinamico,,agg.,,,,,,,,http://dizionario.internazionale.it/parola/dinamico
2014,Alta Disponibilità,dinosauro,,s.m.,,,,,,,,http://dizionario.internazionale.it/parola/dinosauro
2015,Alto Uso,dintorno,,"avv., s.m.",,,,,,,,http://dizionario.internazionale.it/parola/dintorno
2016,Fondamentale,dio,1,s.m.,,,,see also 'dea'; irregular plural 'gli dei',,,,http://dizionario.internazionale.it/parola/dio
2017,Alto Uso,dipartimento,1,s.m.,,,,,,,,http://dizionario.internazionale.it/parola/dipartimento
2018,Fondamentale,dipendente,,"p.pres., agg., s.m. e f.",,dipendere,,,,,,http://dizionario.internazionale.it/parola/dipendente
2019,Alto Uso,dipendenza,1,s.f.,,,,,,,,http://dizionario.internazionale.it/parola/dipendenza
2020,Fondamentale,dipendere,,v.intr.,,,,,Irr PP: dispeso,Essere,,http://dizionario.internazionale.it/parola/dipendere
2021,Alto Uso,dipingere,,v.tr.,,,,,Irr PP: dipinto,,,http://dizionario.internazionale.it/parola/dipingere
2022,Alto Uso,dipinto,,"p.pass., agg., s.m.",,dipingere,,,,,,http://dizionario.internazionale.it/parola/dipinto
2023,Alto Uso,diploma,,s.m.,,,,,,,,http://dizionario.internazionale.it/parola/diploma
2024,Alto Uso,diplomatico,1,"agg., s.m.",,,,,,,,http://dizionario.internazionale.it/parola/diplomatico
2025,Fondamentale,dire,,"v.tr. e intr., s.m.",,,,,Irr PP: detto,,di,http://dizionario.internazionale.it/parola/dire
2026,Alto Uso,diretta,,s.f.,,,,,,,,http://dizionario.internazionale.it/parola/diretta
2027,Fondamentale,direttamente,,avv.,,diretto,,,,,,http://dizionario.internazionale.it/parola/direttamente
2028,Fondamentale,diretto,,"p.pass., agg., s.m.",,dirigire,,,,,,http://dizionario.internazionale.it/parola/diretto
2029,Fondamentale,direttore,,"s.m., agg.",,,,,,,,http://dizionario.internazionale.it/parola/direttore
2030,Alta Disponibilità,direttrice,,s.f.,,,,,,,,http://dizionario.internazionale.it/parola/direttrice
2031,Fondamentale,direzione,,s.f.,,,,,,,,http://dizionario.internazionale.it/parola/direzione
2032,Alto Uso,dirigente,,"agg., s.m. e f.",,,,,,,,http://dizionario.internazionale.it/parola/dirigente
2033,Fondamentale,dirigere,,v.tr.,,,,,Irr PP: diretto,,,http://dizionario.internazionale.it/parola/dirigere
2034,Fondamentale,diritto,1,s.m.,,,,,,,,http://dizionario.internazionale.it/parola/diritto
2035,Alto Uso,disagio,,s.m.,,,,,,,,http://dizionario.internazionale.it/parola/disagio
2036,Alto Uso,disastro,,s.m.,,,,,,,,http://dizionario.internazionale.it/parola/disastro
2037,Alta Disponibilità,disattento,,agg.,,,,,,,,http://dizionario.internazionale.it/parola/disattento
2038,Alto Uso,discarica,,s.f.,,,,,,,,http://dizionario.internazionale.it/parola/discarica
2039,Alto Uso,discendere,,v.intr. e tr.,,,,,Irr PP: disceso,,,http://dizionario.internazionale.it/parola/discendere
2040,Alto Uso,discepolo,,s.m.,,,,,,,,http://dizionario.internazionale.it/parola/discepolo
2041,Alto Uso,discesa,,s.f.,,,,,,,,http://dizionario.internazionale.it/parola/discesa
2042,Alto Uso,disciplina,,s.f.,,,,,,,,http://dizionario.internazionale.it/parola/disciplina
2043,Fondamentale,disco,1,s.m.,,,,,,,,http://dizionario.internazionale.it/parola/disco
2044,Alta Disponibilità,discordia,,s.f.,,,,,,,,http://dizionario.internazionale.it/parola/discordia
2045,Fondamentale,discorso,1,s.m.,,,,,,,,http://dizionario.internazionale.it/parola/discorso
2046,Alto Uso,discoteca,,s.f.,,,,,,,,http://dizionario.internazionale.it/parola/discoteca
2047,Alto Uso,discreto,,"agg., s.m.",,,,,,,,http://dizionario.internazionale.it/parola/discreto
2048,Fondamentale,discussione,,s.f.,,,,,,,,http://dizionario.internazionale.it/parola/discussione
2049,Alto Uso,discusso,,"p.pass., agg.",,discutere,,,,,,http://dizionario.internazionale.it/parola/discusso
2050,Fondamentale,discutere,,v.tr. e intr.,,,,,Irr PP: discusso,,,http://dizionario.internazionale.it/parola/discutere
2051,Fondamentale,disegnare,,v.tr.,,,,,,,,http://dizionario.internazionale.it/parola/disegnare
2052,Fondamentale,disegno,,s.m.,,,,,,,,http://dizionario.internazionale.it/parola/disegno
2053,Alta Disponibilità,diseredare,,v.tr.,,,,,,,,http://dizionario.internazionale.it/parola/diseredare
2054,Alto Uso,disgrazia,,s.f.,,,,,,,,http://dizionario.internazionale.it/parola/disgrazia
2055,Alta Disponibilità,disinfettante,,"p.pres., agg.",,disinfettare,,,,,,http://dizionario.internazionale.it/parola/disinfettante
2056,Alta Disponibilità,disinfettare,,v.tr.,,,,,,,,http://dizionario.internazionale.it/parola/disinfettare
2057,Alta Disponibilità,disinteresse,,s.m.,,,,,,,,http://dizionario.internazionale.it/parola/disinteresse
2058,Alto Uso,disoccupazione,1,s.f.,,,,,,,,http://dizionario.internazionale.it/parola/disoccupazione
2059,Alta Disponibilità,disonesto,,"agg., s.m.",,,,,,,,http://dizionario.internazionale.it/parola/disonesto
2060,Alta Disponibilità,disordinato,,"p.pass., agg.",,disordinare,,,,,,http://dizionario.internazionale.it/parola/disordinato
2061,Alto Uso,disordine,,s.m.,,,,,,,,http://dizionario.internazionale.it/parola/disordine
2062,Alta Disponibilità,dispari,,agg.inv.,,,,,,,,http://dizionario.internazionale.it/parola/dispari
2063,Alta Disponibilità,dispensa,1,s.f.,,,,,,,,http://dizionario.internazionale.it/parola/dispensa
2064,Alto Uso,disperare,,v.tr. e intr.,,,,,,,,http://dizionario.internazionale.it/parola/disperare
2065,Alto Uso,disperato,,"p.pass., agg.",,disperare,,,,,,http://dizionario.internazionale.it/parola/disperato
2066,Alto Uso,disperazione,,s.f.,,,,,,,,http://dizionario.internazionale.it/parola/disperazione
2067,Alto Uso,disperdere,,v.tr.,,,,,Irr PP: disperso,,,http://dizionario.internazionale.it/parola/disperdere
2068,Alto Uso,dispetto,1,s.m.,,,,,,,,http://dizionario.internazionale.it/parola/dispetto
2069,Alta Disponibilità,dispettoso,,agg.,,,,,,,,http://dizionario.internazionale.it/parola/dispettoso
2070,Fondamentale,dispiacere,1,v.intr.,,,,,,,,http://dizionario.internazionale.it/parola/dispiacere
2071,Fondamentale,disponibile,,"agg., s.m.",,,,,,,,http://dizionario.internazionale.it/parola/disponibile
2072,Alto Uso,disponibilità,,s.f.inv.,,,,,,,,http://dizionario.internazionale.it/parola/disponibilita
2073,Fondamentale,disporre,,v.tr. e intr.,,-porre,,-rre verb,Irr PP: disposto,,,http://dizionario.internazionale.it/parola/disporre
2074,Alto Uso,dispositivo,,"agg., s.m.",,,,,,,,http://dizionario.internazionale.it/parola/dispositivo
2075,Fondamentale,disposizione,1,s.f.,,,,,,,,http://dizionario.internazionale.it/parola/disposizione
2076,Alto Uso,disprezzo,,s.m.,,,,,,,,http://dizionario.internazionale.it/parola/disprezzo
2077,Alta Disponibilità,dissenso,,s.m.,,,,,,,,http://dizionario.internazionale.it/parola/dissenso
2078,Alto Uso,distacco,,s.m.,,,,,,,,http://dizionario.internazionale.it/parola/distacco
2079,Alto Uso,distante,,"p.pres., agg., avv.",,distare,,,,,,http://dizionario.internazionale.it/parola/distante
2080,Fondamentale,distanza,,s.f.,,,,,,,,http://dizionario.internazionale.it/parola/distanza
2081,Alto Uso,distendere,,v.tr.,,,,,Irr PP: disteso,,,http://dizionario.internazionale.it/parola/distendere
2082,Alta Disponibilità,disteso,,"p.pass., agg., s.m.",,distendere,,,,,,http://dizionario.internazionale.it/parola/disteso
2083,Fondamentale,distinguere,,v.tr.,,,,,Irr PP: distinto,,,http://dizionario.internazionale.it/parola/distinguere
2084,Alta Disponibilità,distintivo,,"agg., s.m.",,,,,,,,http://dizionario.internazionale.it/parola/distintivo
2085,Alto Uso,distinto,,"p.pass., agg., s.m.",,,,,,,,http://dizionario.internazionale.it/parola/distinto
2086,Alto Uso,distinzione,,s.f.,,,,,,,,http://dizionario.internazionale.it/parola/distinzione
2087,Alto Uso,distrarre,,v.tr.,,-trarre,,-rre verb,Irr PP: distratto,,,http://dizionario.internazionale.it/parola/distrarre
2088,Alta Disponibilità,distratto,,"p.pass., agg.",,distrarre,,,,,,http://dizionario.internazionale.it/parola/distratto
2089,Alta Disponibilità,distrazione,,s.f.,,,,,,,,http://dizionario.internazionale.it/parola/distrazione
2090,Alto Uso,distretto,1,s.m.,,,,,,,,http://dizionario.internazionale.it/parola/distretto
2091,Fondamentale,distribuire,,v.tr.,,,,"finire ""isc"" conjugation",,,,http://dizionario.internazionale.it/parola/distribuire
2092,Alto Uso,distributore,,"agg., s.m.",,,,,,,,http://dizionario.internazionale.it/parola/distributore
2093,Alto Uso,distribuzione,,s.f.,,,,,,,,http://dizionario.internazionale.it/parola/distribuzione
2094,Fondamentale,distruggere,,v.tr.,,,,,Irr PP: distrutto,,,http://dizionario.internazionale.it/parola/distruggere
2095,Alta Disponibilità,distrutto,,"p.pass., agg.",,,,,,,,http://dizionario.internazionale.it/parola/distrutto
2096,Alto Uso,distruzione,,s.f.,,,,,,,,http://dizionario.internazionale.it/parola/distruzione
2097,Alto Uso,disturbare,,v.tr.,,,,,,,,http://dizionario.internazionale.it/parola/disturbare
2098,Alto Uso,disturbo,,s.m.,,,,,,,,http://dizionario.internazionale.it/parola/disturbo
2099,Alta Disponibilità,disubbidiente,,"p.pres., agg.",,disubbidire,,,,,,http://dizionario.internazionale.it/parola/disubbidiente
2100,Alta Disponibilità,disubbidienza,,s.f.,,disubbidire,,,,,,http://dizionario.internazionale.it/parola/disubbidienza
2101,Alta Disponibilità,disubbidire,,v.intr.,,,,"finire ""isc"" conjugation",,,,http://dizionario.internazionale.it/parola/disubbidire
2102,Fondamentale,dito,,s.m.,,,,Irregular Plural,,,,http://dizionario.internazionale.it/parola/dito
2103,Alto Uso,ditta,,s.f.,,,,,,,,http://dizionario.internazionale.it/parola/ditta
2104,Alto Uso,dittatura,,s.f.,,,,,,,,http://dizionario.internazionale.it/parola/dittatura
2105,Fondamentale,divano,,s.m.,,,,,,,,http://dizionario.internazionale.it/parola/divano
2106,Alta Disponibilità,divano-letto,,s.m.,,,,,,,,http://dizionario.internazionale.it/parola/divano-letto
2107,Fondamentale,divenire,,"v.intr., s.m.",,,,,Irr PP: divenuto,Essere,,http://dizionario.internazionale.it/parola/divenire
2108,Fondamentale,diventare,,v.intr.,,,,,,Essere,,http://dizionario.internazionale.it/parola/diventare
2109,Alto Uso,diversamente,,avv.,,diverso,,,,,,http://dizionario.internazionale.it/parola/diversamente
2110,Alto Uso,diversità,,s.f.inv.,,,,,,,,http://dizionario.internazionale.it/parola/diversita
2111,Fondamentale,diverso,,"agg., agg.indef., pron.indef., s.m.",,,,,,,,http://dizionario.internazionale.it/parola/diverso
2112,Fondamentale,divertente,,"p.pres., agg.",,divertire,,,,,,http://dizionario.internazionale.it/parola/divertente
2113,Alto Uso,divertimento,,s.m.,,divertire,,,,,,http://dizionario.internazionale.it/parola/divertimento
2114,Fondamentale,divertire,,v.tr.,,,,,,,a,http://dizionario.internazionale.it/parola/divertire
2115,Alto Uso,divertito,,"p.pass., agg.",,,,,,,,http://dizionario.internazionale.it/parola/divertito
2116,Fondamentale,dividere,,v.tr.,,,,,Irr PP: diviso,,,http://dizionario.internazionale.it/parola/dividere
2117,Alto Uso,divieto,,s.m.,,,,,,,,http://dizionario.internazionale.it/parola/divieto
2118,Alto Uso,divinità,,s.f.inv.,,,,,,,,http://dizionario.internazionale.it/parola/divinita
2119,Alto Uso,divino,,"agg., s.m.",,,,,,,,http://dizionario.internazionale.it/parola/divino
2120,Alto Uso,divisa,1,s.f.,,,,,,,,http://dizionario.internazionale.it/parola/divisa
2121,Alto Uso,divisione,,s.f.,,,,,,,,http://dizionario.internazionale.it/parola/divisione
2122,Alto Uso,divorare,,v.tr.,,,,,,,,http://dizionario.internazionale.it/parola/divorare
2123,Alta Disponibilità,divorziare,,v.intr.,,,,,,,,http://dizionario.internazionale.it/parola/divorziare
2124,Alto Uso,divorzio,,s.m.,,,,,,,,http://dizionario.internazionale.it/parola/divorzio
2125,Alto Uso,dizionario,,s.m.,,,,,,,,http://dizionario.internazionale.it/parola/dizionario
2126,Alta Disponibilità,do,1,s.m.inv.,,,,,,,,http://dizionario.internazionale.it/parola/do
2127,Alto Uso,doccia,,s.f.,,,,,,,,http://dizionario.internazionale.it/parola/doccia
2128,Alta Disponibilità,docciaschiuma,,s.m.inv.,,,,,,,,http://dizionario.internazionale.it/parola/docciaschiuma
2129,Alto Uso,docente,,"p.pres., agg., s.m. e f.",,docere,,,,,,http://dizionario.internazionale.it/parola/docente
2130,Alta Disponibilità,docile,,agg.,,,,,,,,http://dizionario.internazionale.it/parola/docile
2131,Alto Uso,documentare,,v.tr.,,,,,,,,http://dizionario.internazionale.it/parola/documentare
2132,Alto Uso,documentario,,"agg., s.m.",,,,,,,,http://dizionario.internazionale.it/parola/documentario
2133,Alto Uso,documentazione,,s.f.,,,,,,,,http://dizionario.internazionale.it/parola/documentazione
2134,Fondamentale,documento,,s.m.,,,,,,,,http://dizionario.internazionale.it/parola/documento
2135,Fondamentale,dodici,,"agg.num.card.inv., s.m.inv., s.f.pl., s.m.pl.",,,Numbers,,,,,http://dizionario.internazionale.it/parola/dodici
2136,Alta Disponibilità,dogana,,s.f.,,,,,,,,http://dizionario.internazionale.it/parola/dogana
2137,Fondamentale,dolce,,"agg., s.m., avv.",,,,,,,,http://dizionario.internazionale.it/parola/dolce
2138,Alto Uso,dolcezza,,s.f.,,dolce,,,,,,http://dizionario.internazionale.it/parola/dolcezza
2139,Alta Disponibilità,dolcificante,,"p.pres., agg., s.m.",,dolcificare,,,,,,http://dizionario.internazionale.it/parola/dolcificante
2140,Alta Disponibilità,dolciume,,s.m.,,,,,,,,http://dizionario.internazionale.it/parola/dolciume
2141,Alta Disponibilità,dolere,,v.intr.,,,,,,,,http://dizionario.internazionale.it/parola/dolere
2142,Alta Disponibilità,dolersi,,v.pronom.intr.,,,,,,,,http://dizionario.internazionale.it/parola/dolersi
2143,Fondamentale,dollaro,,s.m.,,,,,,,,http://dizionario.internazionale.it/parola/dollaro
2144,Fondamentale,dolore,,s.m.,,,,,,,,http://dizionario.internazionale.it/parola/dolore
2145,Alto Uso,doloroso,,agg.,,,,,,,,http://dizionario.internazionale.it/parola/doloroso
2146,Fondamentale,domanda,,s.f.,,,,,,,,http://dizionario.internazionale.it/parola/domanda
2147,Fondamentale,domandare,,v.tr. e intr.,,,,,,,di,http://dizionario.internazionale.it/parola/domandare
2148,Fondamentale,domani,,"avv., s.m.inv.",,,,,,,,http://dizionario.internazionale.it/parola/domani
2149,Fondamentale,domenica,,s.f.,,,Days of the Week,,,,,http://dizionario.internazionale.it/parola/domenica
2150,Alta Disponibilità,domestica,,s.f.,,,,,,,,http://dizionario.internazionale.it/parola/domestica
2151,Alto Uso,domestico,,"agg., s.m.",,,,,,,,http://dizionario.internazionale.it/parola/domestico
2152,Alto Uso,dominante,,"p.pres., agg., s.m. e f.",,dominare,,,,,,http://dizionario.internazionale.it/parola/dominante
2153,Alto Uso,dominare,,v.tr. e intr.,,,,,,,,http://dizionario.internazionale.it/parola/dominare
2154,Alto Uso,dominio,,s.m.,,,,,,,,http://dizionario.internazionale.it/parola/dominio
2155,Fondamentale,don,,s.m.inv.,,,,,,,,http://dizionario.internazionale.it/parola/don
2156,Alto Uso,donare,,v.tr. e intr.,,,,,,,,http://dizionario.internazionale.it/parola/donare
2157,Alta Disponibilità,dondolare,,v.tr. e intr.,,,,,,,,http://dizionario.internazionale.it/parola/dondolare
2158,Fondamentale,donna,,s.f.,,,,,,,,http://dizionario.internazionale.it/parola/donna
2159,Alto Uso,dono,,s.m.,,,,,,,,http://dizionario.internazionale.it/parola/dono
2160,Fondamentale,dopo,,"avv., prep., cong., agg.inv., s.m.inv.",,,,,,,,http://dizionario.internazionale.it/parola/dopo
2161,Alta Disponibilità,dopobarba,,s.m.inv.,,,,,,,,http://dizionario.internazionale.it/parola/dopobarba
2162,Fondamentale,doppio,,"agg., s.m., avv.",,,,,,,,http://dizionario.internazionale.it/parola/doppio
2163,Alta Disponibilità,doppione,,s.m.,,,,,,,,http://dizionario.internazionale.it/parola/doppione
2164,Alto Uso,dorato,,"p.pass., agg., s.m.",,dorare,,,,,,http://dizionario.internazionale.it/parola/dorato
2165,Alta Disponibilità,dormiglione,,"agg., s.m.",,,,,,,,http://dizionario.internazionale.it/parola/dormiglione
2166,Fondamentale,dormire,,"v.intr., v.tr.",,,,,,,,http://dizionario.internazionale.it/parola/dormire
2167,Alto Uso,dorso,,s.m.,,,,,,,,http://dizionario.internazionale.it/parola/dorso
2168,Alto Uso,dose,,s.f.,,,,,,,,http://dizionario.internazionale.it/parola/dose
2169,Alto Uso,dotare,,v.tr.,,,,,,,,http://dizionario.internazionale.it/parola/dotare
2170,Alto Uso,dotato,,"p.pass., agg.",,dotare,,,,,,http://dizionario.internazionale.it/parola/dotato
2171,Alto Uso,dote,,s.f.,,,,,,,,http://dizionario.internazionale.it/parola/dote
2172,Fondamentale,dottore,,s.m.,,,,,,,,http://dizionario.internazionale.it/parola/dottore
2173,Alto Uso,dottoressa,,s.f.,,,,,,,,http://dizionario.internazionale.it/parola/dottoressa
2174,Alto Uso,dottrina,,s.f.,,,,,,,,http://dizionario.internazionale.it/parola/dottrina
2175,Fondamentale,dove,,"avv., cong., s.m.inv.",,,,,,,,http://dizionario.internazionale.it/parola/dove
2176,Fondamentale,dovere,1,v.tr.,,,,,,,,http://dizionario.internazionale.it/parola/dovere
2177,Fondamentale,dovere,2,s.m.,,,,,,,,http://dizionario.internazionale.it/parola/dovere_2
2178,Alto Uso,dovuto,,"p.pass., agg., s.m.",,dovere,,,,,,http://dizionario.internazionale.it/parola/dovuto
2179,Alto Uso,dozzina,,s.f.,,,,,,,,http://dizionario.internazionale.it/parola/dozzina
2180,Alto Uso,drago,,s.m.,,,,,,,,http://dizionario.internazionale.it/parola/drago
2181,Alto Uso,dramma,1,s.m.,,,,,,,,http://dizionario.internazionale.it/parola/dramma
2182,Alto Uso,drammatico,,agg.,,,,,,,,http://dizionario.internazionale.it/parola/drammatico
2183,Alto Uso,dritto,1,"agg., avv., s.m.",,,,,,,,http://dizionario.internazionale.it/parola/dritto
2184,Alta Disponibilità,drizzare,,"v.tr., v.intr.",,,,,,,,http://dizionario.internazionale.it/parola/drizzare
2185,Fondamentale,droga,,s.f.,,,,,,,,http://dizionario.internazionale.it/parola/droga
2186,Alto Uso,drogare,,v.tr.,,,,,,,,http://dizionario.internazionale.it/parola/drogare
2187,Alta Disponibilità,drogato,,"p.pass., agg., s.m.",,drogare,,,,,,http://dizionario.internazionale.it/parola/drogato
2188,Fondamentale,dubbio,1,s.m.,,,,,,,,http://dizionario.internazionale.it/parola/dubbio
2189,Alto Uso,dubbio,2,agg.,,,,,,,,http://dizionario.internazionale.it/parola/dubbio_2
2190,Alto Uso,dubitare,,v.intr. e tr.,,,,,,,di,http://dizionario.internazionale.it/parola/dubitare
2191,Alta Disponibilità,dublinese,,"agg., s.m. e f.",,,Demonym,,,,,http://dizionario.internazionale.it/parola/dublinese
2192,Fondamentale,due,,"agg.num.card.inv., s.m.inv., s.f.pl.",,,Numbers,,,,,http://dizionario.internazionale.it/parola/due
2193,Alto Uso,duecento,,"agg.num.card.inv., s.m.inv.",,,Numbers,,,,,http://dizionario.internazionale.it/parola/duecento
2194,Alto Uso,duello,,s.m.,,,,,,,,http://dizionario.internazionale.it/parola/duello
2195,Alto Uso,duemila,,"agg.num.card.inv., s.m.inv.",,,Numbers,,,,,http://dizionario.internazionale.it/parola/duemila
2196,Fondamentale,dunque,,"cong., s.m.inv.",,,,,,,,http://dizionario.internazionale.it/parola/dunque
2197,Alta Disponibilità,duomo,1,s.m.,,,,,,,,http://dizionario.internazionale.it/parola/duomo
2198,Fondamentale,durante,,"p.pres., prep., s.m.inv.",,durare,,,,,,http://dizionario.internazionale.it/parola/durante
2199,Fondamentale,durare,,"v.intr., v.tr.",,,,,,Both,,http://dizionario.internazionale.it/parola/durare
2200,Fondamentale,durata,,s.f.,,,,,,,,http://dizionario.internazionale.it/parola/durata
2201,Fondamentale,duro,1,"agg., s.m., avv.",,,,,,,,http://dizionario.internazionale.it/parola/duro
2202,Alta Disponibilità,e,1,s.f. e m.inv.,Letter,,Letters of the Alphabet,,,,,http://dizionario.internazionale.it/parola/e
2203,Fondamentale,e,2,cong.,Conjunction,,,e / eppure,,,,http://dizionario.internazionale.it/parola/e_2
2204,Alto Uso,ebbene,,cong.,,,,,,,,http://dizionario.internazionale.it/parola/ebbene
2205,Alto Uso,ebraico,,"agg., s.m.",,,,,,,,http://dizionario.internazionale.it/parola/ebraico
2206,Fondamentale,ebreo,,"agg., s.m.",,,,,,,,http://dizionario.internazionale.it/parola/ebreo
2207,Alto Uso,eccellente,,"p.pres., agg.",,eccellere,,,,,,http://dizionario.internazionale.it/parola/eccellente
2208,Alto Uso,eccellenza,,s.f.,,,,,,,,http://dizionario.internazionale.it/parola/eccellenza
2209,Alto Uso,eccessivo,,agg.,,,,,,,,http://dizionario.internazionale.it/parola/eccessivo
2210,Alto Uso,eccesso,,s.m.,,,,,,,,http://dizionario.internazionale.it/parola/eccesso
2211,Alto Uso,eccetera,,avv.,,,,,,,,http://dizionario.internazionale.it/parola/eccetera
2212,Alto Uso,eccezionale,,agg.,,,,,,,,http://dizionario.internazionale.it/parola/eccezionale
2213,Alto Uso,eccezione,,s.f.,,,,,,,,http://dizionario.internazionale.it/parola/eccezione
2214,Alto Uso,eccitare,,v.tr.,,,,,,,,http://dizionario.internazionale.it/parola/eccitare
2215,Fondamentale,ecco,1,avv.,,,,,,,,http://dizionario.internazionale.it/parola/ecco
2216,Alto Uso,eco,1,"s.f.inv., s.m.",,,,,,,,http://dizionario.internazionale.it/parola/eco
2217,Alto Uso,ecologico,,agg.,,,,,,,,http://dizionario.internazionale.it/parola/ecologico
2218,Fondamentale,economia,,s.f.,,,,,,,,http://dizionario.internazionale.it/parola/economia
2219,Fondamentale,economico,,"agg., s.m.",,,,,,,,http://dizionario.internazionale.it/parola/economico
2220,Alto Uso,economista,,s.m. e f.,,,,,,,,http://dizionario.internazionale.it/parola/economista
2221,Fondamentale,edicola,,s.f.,,,,,,,,http://dizionario.internazionale.it/parola/edicola
2222,Fondamentale,edificio,,s.m.,,,,,,,,http://dizionario.internazionale.it/parola/edificio
2223,Fondamentale,editore,,"s.m., agg.",,,,,,,,http://dizionario.internazionale.it/parola/editore
2224,Alto Uso,editoriale,1,"agg., s.m.",,,,,,,,http://dizionario.internazionale.it/parola/editoriale
2225,Fondamentale,edizione,,s.f.,,,,,,,,http://dizionario.internazionale.it/parola/edizione
2226,Alto Uso,educare,,v.tr.,,,,,,,,http://dizionario.internazionale.it/parola/educare
2227,Alto Uso,educativo,,agg.,,,,,,,,http://dizionario.internazionale.it/parola/educativo
2228,Alta Disponibilità,educato,,"p.pass., agg.",,educare,,,,,,http://dizionario.internazionale.it/parola/educato
2229,Fondamentale,educazione,,s.f.,,,,,,,,http://dizionario.internazionale.it/parola/educazione
2230,Alta Disponibilità,effe,,s.f. e m.inv.,,,Letters of the Alphabet,,,,,http://dizionario.internazionale.it/parola/effe
2231,Fondamentale,effettivamente,,avv.,,effettivo,,,,,,http://dizionario.internazionale.it/parola/effettivamente
2232,Alto Uso,effettivo,,"agg., s.m.",,,,,,,,http://dizionario.internazionale.it/parola/effettivo
2233,Fondamentale,effetto,,s.m.,,,,,,,,http://dizionario.internazionale.it/parola/effetto
2234,Fondamentale,effettuare,,v.tr.,,,,,,,,http://dizionario.internazionale.it/parola/effettuare
2235,Alto Uso,efficace,,agg.,,,,,,,,http://dizionario.internazionale.it/parola/efficace
2236,Alto Uso,efficacia,,s.f.,,,,,,,,http://dizionario.internazionale.it/parola/efficacia
2237,Alto Uso,efficiente,,agg.,,,,,,,,http://dizionario.internazionale.it/parola/efficiente
2238,Alto Uso,efficienza,,s.f.,,,,,,,,http://dizionario.internazionale.it/parola/efficienza
2239,Alta Disponibilità,egiziano,,"agg., s.m.",,,Demonym,,,,,http://dizionario.internazionale.it/parola/egiziano
2240,Fondamentale,egli,1,pron.pers. di terza pers.m.sing.,,,Pron. Pers.,,,,,http://dizionario.internazionale.it/parola/egli
2241,Alto Uso,elaborare,,v.tr.,,,,,,,,http://dizionario.internazionale.it/parola/elaborare
2242,Alto Uso,elaborazione,,s.f.,,,,,,,,http://dizionario.internazionale.it/parola/elaborazione
2243,Alto Uso,elastico,,"agg., s.m.",,,,,,,,http://dizionario.internazionale.it/parola/elastico
2244,Fondamentale,elegante,,agg.,,,,,,,,http://dizionario.internazionale.it/parola/elegante
2245,Alto Uso,eleganza,,s.f.,,,,,,,,http://dizionario.internazionale.it/parola/eleganza
2246,Alto Uso,eleggere,,v.tr.,,,,,Irr PP: eletto,,,http://dizionario.internazionale.it/parola/eleggere
2247,Fondamentale,elementare,,agg.,,,,,,,,http://dizionario.internazionale.it/parola/elementare
2248,Fondamentale,elemento,,s.m.,,,,,,,,http://dizionario.internazionale.it/parola/elemento
2249,Alta Disponibilità,elemosina,,s.f.,,,,,,,,http://dizionario.internazionale.it/parola/elemosina
2250,Alto Uso,elencare,,v.tr.,,,,,,,,http://dizionario.internazionale.it/parola/elencare
2251,Fondamentale,elenco,,s.m.,,,,,,,,http://dizionario.internazionale.it/parola/elenco
2252,Alto Uso,elettorale,,agg.,,,,,,,,http://dizionario.internazionale.it/parola/elettorale
2253,Alto Uso,elettore,,s.m.,,,,,,,,http://dizionario.internazionale.it/parola/elettore
2254,Alta Disponibilità,elettricista,,s.m. e f.,,,,,,,,http://dizionario.internazionale.it/parola/elettricista
2255,Alta Disponibilità,elettricità,,s.f.inv.,,,,,,,,http://dizionario.internazionale.it/parola/elettricita
2256,Fondamentale,elettrico,,"agg., s.m.",,,,,,,,http://dizionario.internazionale.it/parola/elettrico
2257,Alta Disponibilità,elettrodomestico,,s.m.,,,,,,,,http://dizionario.internazionale.it/parola/elettrodomestico
2258,Alto Uso,elettromagnetico,,agg.,,,,,,,,http://dizionario.internazionale.it/parola/elettromagnetico
2259,Alto Uso,elettrone,,s.m.,,,,,,,,http://dizionario.internazionale.it/parola/elettrone
2260,Fondamentale,elettronico,,agg.,,,,,,,,http://dizionario.internazionale.it/parola/elettronico
2261,Alto Uso,elevare,,v.tr.,,,,,,,,http://dizionario.internazionale.it/parola/elevare
2262,Alto Uso,elevato,,"p.pass., agg.",,elevare,,,,,,http://dizionario.internazionale.it/parola/elevato
2263,Alto Uso,elezione,,s.f.,,,,,,,,http://dizionario.internazionale.it/parola/elezione
2264,Alta Disponibilità,elica,,s.f.,,,,,,,,http://dizionario.internazionale.it/parola/elica
2265,Alta Disponibilità,elicottero,,s.m.,,,,,,,,http://dizionario.internazionale.it/parola/elicottero
2266,Fondamentale,eliminare,,v.tr.,,,,,,,,http://dizionario.internazionale.it/parola/eliminare
2267,Alto Uso,eliminazione,,s.f.,,,,,,,,http://dizionario.internazionale.it/parola/eliminazione
2268,Alta Disponibilità,elle,,s.f. e m.inv.,,,Letters of the Alphabet,,,,,http://dizionario.internazionale.it/parola/elle
2269,Alta Disponibilità,elmo,,s.m.,,,,,,,,http://dizionario.internazionale.it/parola/elmo
2270,Fondamentale,e-mail,,s.f.inv.,,,,,,,,http://dizionario.internazionale.it/parola/e-mail
2271,Alto Uso,emanare,,v.intr. e tr.,,,,,,,,http://dizionario.internazionale.it/parola/emanare
2272,Alto Uso,emergenza,,s.f.,,,,,,,,http://dizionario.internazionale.it/parola/emergenza
2273,Fondamentale,emergere,,v.intr.,,,,,Irr PP: emerso,Essere,,http://dizionario.internazionale.it/parola/emergere
2274,Alto Uso,emettere,,v.tr.,,,,,Irr PP: emesso,,,http://dizionario.internazionale.it/parola/emettere
2275,Alta Disponibilità,emigrazione,,s.f.,,,,,,,,http://dizionario.internazionale.it/parola/emigrazione
2276,Alta Disponibilità,emiliano,,"agg., s.m.",,,Demonym,,,,,http://dizionario.internazionale.it/parola/emiliano
2277,Alto Uso,emissione,,s.f.,,,,,,,,http://dizionario.internazionale.it/parola/emissione
2278,Alta Disponibilità,emme,,s.f. e m.inv.,,,Letters of the Alphabet,,,,,http://dizionario.internazionale.it/parola/emme
2279,Alta Disponibilità,emmenthal,,s.m.inv.,,,,,,,,http://dizionario.internazionale.it/parola/emmenthal
2280,Alto Uso,emo,,s.m.inv.,,,,,,,,http://dizionario.internazionale.it/parola/emo
2281,Alto Uso,emotivo,,"agg., s.m.",,,,,,,,http://dizionario.internazionale.it/parola/emotivo
2282,Alta Disponibilità,emozionante,,"p.pres., agg.",,emozionare,,,,,,http://dizionario.internazionale.it/parola/emozionante
2283,Alto Uso,emozionare,,v.tr.,,,,,,,,http://dizionario.internazionale.it/parola/emozionare
2284,Alta Disponibilità,emozionato,,"p.pass., agg.",,emozionare,,,,,,http://dizionario.internazionale.it/parola/emozionato
2285,Fondamentale,emozione,,s.f.,,,,,,,,http://dizionario.internazionale.it/parola/emozione
2286,Alta Disponibilità,enciclopedia,,s.f.,,,,,,,,http://dizionario.internazionale.it/parola/enciclopedia
2287,Alto Uso,energetico,,"agg., s.m.",,,,,,,,http://dizionario.internazionale.it/parola/energetico
2288,Fondamentale,energia,,s.f.,,,,,,,,http://dizionario.internazionale.it/parola/energia
2289,Alta Disponibilità,enne,,s.f. e m.inv.,,,Letters of the Alphabet,,,,,http://dizionario.internazionale.it/parola/enne
2290,Alto Uso,ennesimo,,agg.,,,,,,,,http://dizionario.internazionale.it/parola/ennesimo
2291,Fondamentale,enorme,,agg.,,,,,,,,http://dizionario.internazionale.it/parola/enorme
2292,Fondamentale,ente,,s.m.,,,,,,,,http://dizionario.internazionale.it/parola/ente
2293,Alto Uso,entità,,s.f.inv.,,,,,,,,http://dizionario.internazionale.it/parola/entita
2294,Fondamentale,entrambi,,"pron.num.pl., agg.num.pl.",,,,,,,,http://dizionario.internazionale.it/parola/entrambi
2295,Fondamentale,entrare,,"v.intr., v.tr., s.m.",,,,,,Essere,,http://dizionario.internazionale.it/parola/entrare
2296,Fondamentale,entrata,,s.f.,,,,,,,,http://dizionario.internazionale.it/parola/entrata
2297,Fondamentale,entro,,"prep., avv.",,,,,,,,http://dizionario.internazionale.it/parola/entro
2298,Alto Uso,entusiasmo,,s.m.,,,,,,,,http://dizionario.internazionale.it/parola/entusiasmo
2299,Alto Uso,entusiasta,,"agg., s.m. e f.",,,,,,,,http://dizionario.internazionale.it/parola/entusiasta
2300,Alta Disponibilità,epifania,,s.f.,,,,,,,,http://dizionario.internazionale.it/parola/epifania
2301,Fondamentale,episodio,,s.m.,,,,,,,,http://dizionario.internazionale.it/parola/episodio
2302,Fondamentale,epoca,,s.f.,,,,,,,,http://dizionario.internazionale.it/parola/epoca
2303,Fondamentale,eppure,,cong.,,,,e / eppure,,,,http://dizionario.internazionale.it/parola/eppure
2304,Alto Uso,equazione,,s.f.,,,,,,,,http://dizionario.internazionale.it/parola/equazione
2305,Fondamentale,equilibrio,,s.m.,,,,,,,,http://dizionario.internazionale.it/parola/equilibrio
2306,Alta Disponibilità,equino,,"agg., s.m.",,,,,,,,http://dizionario.internazionale.it/parola/equino
2307,Alta Disponibilità,equipaggio,,s.m.,,,,,,,,http://dizionario.internazionale.it/parola/equipaggio
2308,Alto Uso,equivalere,,v.intr.,,,,,,,,http://dizionario.internazionale.it/parola/equivalere
2309,Alto Uso,equivoco,,"agg., s.m.",,,,,,,,http://dizionario.internazionale.it/parola/equivoco
2310,Fondamentale,era,,s.f.,,,,,,,,http://dizionario.internazionale.it/parola/era
2311,Alto Uso,erba,,s.f.,,,,,,,,http://dizionario.internazionale.it/parola/erba
2312,Alto Uso,erede,,s.m. e f.,,,,,,,,http://dizionario.internazionale.it/parola/erede
2313,Alto Uso,eredità,,s.f.inv.,,,,,,,,http://dizionario.internazionale.it/parola/eredita
2314,Alto Uso,ereditare,,v.tr.,,,,,,,,http://dizionario.internazionale.it/parola/ereditare
2315,Alta Disponibilità,ergastolo,,s.m.,,,,,,,,http://dizionario.internazionale.it/parola/ergastolo
2316,Alto Uso,ergere,,v.tr.,,,,,Irr PP: erto,,,http://dizionario.internazionale.it/parola/ergere
2317,Alta Disponibilità,ernia,,s.f.,,,,,,,,http://dizionario.internazionale.it/parola/ernia
2318,Fondamentale,eroe,,s.m.,,,,,,,,http://dizionario.internazionale.it/parola/eroe
2319,Alta Disponibilità,eroina,1,s.f.,,,,,,,,http://dizionario.internazionale.it/parola/eroina
2320,Alto Uso,erotico,,"agg., s.m.",,,,,,,,http://dizionario.internazionale.it/parola/erotico
2321,Alto Uso,errare,,"v.intr., v.tr.",,,,,,,,http://dizionario.internazionale.it/parola/errare
2322,Alta Disponibilità,erre,1,s.f. e m.inv.,,,Letters of the Alphabet,,,,,http://dizionario.internazionale.it/parola/erre
2323,Fondamentale,errore,,s.m.,,,,,,,,http://dizionario.internazionale.it/parola/errore
2324,Alto Uso,esagerare,,v.tr. e intr.,,,,,,,,http://dizionario.internazionale.it/parola/esagerare
2325,Alto Uso,esagerato,,"p.pass., agg., s.m.",,esagerare,,,,,,http://dizionario.internazionale.it/parola/esagerato
2326,Alta Disponibilità,esagerazione,,s.f.,,,,,,,,http://dizionario.internazionale.it/parola/esagerazione
2327,Alta Disponibilità,esagono,,"s.m., agg.",,,,,,,,http://dizionario.internazionale.it/parola/esagono
2328,Alto Uso,esaltare,,v.tr.,,,,,,,,http://dizionario.internazionale.it/parola/esaltare
2329,Alta Disponibilità,esaltazione,,s.f.,,,,,,,,http://dizionario.internazionale.it/parola/esaltazione
2330,Fondamentale,esame,,s.m.,,,,,,,,http://dizionario.internazionale.it/parola/esame
2331,Alto Uso,esaminare,,v.tr.,,,,,,,,http://dizionario.internazionale.it/parola/esaminare
2332,Fondamentale,esattamente,,avv.,,esatto,,,,,,http://dizionario.internazionale.it/parola/esattamente
2333,Fondamentale,esatto,1,"agg., avv.",,,,,,,,http://dizionario.internazionale.it/parola/esatto
2334,Alto Uso,esaurire,,v.tr.,,,,"finire ""isc"" conjugation",,,,http://dizionario.internazionale.it/parola/esaurire
2335,Alta Disponibilità,esca,,s.f.,,,,,,,,http://dizionario.internazionale.it/parola/esca
2336,Alta Disponibilità,eschimese,,"agg., s.m. e f.",,,Demonym,,,,,http://dizionario.internazionale.it/parola/eschimese
2337,Alto Uso,esclamare,,v.tr.,,,,,,,,http://dizionario.internazionale.it/parola/esclamare
2338,Alta Disponibilità,esclamazione,,s.f.,,,,,,,,http://dizionario.internazionale.it/parola/esclamazione
2339,Fondamentale,escludere,,v.tr.,,,,,Irr PP: escluso,,di,http://dizionario.internazionale.it/parola/escludere
2340,Alto Uso,esclusione,,s.f.,,,,,,,,http://dizionario.internazionale.it/parola/esclusione
2341,Alto Uso,esclusivamente,,avv.,,esclusivo,,,,,,http://dizionario.internazionale.it/parola/esclusivamente
2342,Alto Uso,esclusivo,,agg.,,,,,,,,http://dizionario.internazionale.it/parola/esclusivo
2343,Alto Uso,escluso,,"p.pass., agg., s.m.",,,,,,,,http://dizionario.internazionale.it/parola/escluso
2344,Alto Uso,esecutivo,,"agg., s.m.",,,,,,,,http://dizionario.internazionale.it/parola/esecutivo
2345,Alto Uso,esecuzione,,s.f.,,,,,,,,http://dizionario.internazionale.it/parola/esecuzione
2346,Fondamentale,eseguire,,v.tr.,,,,,,,,http://dizionario.internazionale.it/parola/eseguire
2347,Fondamentale,esempio,,s.m.,,,,,,,,http://dizionario.internazionale.it/parola/esempio
2348,Alto Uso,esemplare,1,s.m.,,,,,,,,http://dizionario.internazionale.it/parola/esemplare
2349,Alto Uso,esemplare,2,agg.,,,,,,,,http://dizionario.internazionale.it/parola/esemplare_2
2350,Alto Uso,esercitare,,v.tr.,,,,,,,,http://dizionario.internazionale.it/parola/esercitare
2351,Fondamentale,esercito,1,s.m.,,,,,,,,http://dizionario.internazionale.it/parola/esercito
2352,Fondamentale,esercizio,,s.m.,,,,,,,,http://dizionario.internazionale.it/parola/esercizio
2353,Alto Uso,esibire,,v.tr.,,,,"finire ""isc"" conjugation",,,,http://dizionario.internazionale.it/parola/esibire
2354,Fondamentale,esigenza,,s.f.,,,,,,,,http://dizionario.internazionale.it/parola/esigenza
2355,Alto Uso,esigere,,v.tr.,,,,,Irr PP: esatto,,,http://dizionario.internazionale.it/parola/esigere
2356,Alta Disponibilità,esilio,,s.m.,,,,,,,,http://dizionario.internazionale.it/parola/esilio
2357,Alto Uso,esistente,,"p.pres., agg., s.m.",,esistere,,,,,,http://dizionario.internazionale.it/parola/esistente
2358,Fondamentale,esistenza,,s.f.,,esistere,,,,,,http://dizionario.internazionale.it/parola/esistenza
2359,Fondamentale,esistere,,v.intr.,,,,,Irr PP: esistito,Essere,,http://dizionario.internazionale.it/parola/esistere
2360,Alto Uso,esitare,1,v.intr.,,,,,,,a,http://dizionario.internazionale.it/parola/esitare
2361,Alto Uso,esito,,s.m.,,,,,,,,http://dizionario.internazionale.it/parola/esito
2362,Alto Uso,esordio,,s.m.,,,,,,,,http://dizionario.internazionale.it/parola/esordio
2363,Alto Uso,espansione,,s.f.,,,,,,,,http://dizionario.internazionale.it/parola/espansione
2364,Alto Uso,espellere,,v.tr.,,,,,Irr PP: espulso,,,http://dizionario.internazionale.it/parola/espellere
2365,Fondamentale,esperienza,,s.f.,,,,,,,,http://dizionario.internazionale.it/parola/esperienza
2366,Alto Uso,esperimento,,s.m.,,,,,,,,http://dizionario.internazionale.it/parola/esperimento
2367,Fondamentale,esperto,,"p.pass., agg., s.m.",,,,,,,,http://dizionario.internazionale.it/parola/esperto
2368,Alto Uso,esplicito,,agg.,,,,,,,,http://dizionario.internazionale.it/parola/esplicito
2369,Alto Uso,esplodere,,v.intr. e tr.,,,,,Irr PP: esploso,Essere,,http://dizionario.internazionale.it/parola/esplodere
2370,Alto Uso,esplorare,,v.tr.,,,,,,,,http://dizionario.internazionale.it/parola/esplorare
2371,Alto Uso,esplosione,,s.f.,,,,,,,,http://dizionario.internazionale.it/parola/esplosione
2372,Alto Uso,esplosivo,,"agg., s.m.",,,,,,,,http://dizionario.internazionale.it/parola/esplosivo
2373,Alto Uso,esponente,,"p.pres., s.m. e f.",,esporre,,,,,,http://dizionario.internazionale.it/parola/esponente
2374,Fondamentale,esporre,,v.tr.,,-porre,,-rre verb,Irr PP: esposto,,,http://dizionario.internazionale.it/parola/esporre
2375,Alto Uso,esposizione,,s.f.,,,,,,,,http://dizionario.internazionale.it/parola/esposizione
2376,Fondamentale,espressione,,s.f.,,,,,,,,http://dizionario.internazionale.it/parola/espressione
2377,Alta Disponibilità,espresso,,"p.pass., agg., s.m.",,esprimere,,,,,,http://dizionario.internazionale.it/parola/espresso
2378,Fondamentale,esprimere,,v.tr.,,,,,Irr PP: espresso,,,http://dizionario.internazionale.it/parola/esprimere
2379,Fondamentale,essa,,pron.pers. di terza pers.f.,,,Pron. Pers.,,,,,http://dizionario.internazionale.it/parola/essa
2380,Alta Disponibilità,esse,1,s.f. e m.inv.,Letter,,Letters of the Alphabet,,,,,http://dizionario.internazionale.it/parola/esse
2381,Alto Uso,esse,2,pron.pers. di terza pers.f.pl.,Pronoun,,Pron. Pers.,,,,,http://dizionario.internazionale.it/parola/esse_2
2382,Alto Uso,essenza,,s.f.,,,,,,,,http://dizionario.internazionale.it/parola/essenza
2383,Alto Uso,essenziale,,"agg., s.m.",,,,,,,,http://dizionario.internazionale.it/parola/essenziale
2384,Alto Uso,essenzialmente,,avv.,,essenziale,,,,,,http://dizionario.internazionale.it/parola/essenzialmente
2385,Fondamentale,essere,1,v.intr.,,,,,,Essere,,http://dizionario.internazionale.it/parola/essere
2386,Fondamentale,essere,2,s.m.,,,,,,,,http://dizionario.internazionale.it/parola/essere_2
2387,Fondamentale,essi,,pron.pers. di terza pers.m.pl.,,,Pron. Pers.,,,,,http://dizionario.internazionale.it/parola/essi
2388,Fondamentale,esso,,pron.pers. di terza pers.m.sing.,,,Pron. Pers.,,,,,http://dizionario.internazionale.it/parola/esso
2389,Alto Uso,est,1,"s.m.inv., agg.inv.",,,,,,,,http://dizionario.internazionale.it/parola/est
2390,Fondamentale,estate,,s.f.,,,,,,,,http://dizionario.internazionale.it/parola/estate
2391,Alto Uso,estendere,,v.tr.,,,,,Irr PP: esteso,,,http://dizionario.internazionale.it/parola/estendere
2392,Alto Uso,estensione,,s.f.,,,,,,,,http://dizionario.internazionale.it/parola/estensione
2393,Fondamentale,esterno,1,"agg., s.m.",,,,,,,,http://dizionario.internazionale.it/parola/esterno
2394,Fondamentale,estero,,"agg., s.m.",,,,,,,,http://dizionario.internazionale.it/parola/estero
2395,Alto Uso,estetico,,agg.,,,,,,,,http://dizionario.internazionale.it/parola/estetico
2396,Alto Uso,estivo,,agg.,,,,,,,,http://dizionario.internazionale.it/parola/estivo
2397,Alta Disponibilità,estone,,"agg., s.m. e f.",,,Demonym,,,,,http://dizionario.internazionale.it/parola/estone
2398,Alto Uso,estraneo,,"agg., s.m.",,,,,,,,http://dizionario.internazionale.it/parola/estraneo
2399,Alto Uso,estrarre,,v.tr.,,-trarre,,-rre verb,Irr PP: estratto,,,http://dizionario.internazionale.it/parola/estrarre
2400,Alto Uso,estratto,,"p.pass., agg., s.m.",,estrarre,,,,,,http://dizionario.internazionale.it/parola/estratto
2401,Alto Uso,estrazione,,s.f.,,,,,,,,http://dizionario.internazionale.it/parola/estrazione
2402,Alto Uso,estremamente,,avv.,,estremo,,,,,,http://dizionario.internazionale.it/parola/estremamente
2403,Alto Uso,estremità,,s.f.inv.,,,,,,,,http://dizionario.internazionale.it/parola/estremita
2404,Fondamentale,estremo,,"agg., s.m.",,,,,,,,http://dizionario.internazionale.it/parola/estremo
2405,Fondamentale,età,,s.f.inv.,,,,,,,,http://dizionario.internazionale.it/parola/eta
2406,Alto Uso,eterno,,"agg., s.m.",,,,,,,,http://dizionario.internazionale.it/parola/eterno
2407,Alto Uso,etica,1,s.f.,,,,,,,,http://dizionario.internazionale.it/parola/etica
2408,Alto Uso,etichetta,2,s.f.,,,,,,,,http://dizionario.internazionale.it/parola/etichetta_2
2409,Alto Uso,etico,1,agg.,,,,,,,,http://dizionario.internazionale.it/parola/etico
2410,Alta Disponibilità,ettaro,,s.m.,,,,,,,,http://dizionario.internazionale.it/parola/ettaro
2411,Alta Disponibilità,etto,,s.m.,,,,,,,,http://dizionario.internazionale.it/parola/etto
2412,Fondamentale,euro,2,s.m.inv.,,,,,,,,http://dizionario.internazionale.it/parola/euro_2
2413,Fondamentale,europeo,,"agg., s.m.",,,Demonym,,,,,http://dizionario.internazionale.it/parola/europeo
2414,Alta Disponibilità,evadere,,v.intr. e tr.,,,,,Irr PP: evaso,,,http://dizionario.internazionale.it/parola/evadere
2415,Alta Disponibilità,evaporare,,v.intr. e tr.,,,,,,,,http://dizionario.internazionale.it/parola/evaporare
2416,Alto Uso,evasione,,s.f.,,,,,,,,http://dizionario.internazionale.it/parola/evasione
2417,Fondamentale,evento,,s.m.,,,,,,,,http://dizionario.internazionale.it/parola/evento
2418,Fondamentale,eventuale,,agg.,,,,,,,,http://dizionario.internazionale.it/parola/eventuale
2419,Alto Uso,eventualmente,,avv.,,eventuale,,,,,,http://dizionario.internazionale.it/parola/eventualmente
2420,Fondamentale,evidente,,agg.,,,,,,,,http://dizionario.internazionale.it/parola/evidente
2421,Fondamentale,evidentemente,,avv.,,evidente,,,,,,http://dizionario.internazionale.it/parola/evidentemente
2422,Alto Uso,evidenza,,s.f.,,,,,,,,http://dizionario.internazionale.it/parola/evidenza
2423,Alto Uso,evidenziare,,v.tr.,,,,,,,,http://dizionario.internazionale.it/parola/evidenziare
2424,Alta Disponibilità,evidenziatore,,"agg., s.m.",,,,,,,,http://dizionario.internazionale.it/parola/evidenziatore
2425,Fondamentale,evitare,,v.tr.,,,,,,,di,http://dizionario.internazionale.it/parola/evitare
2426,Alto Uso,evocare,,v.tr.,,,,,,,,http://dizionario.internazionale.it/parola/evocare
2427,Alto Uso,evoluzione,,s.f.,,,,,,,,http://dizionario.internazionale.it/parola/evoluzione
2428,Fondamentale,ex,,"agg. inv., s.m. e f.inv., prep.",,,,,,,,http://dizionario.internazionale.it/parola/ex
2429,Alto Uso,extra,,"agg.inv., s.m. e f.inv.",,,,,,,,http://dizionario.internazionale.it/parola/extra
2430,Fondamentale,fa,2,avv.,,,,,,,,http://dizionario.internazionale.it/parola/fa_2
2431,Fondamentale,fabbrica,,s.f.,,,,,,,,http://dizionario.internazionale.it/parola/fabbrica
2432,Alto Uso,fabbricare,,"v.tr., v.intr.",,,,,,,,http://dizionario.internazionale.it/parola/fabbricare
2433,Alta Disponibilità,fabbro,,s.m.,,,,,,,,http://dizionario.internazionale.it/parola/fabbro
2434,Alto Uso,faccenda,,s.f.,,,,,,,,http://dizionario.internazionale.it/parola/faccenda
2435,Fondamentale,faccia,,s.f.,,,,,,,,http://dizionario.internazionale.it/parola/faccia
2436,Alto Uso,facciata,,s.f.,,,,,,,,http://dizionario.internazionale.it/parola/facciata
2437,Fondamentale,facile,,"agg., avv.",,,,,,,,http://dizionario.internazionale.it/parola/facile
2438,Alto Uso,facilità,,s.f.inv.,,,,,,,,http://dizionario.internazionale.it/parola/facilita
2439,Alto Uso,facilitare,,v.tr.,,,,,,,,http://dizionario.internazionale.it/parola/facilitare
2440,Alta Disponibilità,facilitazione,,s.f.,,,,,,,,http://dizionario.internazionale.it/parola/facilitazione
2441,Fondamentale,facilmente,,avv.,,facile,,,,,,http://dizionario.internazionale.it/parola/facilmente
2442,Alto Uso,facoltà,,s.f.inv.,,,,,,,,http://dizionario.internazionale.it/parola/facolta
2443,Alta Disponibilità,fagiano,,s.m.,,,,,,,,http://dizionario.internazionale.it/parola/fagiano
2444,Alta Disponibilità,falco,,s.m.,,,,,,,,http://dizionario.internazionale.it/parola/falco
2445,Alta Disponibilità,falegname,,s.m.,,,,,,,,http://dizionario.internazionale.it/parola/falegname
2446,Alto Uso,fallimento,,s.m.,,,,,,,,http://dizionario.internazionale.it/parola/fallimento
2447,Alto Uso,fallire,,v.intr. e tr.,,,,"finire ""isc"" conjugation",,,,http://dizionario.internazionale.it/parola/fallire
2448,Alto Uso,fallito,,"p.pass., agg., s.m.",,,,,,,,http://dizionario.internazionale.it/parola/fallito
2449,Fondamentale,falso,,"agg., avv., s.m.",,,,,,,,http://dizionario.internazionale.it/parola/falso
2450,Alto Uso,fama,,s.f.,,,,,,,,http://dizionario.internazionale.it/parola/fama
2451,Fondamentale,fame,,s.f.,,,,,,,,http://dizionario.internazionale.it/parola/fame
2452,Fondamentale,famiglia,,s.f.,,,,,,,,http://dizionario.internazionale.it/parola/famiglia
2453,Fondamentale,familiare,,"agg., s.m. e f.",,,,,,,,http://dizionario.internazionale.it/parola/familiare
2454,Fondamentale,famoso,,agg.,,,,,,,,http://dizionario.internazionale.it/parola/famoso
2455,Alto Uso,fan,1,s.m. e f.inv.,,,,,,,,http://dizionario.internazionale.it/parola/fan
2456,Alta Disponibilità,fanale,,s.m.,,,,,,,,http://dizionario.internazionale.it/parola/fanale
2457,Alto Uso,fanciulla,,s.f.,,,,,,,,http://dizionario.internazionale.it/parola/fanciulla
2458,Alta Disponibilità,fanciullo,,"agg., s.m.",,,,,,,,http://dizionario.internazionale.it/parola/fanciullo
2459,Alto Uso,fango,,s.m.,,,,,,,,http://dizionario.internazionale.it/parola/fango
2460,Alta Disponibilità,fangoso,,agg.,,,,,,,,http://dizionario.internazionale.it/parola/fangoso
2461,Alto Uso,fantascienza,,s.f.,,,,,,,,http://dizionario.internazionale.it/parola/fantascienza
2462,Fondamentale,fantasia,,s.f.,,,,,,,,http://dizionario.internazionale.it/parola/fantasia
2463,Alto Uso,fantasma,,s.m.,,,,,,,,http://dizionario.internazionale.it/parola/fantasma
2464,Fondamentale,fantastico,,"agg., s.m.",,,,,,,,http://dizionario.internazionale.it/parola/fantastico
2465,Alta Disponibilità,fanteria,,s.f.,,,,,,,,http://dizionario.internazionale.it/parola/fanteria
2466,Alta Disponibilità,fantino,,s.m.,,,,,,,,http://dizionario.internazionale.it/parola/fantino
2467,Alta Disponibilità,fantoccio,,s.m.,,,,,,,,http://dizionario.internazionale.it/parola/fantoccio
2468,Fondamentale,fare,,"v.tr. e intr., s.m.",,,,,Irr PP: fatto,,,http://dizionario.internazionale.it/parola/fare
2469,Alto Uso,farfalla,,s.f.,,,,,,,,http://dizionario.internazionale.it/parola/farfalla
2470,Alto Uso,farina,,s.f.,,,,,,,,http://dizionario.internazionale.it/parola/farina
2471,Alto Uso,farmacia,,s.f.,,,,,,,,http://dizionario.internazionale.it/parola/farmacia
2472,Alto Uso,farmaco,,s.m.,,,,,,,,http://dizionario.internazionale.it/parola/farmaco
2473,Alta Disponibilità,faro,,s.m.,,,,,,,,http://dizionario.internazionale.it/parola/faro
2474,Fondamentale,fascia,,s.f.,,,,,,,,http://dizionario.internazionale.it/parola/fascia
2475,Alta Disponibilità,fasciatoio,,s.m.,,,,,,,,http://dizionario.internazionale.it/parola/fasciatoio
2476,Alto Uso,fascicolo,,s.m.,,,,,,,,http://dizionario.internazionale.it/parola/fascicolo
2477,Alto Uso,fascino,,s.m.,,,,,,,,http://dizionario.internazionale.it/parola/fascino
2478,Alto Uso,fascio,,s.m.,,,,,,,,http://dizionario.internazionale.it/parola/fascio
2479,Alto Uso,fascismo,,s.m.,,,,,,,,http://dizionario.internazionale.it/parola/fascismo
2480,Alto Uso,fascista,,"agg., s.m. e f.",,,,,,,,http://dizionario.internazionale.it/parola/fascista
2481,Fondamentale,fase,,s.f.,,,,,,,,http://dizionario.internazionale.it/parola/fase
2482,Fondamentale,fastidio,,s.m.,,,,,,,,http://dizionario.internazionale.it/parola/fastidio
2483,Alto Uso,fastidioso,,agg.,,,,,,,,http://dizionario.internazionale.it/parola/fastidioso
2484,Alto Uso,fata,,s.f.,,,,,,,,http://dizionario.internazionale.it/parola/fata
2485,Fondamentale,fatica,,s.f.,,,,,,,,http://dizionario.internazionale.it/parola/fatica
2486,Alto Uso,faticare,,"v.intr., v.tr.",,,,,,,,http://dizionario.internazionale.it/parola/faticare
2487,Alto Uso,faticoso,,agg.,,,,,,,,http://dizionario.internazionale.it/parola/faticoso
2488,Fondamentale,fatto,1,s.m.,,,,,,,,http://dizionario.internazionale.it/parola/fatto
2489,Fondamentale,fattore,,s.m.,,,,,,,,http://dizionario.internazionale.it/parola/fattore
2490,Alto Uso,fattoria,,s.f.,,,,,,,,http://dizionario.internazionale.it/parola/fattoria
2491,Alto Uso,fattura,,s.f.,,,,,,,,http://dizionario.internazionale.it/parola/fattura
2492,Alto Uso,fatturato,,"p.pass., agg., s.m.",,fatturare,,,,,,http://dizionario.internazionale.it/parola/fatturato
2493,Alta Disponibilità,fauna,,s.f.,,,,,,,,http://dizionario.internazionale.it/parola/fauna
2494,Alta Disponibilità,fava,,s.f.,,,,,,,,http://dizionario.internazionale.it/parola/fava
2495,Alto Uso,favola,1,s.f.,,,,,,,,http://dizionario.internazionale.it/parola/favola
2496,Alto Uso,favoloso,,agg.,,,,,,,,http://dizionario.internazionale.it/parola/favoloso
2497,Fondamentale,favore,,s.m.,,,,,,,,http://dizionario.internazionale.it/parola/favore
2498,Alto Uso,favorevole,,agg.,,,,,,,,http://dizionario.internazionale.it/parola/favorevole
2499,Alto Uso,favorire,,v.tr.,,,,"finire ""isc"" conjugation",,,,http://dizionario.internazionale.it/parola/favorire
2500,Alto Uso,fax,,s.m.inv.,,,,,,,,http://dizionario.internazionale.it/parola/fax
2501,Alto Uso,fazzoletto,,s.m.,,,,,,,,http://dizionario.internazionale.it/parola/fazzoletto
2502,Fondamentale,febbraio,,s.m.,,,Months of the Year,,,,,http://dizionario.internazionale.it/parola/febbraio
2503,Alto Uso,febbre,,s.f.,,,,,,,,http://dizionario.internazionale.it/parola/febbre
2504,Alta Disponibilità,fecondare,,v.tr.,,,,,,,,http://dizionario.internazionale.it/parola/fecondare
2505,Fondamentale,fede,,s.f.,,,,,,,,http://dizionario.internazionale.it/parola/fede
2506,Alto Uso,fedele,,"agg., s.m. e f.",,,,,,,,http://dizionario.internazionale.it/parola/fedele
2507,Alto Uso,fedeltà,,s.f.inv.,,,,,,,,http://dizionario.internazionale.it/parola/fedelta
2508,Alta Disponibilità,federa,,s.f.,,,,,,,,http://dizionario.internazionale.it/parola/federa
2509,Alto Uso,federale,,"agg., s.m.",,,,,,,,http://dizionario.internazionale.it/parola/federale
2510,Alto Uso,fegato,,s.m.,,,,,,,,http://dizionario.internazionale.it/parola/fegato
2511,Fondamentale,felice,,agg.,,,,,,,,http://dizionario.internazionale.it/parola/felice
2512,Alto Uso,felicità,,s.f.inv.,,,,,,,,http://dizionario.internazionale.it/parola/felicita
2513,Alta Disponibilità,felino,,"s.m., agg.",,,,,,,,http://dizionario.internazionale.it/parola/felino
2514,Alta Disponibilità,felpa,,s.f.,,,,,,,,http://dizionario.internazionale.it/parola/felpa
2515,Fondamentale,femmina,,s.f.,,,,,,,,http://dizionario.internazionale.it/parola/femmina
2516,Fondamentale,femminile,,"agg., s.m., s.f.",,,,,,,,http://dizionario.internazionale.it/parola/femminile
2517,Fondamentale,fenomeno,,s.m.,,,,,,,,http://dizionario.internazionale.it/parola/fenomeno
2518,Alto Uso,feria,,s.f.,,,,,,,,http://dizionario.internazionale.it/parola/feria
2519,Alta Disponibilità,feriale,1,agg.,,,,,,,,http://dizionario.internazionale.it/parola/feriale
2520,Alta Disponibilità,ferie,,s.f.pl.,,,,,,,,http://dizionario.internazionale.it/parola/ferie
2521,Alto Uso,ferire,,v.tr.,,,,"finire ""isc"" conjugation",,,,http://dizionario.internazionale.it/parola/ferire
2522,Fondamentale,ferita,1,s.f.,,,,,,,,http://dizionario.internazionale.it/parola/ferita
2523,Alto Uso,ferito,,"p.pass., agg., s.m.",,,,,,,,http://dizionario.internazionale.it/parola/ferito
2524,Alta Disponibilità,fermaglio,,s.m.,,,,,,,,http://dizionario.internazionale.it/parola/fermaglio
2525,Fondamentale,fermare,,"v.tr., v.intr.",,,,,,,a,http://dizionario.internazionale.it/parola/fermare
2526,Fondamentale,fermo,1,agg.,,,,,,,,http://dizionario.internazionale.it/parola/fermo
2527,Alto Uso,feroce,,agg.,,,,,,,,http://dizionario.internazionale.it/parola/feroce
2528,Alta Disponibilità,Ferragosto,,s.m.,,,,,,,,http://dizionario.internazionale.it/parola/Ferragosto
2529,Alta Disponibilità,ferramenta,,s.m. e f.inv.,,,,,,,,http://dizionario.internazionale.it/parola/ferramenta
2530,Fondamentale,ferro,,s.m.,,,,,,,,http://dizionario.internazionale.it/parola/ferro
2531,Alto Uso,ferrovia,,s.f.,,,,,,,,http://dizionario.internazionale.it/parola/ferrovia
2532,Alto Uso,ferroviario,,agg.,,,,,,,,http://dizionario.internazionale.it/parola/ferroviario
2533,Alta Disponibilità,ferroviere,,s.m.,,,,,,,,http://dizionario.internazionale.it/parola/ferroviere
2534,Alta Disponibilità,fertilizzante,,"p.pres., agg., s.m.",,fertilizzare,,,,,,http://dizionario.internazionale.it/parola/fertilizzante
2535,Alta Disponibilità,fessura,,s.f.,,,,,,,,http://dizionario.internazionale.it/parola/fessura
2536,Fondamentale,festa,,s.f.,,,,,,,,http://dizionario.internazionale.it/parola/festa
2537,Fondamentale,festeggiare,,v.tr. e intr.,,,,,,,,http://dizionario.internazionale.it/parola/festeggiare
2538,Alto Uso,festival,,s.m.inv.,,,,,,,,http://dizionario.internazionale.it/parola/festival
2539,Alta Disponibilità,festivo,,agg.,,,,,,,,http://dizionario.internazionale.it/parola/festivo
2540,Alto Uso,fetta,,s.f.,,,,,,,,http://dizionario.internazionale.it/parola/fetta
2541,Alto Uso,fiaba,,s.f.,,,,,,,,http://dizionario.internazionale.it/parola/fiaba
2542,Alta Disponibilità,fiala,,s.f.,,,,,,,,http://dizionario.internazionale.it/parola/fiala
2543,Alto Uso,fiamma,1,s.f.,,,,,,,,http://dizionario.internazionale.it/parola/fiamma
2544,Alta Disponibilità,fiammifero,,"s.m., agg.",,,,,,,,http://dizionario.internazionale.it/parola/fiammifero
2545,Fondamentale,fianco,,s.m.,,,,,,,,http://dizionario.internazionale.it/parola/fianco
2546,Alta Disponibilità,fiatare,,v.intr. e tr.,,,,,,,,http://dizionario.internazionale.it/parola/fiatare
2547,Alto Uso,fiato,,s.m.,,,,,,,,http://dizionario.internazionale.it/parola/fiato
2548,Alta Disponibilità,fibbia,,s.f.,,,,,,,,http://dizionario.internazionale.it/parola/fibbia
2549,Alto Uso,fibra,,s.f.,,,,,,,,http://dizionario.internazionale.it/parola/fibra
2550,Alto Uso,ficcare,,v.tr. e intr.,,,,,,,,http://dizionario.internazionale.it/parola/ficcare
2551,Alto Uso,fiction,,s.f.inv.,,,,,,,,http://dizionario.internazionale.it/parola/fiction
2552,Alta Disponibilità,fidanzamento,,s.m.,,,,,,,,http://dizionario.internazionale.it/parola/fidanzamento
2553,Alto Uso,fidanzarsi,,v.tr.,,,,,,,,http://dizionario.internazionale.it/parola/fidanzarsi
2554,Alto Uso,fidanzata,,s.f.,,,,,,,,http://dizionario.internazionale.it/parola/fidanzata
2555,Alto Uso,fidanzato,,"p.pass., agg., s.m.",,fidanzare,,,,,,http://dizionario.internazionale.it/parola/fidanzato
2556,Fondamentale,fidarsi,,v.pronom.intr.,,,,,,,,http://dizionario.internazionale.it/parola/fidarsi
2557,Fondamentale,fiducia,,s.f.,,,,,,,,http://dizionario.internazionale.it/parola/fiducia
2558,Alta Disponibilità,fiducioso,,agg.,,,,,,,,http://dizionario.internazionale.it/parola/fiducioso
2559,Alta Disponibilità,fieno,,s.m.,,,,,,,,http://dizionario.internazionale.it/parola/fieno
2560,Alto Uso,fiera,1,s.f.,,,,,,,,http://dizionario.internazionale.it/parola/fiera
2561,Alto Uso,fiero,,agg.,,,,,,,,http://dizionario.internazionale.it/parola/fiero
2562,Fondamentale,figlia,,s.f.,,,,,,,,http://dizionario.internazionale.it/parola/figlia
2563,Alta Disponibilità,figliastro,,s.m.,,,,,,,,http://dizionario.internazionale.it/parola/figliastro
2564,Fondamentale,figlio,,s.m.,,,,,,,,http://dizionario.internazionale.it/parola/figlio
2565,Fondamentale,figura,,s.f.,,,,,,,,http://dizionario.internazionale.it/parola/figura
2566,Fondamentale,figurare,,v.tr. e intr.,,,,,,,,http://dizionario.internazionale.it/parola/figurare
2567,Alta Disponibilità,figurina,,s.f.,,,,,,,,http://dizionario.internazionale.it/parola/figurina
2568,Fondamentale,fila,,s.f.,,,,,,,,http://dizionario.internazionale.it/parola/fila
2569,Alta Disponibilità,filante,,"p.pres., agg., s.m.",,filare,,,,,,http://dizionario.internazionale.it/parola/filante
2570,Alto Uso,filare,3,v.tr. e intr.,,,,,,,,http://dizionario.internazionale.it/parola/filare_3
2571,Alta Disponibilità,filastrocca,,s.f.,,,,,,,,http://dizionario.internazionale.it/parola/filastrocca
2572,Fondamentale,file,1,s.m.inv.,,,,,,,,http://dizionario.internazionale.it/parola/file
2573,Alta Disponibilità,filetto,,s.m.,,,,,,,,http://dizionario.internazionale.it/parola/filetto
2574,Fondamentale,film,,s.m.inv.,,,,,,,,http://dizionario.internazionale.it/parola/film
2575,Alto Uso,filmato,,"p.pass., agg., s.m.",,filmare,,,,,,http://dizionario.internazionale.it/parola/filmato
2576,Fondamentale,filo,1,s.m.,,,,,,,,http://dizionario.internazionale.it/parola/filo
2577,Fondamentale,filosofia,,s.f.,,,,,,,,http://dizionario.internazionale.it/parola/filosofia
2578,Alto Uso,filosofico,,agg.,,,,,,,,http://dizionario.internazionale.it/parola/filosofico
2579,Alto Uso,filosofo,,s.m.,,,,,,,,http://dizionario.internazionale.it/parola/filosofo
2580,Alto Uso,filtrare,,v.tr. e intr.,,,,,,,,http://dizionario.internazionale.it/parola/filtrare
2581,Alto Uso,filtro,1,s.m.,,,,,,,,http://dizionario.internazionale.it/parola/filtro
2582,Fondamentale,finale,,"agg., s.m., s.f.",,,,,,,,http://dizionario.internazionale.it/parola/finale
2583,Alto Uso,finalità,,s.f.inv.,,,,,,,,http://dizionario.internazionale.it/parola/finalita
2584,Fondamentale,finalmente,,avv.,,finale,,,,,,http://dizionario.internazionale.it/parola/finalmente
2585,Alto Uso,finanza,1,s.f.,,,,,,,,http://dizionario.internazionale.it/parola/finanza
2586,Alto Uso,finanziamento,,s.m.,,,,,,,,http://dizionario.internazionale.it/parola/finanziamento
2587,Alto Uso,finanziare,,v.tr.,,,,,,,,http://dizionario.internazionale.it/parola/finanziare
2588,Fondamentale,finanziario,,agg.,,,,,,,,http://dizionario.internazionale.it/parola/finanziario
2589,Alta Disponibilità,finanziatore,,"agg., s.m.",,,,,,,,http://dizionario.internazionale.it/parola/finanziatore
2590,Fondamentale,finché,,cong.,,,,,,,,http://dizionario.internazionale.it/parola/finche
2591,Fondamentale,fine,1,s.f. e m.,,,,,,,,http://dizionario.internazionale.it/parola/fine
2592,Alto Uso,fine,2,agg.,,,,,,,,http://dizionario.internazionale.it/parola/fine_2
2593,Fondamentale,finestra,,s.f.,,,,,,,,http://dizionario.internazionale.it/parola/finestra
2594,Alto Uso,finestrino,,s.m.,,,,,,,,http://dizionario.internazionale.it/parola/finestrino
2595,Fondamentale,fingere,,v.tr.,,,,,Irr PP: finto,,di,http://dizionario.internazionale.it/parola/fingere
2596,Alta Disponibilità,finimondo,,s.m.,,,,,,,,http://dizionario.internazionale.it/parola/finimondo
2597,Fondamentale,finire,,"v.tr. e intr., s.m.",,,,"finire ""isc"" conjugation",,,di,http://dizionario.internazionale.it/parola/finire
2598,Alto Uso,finito,,"p.pass., agg.",,,,,,,,http://dizionario.internazionale.it/parola/finito
2599,Alta Disponibilità,finlandese,,"agg., s.m. e f.",,,Demonym,,,,,http://dizionario.internazionale.it/parola/finlandese
2600,Fondamentale,fino,2,"prep., avv.",,,,,,,,http://dizionario.internazionale.it/parola/fino_2
2601,Alta Disponibilità,finocchio,1,s.m.,,,,,,,,http://dizionario.internazionale.it/parola/finocchio
2602,Alto Uso,finora,,avv.,,,,,,,,http://dizionario.internazionale.it/parola/finora
2603,Alto Uso,finta,,s.f.,,,,,,,,http://dizionario.internazionale.it/parola/finta
2604,Fondamentale,finto,,"p.pass., agg.",,,,,,,,http://dizionario.internazionale.it/parola/finto
2605,Alta Disponibilità,fiocco,1,s.m.,,,,,,,,http://dizionario.internazionale.it/parola/fiocco
2606,Alta Disponibilità,fionda,,s.f.,,,,,,,,http://dizionario.internazionale.it/parola/fionda
2607,Alta Disponibilità,fioraio,,s.m.,,,,,,,,http://dizionario.internazionale.it/parola/fioraio
2608,Fondamentale,fiore,1,s.m.,,,,,,,,http://dizionario.internazionale.it/parola/fiore
2609,Alto Uso,fiorentino,,"agg., s.m.",,,Demonym,,,,,http://dizionario.internazionale.it/parola/fiorentino
2610,Alta Disponibilità,fiorito,,"p.pass., agg.",,,,,,,,http://dizionario.internazionale.it/parola/fiorito
2611,Fondamentale,firma,,s.f.,,,,,,,,http://dizionario.internazionale.it/parola/firma
2612,Fondamentale,firmare,,v.tr.,,,,,,,,http://dizionario.internazionale.it/parola/firmare
2613,Alto Uso,fiscale,,"agg., s.m.",,,,,,,,http://dizionario.internazionale.it/parola/fiscale
2614,Alto Uso,fisicamente,,avv.,,fisico,,,,,,http://dizionario.internazionale.it/parola/fisicamente
2615,Fondamentale,fisico,,"agg., s.m.",,,,,,,,http://dizionario.internazionale.it/parola/fisico
2616,Fondamentale,fissare,,v.tr.,,,,,,,,http://dizionario.internazionale.it/parola/fissare
2617,Fondamentale,fisso,,"agg., avv., s.m.",,,,,,,,http://dizionario.internazionale.it/parola/fisso
2618,Alto Uso,fitto,1,"p.pass., agg., avv., s.m.",,,,,,,,http://dizionario.internazionale.it/parola/fitto
2619,Fondamentale,fiume,,s.m.,,,,,,,,http://dizionario.internazionale.it/parola/fiume
2620,Alta Disponibilità,fiuto,,s.m.,,,,,,,,http://dizionario.internazionale.it/parola/fiuto
2621,Alto Uso,flash,,s.m.inv.,,,,,,,,http://dizionario.internazionale.it/parola/flash
2622,Alta Disponibilità,flauto,1,s.m.,,,,,,,,http://dizionario.internazionale.it/parola/flauto
2623,Alto Uso,flessibile,,"agg., s.m. e f.",,,,,,,,http://dizionario.internazionale.it/parola/flessibile
2624,Alta Disponibilità,flora,,s.f.,,,,,,,,http://dizionario.internazionale.it/parola/flora
2625,Alto Uso,fluido,,"agg., s.m.",,,,,,,,http://dizionario.internazionale.it/parola/fluido
2626,Alta Disponibilità,fluoro,,s.m.,,,,,,,,http://dizionario.internazionale.it/parola/fluoro
2627,Alto Uso,flusso,1,s.m.,,,,,,,,http://dizionario.internazionale.it/parola/flusso
2628,Alta Disponibilità,foca,,s.f.,,,,,,,,http://dizionario.internazionale.it/parola/foca
2629,Alta Disponibilità,focaccia,,s.f.,,,,,,,,http://dizionario.internazionale.it/parola/focaccia
2630,Alta Disponibilità,fodera,,s.f.,,,,,,,,http://dizionario.internazionale.it/parola/fodera
2631,Alta Disponibilità,foderare,,v.tr.,,,,,,,,http://dizionario.internazionale.it/parola/foderare
2632,Alto Uso,foglia,,s.f.,,,,,,,,http://dizionario.internazionale.it/parola/foglia
2633,Fondamentale,foglio,,s.m.,,,,,,,,http://dizionario.internazionale.it/parola/foglio
2634,Alta Disponibilità,fogna,,s.f.,,,,,,,,http://dizionario.internazionale.it/parola/fogna
2635,Alto Uso,folla,,s.f.,,,,,,,,http://dizionario.internazionale.it/parola/folla
2636,Alto Uso,folle,1,"agg., s.m. e f.",,,,,,,,http://dizionario.internazionale.it/parola/folle
2637,Alto Uso,follia,,s.f.,,,,,,,,http://dizionario.internazionale.it/parola/follia
2638,Fondamentale,fondamentale,,"agg., s.f., s.m.",,,,,,,,http://dizionario.internazionale.it/parola/fondamentale
2639,Alto Uso,fondamentalmente,,avv.,,fondamentale,,,,,,http://dizionario.internazionale.it/parola/fondamentalmente
2640,Alto Uso,fondamento,,s.m.,,,,,,,,http://dizionario.internazionale.it/parola/fondamento
2641,Fondamentale,fondare,,v.tr.,,,,,,,,http://dizionario.internazionale.it/parola/fondare
2642,Alto Uso,fondatore,,s.m.,,,,,,,,http://dizionario.internazionale.it/parola/fondatore
2643,Alto Uso,fondazione,,s.f.,,,,,,,,http://dizionario.internazionale.it/parola/fondazione
2644,Alto Uso,fondere,,v.tr. e intr.,,,,,Irr PP: fuso,,,http://dizionario.internazionale.it/parola/fondere
2645,Fondamentale,fondo,,"agg., s.m., avv., loc. di comando",,,,,,,,http://dizionario.internazionale.it/parola/fondo
2646,Alto Uso,fontana,,s.f.,,,,,,,,http://dizionario.internazionale.it/parola/fontana
2647,Alta Disponibilità,fontanella,,s.f.,,,,,,,,http://dizionario.internazionale.it/parola/fontanella
2648,Fondamentale,fonte,1,"s.f., s.m.",,,,,,,,http://dizionario.internazionale.it/parola/fonte
2649,Alto Uso,forare,,v.tr.,,,,,,,,http://dizionario.internazionale.it/parola/forare
2650,Alta Disponibilità,forbice,,s.f.,,,,,,,,http://dizionario.internazionale.it/parola/forbice
2651,Alta Disponibilità,forchetta,,s.f.,,,,,,,,http://dizionario.internazionale.it/parola/forchetta
2652,Alta Disponibilità,forcina,,s.f.,,,,,,,,http://dizionario.internazionale.it/parola/forcina
2653,Alto Uso,foresta,,s.f.,,,,,,,,http://dizionario.internazionale.it/parola/foresta
2654,Alta Disponibilità,forestale,,"agg., s.m. e f.",,,,,,,,http://dizionario.internazionale.it/parola/forestale
2655,Alta Disponibilità,forfora,,s.f.,,,,,,,,http://dizionario.internazionale.it/parola/forfora
2656,Fondamentale,forma,,s.f.,,,,,,,,http://dizionario.internazionale.it/parola/forma
2657,Alta Disponibilità,formaggino,,s.m.,,,,,,,,http://dizionario.internazionale.it/parola/formaggino
2658,Alto Uso,formaggio,,s.m.,,,,,,,,http://dizionario.internazionale.it/parola/formaggio
2659,Alto Uso,formale,1,agg.,,,,,,,,http://dizionario.internazionale.it/parola/formale
2660,Fondamentale,formare,,v.tr.,,,,,,,,http://dizionario.internazionale.it/parola/formare
2661,Alto Uso,formato,,"p.pass., agg., s.m.",,formare,,,,,,http://dizionario.internazionale.it/parola/formato
2662,Fondamentale,formazione,,s.f.,,,,,,,,http://dizionario.internazionale.it/parola/formazione
2663,Fondamentale,formula,,s.f.,,,,,,,,http://dizionario.internazionale.it/parola/formula
2664,Alto Uso,formulare,1,v.tr.,,,,,,,,http://dizionario.internazionale.it/parola/formulare
2665,Alta Disponibilità,fornace,,s.f.,,,,,,,,http://dizionario.internazionale.it/parola/fornace
2666,Alta Disponibilità,fornaio,,s.m.,,,,,,,,http://dizionario.internazionale.it/parola/fornaio
2667,Alto Uso,fornello,,s.m.,,,,,,,,http://dizionario.internazionale.it/parola/fornello
2668,Fondamentale,fornire,,v.tr.,,,,"finire ""isc"" conjugation",,,,http://dizionario.internazionale.it/parola/fornire
2669,Alto Uso,fornitore,,"agg., s.m.",,,,,,,,http://dizionario.internazionale.it/parola/fornitore
2670,Alto Uso,forno,,s.m.,,,,,,,,http://dizionario.internazionale.it/parola/forno
2671,Alto Uso,foro,1,s.m.,,,,,,,,http://dizionario.internazionale.it/parola/foro
2672,Fondamentale,forse,,"avv., s.m.inv.",,,,,,,,http://dizionario.internazionale.it/parola/forse
2673,Fondamentale,forte,,"agg., avv., s.m.",,,,,,,,http://dizionario.internazionale.it/parola/forte
2674,Alto Uso,fortemente,,avv.,,forte,,,,,,http://dizionario.internazionale.it/parola/fortemente
2675,Fondamentale,fortuna,,s.f.,,,,,,,,http://dizionario.internazionale.it/parola/fortuna
2676,Alto Uso,fortunatamente,,avv.,,fortunato,,,,,,http://dizionario.internazionale.it/parola/fortunatamente
2677,Alto Uso,fortunato,,agg.,,,,,,,,http://dizionario.internazionale.it/parola/fortunato
2678,Alto Uso,forum,,s.m.inv.,,,,,,,,http://dizionario.internazionale.it/parola/forum
2679,Fondamentale,forza,,s.f.,,,,,,,,http://dizionario.internazionale.it/parola/forza
2680,Alto Uso,forzare,,v.tr. e intr.,,,,,,,,http://dizionario.internazionale.it/parola/forzare
2681,Alta Disponibilità,fosforescente,,agg.,,,,,,,,http://dizionario.internazionale.it/parola/fosforescente
2682,Alto Uso,fossa,1,s.f.,,,,,,,,http://dizionario.internazionale.it/parola/fossa
2683,Alta Disponibilità,fossetta,,s.f.,,,,,,,,http://dizionario.internazionale.it/parola/fossetta
2684,Alta Disponibilità,fosso,,s.m.,,,,,,,,http://dizionario.internazionale.it/parola/fosso
2685,Fondamentale,foto,,s.f.inv.,,,,,,,,http://dizionario.internazionale.it/parola/foto
2686,Alto Uso,fotografare,,v.tr.,,,,,,,,http://dizionario.internazionale.it/parola/fotografare
2687,Fondamentale,fotografia,,s.f.,,,,,,,,http://dizionario.internazionale.it/parola/fotografia
2688,Alto Uso,fotografico,,agg.,,,,,,,,http://dizionario.internazionale.it/parola/fotografico
2689,Alto Uso,fotografo,,s.m.,,,,,,,,http://dizionario.internazionale.it/parola/fotografo
2690,Alto Uso,fottere,,v.tr. e intr.,,,,,,,,http://dizionario.internazionale.it/parola/fottere
2691,Alta Disponibilità,foulard,,s.m.inv.,,,,,,,,http://dizionario.internazionale.it/parola/foulard
2692,Fondamentale,fra,2,prep.,,,Prepositions,,,,,http://dizionario.internazionale.it/parola/fra_2
2693,Alta Disponibilità,fracasso,,s.m.,,,,,,,,http://dizionario.internazionale.it/parola/fracasso
2694,Alto Uso,fragile,,agg.,,,,,,,,http://dizionario.internazionale.it/parola/fragile
2695,Alto Uso,frammento,,s.m.,,,,,,,,http://dizionario.internazionale.it/parola/frammento
2696,Alto Uso,francamente,,avv.,,franco,,,,,,http://dizionario.internazionale.it/parola/francamente
2697,Fondamentale,francese,,"agg., s.m. e f.",,,Demonym,,,,,http://dizionario.internazionale.it/parola/francese
2698,Alta Disponibilità,francobollo,,s.m.,,,,,,,,http://dizionario.internazionale.it/parola/francobollo
2699,Alta Disponibilità,frangia,,s.f.,,,,,,,,http://dizionario.internazionale.it/parola/frangia
2700,Fondamentale,frase,,s.f.,,,,,,,,http://dizionario.internazionale.it/parola/frase
2701,Fondamentale,fratello,,s.m.,,,Family,,,,,http://dizionario.internazionale.it/parola/fratello
2702,Alto Uso,frazione,,s.f.,,,,,,,,http://dizionario.internazionale.it/parola/frazione
2703,Alto Uso,freccia,,s.f.,,,,,,,,http://dizionario.internazionale.it/parola/freccia
2704,Alta Disponibilità,freddezza,,s.f.,,freddo,,,,,,http://dizionario.internazionale.it/parola/freddezza
2705,Fondamentale,freddo,,"agg., s.m.",,,,,,,,http://dizionario.internazionale.it/parola/freddo
2706,Fondamentale,fregare,,v.tr.,,,,,,,,http://dizionario.internazionale.it/parola/fregare
2707,Alto Uso,frenare,,v.tr. e intr.,,,,,,,,http://dizionario.internazionale.it/parola/frenare
2708,Alto Uso,frenetico,,agg.,,,,,,,,http://dizionario.internazionale.it/parola/frenetico
2709,Alto Uso,freno,,s.m.,,,,,,,,http://dizionario.internazionale.it/parola/freno
2710,Fondamentale,frequentare,,"v.tr., v.intr.",,,,,,,,http://dizionario.internazionale.it/parola/frequentare
2711,Alto Uso,frequente,,agg.,,,,,,,,http://dizionario.internazionale.it/parola/frequente
2712,Alto Uso,frequenza,,s.f.,,,,,,,,http://dizionario.internazionale.it/parola/frequenza
2713,Fondamentale,fresco,,"agg., s.m.",,,,,,,,http://dizionario.internazionale.it/parola/fresco
2714,Fondamentale,fretta,,s.f.,,,,,,,,http://dizionario.internazionale.it/parola/fretta
2715,Alto Uso,frigo,,s.m.inv.,,,,,,,,http://dizionario.internazionale.it/parola/frigo
2716,Alto Uso,frigorifero,,"agg., s.m.",,,,,,,,http://dizionario.internazionale.it/parola/frigorifero
2717,Alta Disponibilità,fringuello,,s.m.,,,,,,,,http://dizionario.internazionale.it/parola/fringuello
2718,Alta Disponibilità,frittata,,s.f.,,,,,,,,http://dizionario.internazionale.it/parola/frittata
2719,Alta Disponibilità,fritto,,"p.pass., agg., s.m.",,,,,,,,http://dizionario.internazionale.it/parola/fritto
2720,Alta Disponibilità,friulano,,"agg., s.m.",,,Demonym,,,,,http://dizionario.internazionale.it/parola/friulano
2721,Fondamentale,fronte,,"s.f., s.m.",,,,,,,,http://dizionario.internazionale.it/parola/fronte
2722,Alto Uso,frontiera,,s.f.,,,,,,,,http://dizionario.internazionale.it/parola/frontiera
2723,Alto Uso,frugare,,v.intr. e tr.,,,,,,,,http://dizionario.internazionale.it/parola/frugare
2724,Alta Disponibilità,frumento,,s.m.,,,,,,,,http://dizionario.internazionale.it/parola/frumento
2725,Alta Disponibilità,fruscio,,s.m.,,,,,,,,http://dizionario.internazionale.it/parola/fruscio
2726,Alta Disponibilità,frusta,,s.f.,,,,,,,,http://dizionario.internazionale.it/parola/frusta
2727,Alto Uso,frutta,,s.f.,,,,,,,,http://dizionario.internazionale.it/parola/frutta
2728,Alta Disponibilità,fruttivendolo,,s.m.,,,,,,,,http://dizionario.internazionale.it/parola/fruttivendolo
2729,Fondamentale,frutto,,s.m.,,,,,,,,http://dizionario.internazionale.it/parola/frutto
2730,Alto Uso,fucile,,s.m.,,,,,,,,http://dizionario.internazionale.it/parola/fucile
2731,Fondamentale,fuga,,s.f.,,,,,,,,http://dizionario.internazionale.it/parola/fuga
2732,Fondamentale,fuggire,,v.intr. e tr.,,,,,,,,http://dizionario.internazionale.it/parola/fuggire
2733,Alto Uso,fulmine,,s.m.,,,,,,,,http://dizionario.internazionale.it/parola/fulmine
2734,Fondamentale,fumare,,"v.intr. e tr., s.m",,,,,,,,http://dizionario.internazionale.it/parola/fumare
2735,Alto Uso,fumetto,,s.m.,,,,,,,,http://dizionario.internazionale.it/parola/fumetto
2736,Fondamentale,fumo,,"s.m., agg.inv.",,,,,,,,http://dizionario.internazionale.it/parola/fumo
2737,Alta Disponibilità,fune,,s.f.,,,,,,,,http://dizionario.internazionale.it/parola/fune
2738,Alto Uso,funerale,,"s.m., agg.",,,,,,,,http://dizionario.internazionale.it/parola/funerale
2739,Alto Uso,fungo,,s.m.,,,,,,,,http://dizionario.internazionale.it/parola/fungo
2740,Alto Uso,funzionale,,"agg., s.m.",,,,,,,,http://dizionario.internazionale.it/parola/funzionale
2741,Alto Uso,funzionamento,,s.m.,,,,,,,,http://dizionario.internazionale.it/parola/funzionamento
2742,Fondamentale,funzionare,,v.intr.,,,,,,,,http://dizionario.internazionale.it/parola/funzionare
2743,Alto Uso,funzionario,,s.m.,,,,,,,,http://dizionario.internazionale.it/parola/funzionario
2744,Fondamentale,funzione,,s.f.,,,,,,,,http://dizionario.internazionale.it/parola/funzione
2745,Fondamentale,fuoco,,"s.m., loc. di comando",,,,,,,,http://dizionario.internazionale.it/parola/fuoco
2746,Fondamentale,fuori,,"avv., prep., s.m.inv., agg.inv.",,,,,,,,http://dizionario.internazionale.it/parola/fuori
2747,Alto Uso,furbo,,"agg., s.m.",,,,,,,,http://dizionario.internazionale.it/parola/furbo
2748,Alta Disponibilità,furfante,,s.m. e f.,,,,,,,,http://dizionario.internazionale.it/parola/furfante
2749,Alto Uso,furgone,,s.m.,,,,,,,,http://dizionario.internazionale.it/parola/furgone
2750,Alto Uso,furia,,s.f.,,,,,,,,http://dizionario.internazionale.it/parola/furia
2751,Alto Uso,furioso,,agg.,,,,,,,,http://dizionario.internazionale.it/parola/furioso
2752,Alto Uso,furto,,s.m.,,,,,,,,http://dizionario.internazionale.it/parola/furto
2753,Alto Uso,fusione,,s.f.,,,,,,,,http://dizionario.internazionale.it/parola/fusione
2754,Alto Uso,fuso,2,"p.pass., agg., s.m.",,,,,,,,http://dizionario.internazionale.it/parola/fuso_2
2755,Fondamentale,futuro,,"agg., s.m.",,,,,,,,http://dizionario.internazionale.it/parola/futuro
2756,Alto Uso,gabbia,,s.f.,,,,,,,,http://dizionario.internazionale.it/parola/gabbia
2757,Alto Uso,galassia,,s.f.,,,,,,,,http://dizionario.internazionale.it/parola/galassia
2758,Alta Disponibilità,galeotto,1,s.m.,,,,,,,,http://dizionario.internazionale.it/parola/galeotto
2759,Alto Uso,galera,1,s.f.,,,,,,,,http://dizionario.internazionale.it/parola/galera
2760,Alta Disponibilità,galleggiare,,v.intr.,,,,,,,,http://dizionario.internazionale.it/parola/galleggiare
2761,Alto Uso,galleria,1,s.f.,,,,,,,,http://dizionario.internazionale.it/parola/galleria
2762,Alta Disponibilità,gallese,,"agg., s.m.",,,Demonym,,,,,http://dizionario.internazionale.it/parola/gallese
2763,Alta Disponibilità,galletta,1,s.f.,,,,,,,,http://dizionario.internazionale.it/parola/galletta
2764,Alto Uso,gallina,,s.f.,,,,,,,,http://dizionario.internazionale.it/parola/gallina
2765,Alta Disponibilità,gallo,1,"s.m., s.m.inv.",,,,,,,,http://dizionario.internazionale.it/parola/gallo
2766,Fondamentale,gamba,,s.f.,,,,,,,,http://dizionario.internazionale.it/parola/gamba
2767,Alta Disponibilità,gambero,,s.m.,,,,,,,,http://dizionario.internazionale.it/parola/gambero
2768,Alta Disponibilità,gambo,,s.m.,,,,,,,,http://dizionario.internazionale.it/parola/gambo
2769,Alta Disponibilità,ganascia,,s.f.,,,,,,,,http://dizionario.internazionale.it/parola/ganascia
2770,Alta Disponibilità,gancio,,s.m.,,,,,,,,http://dizionario.internazionale.it/parola/gancio
2771,Fondamentale,gara,,s.f.,,,,,,,,http://dizionario.internazionale.it/parola/gara
2772,Alto Uso,garage,,s.m.inv.,,,,,,,,http://dizionario.internazionale.it/parola/garage
2773,Fondamentale,garantire,,v.tr. e intr.,,,,"finire ""isc"" conjugation",,,,http://dizionario.internazionale.it/parola/garantire
2774,Alto Uso,garanzia,,s.f.,,,,,,,,http://dizionario.internazionale.it/parola/garanzia
2775,Alta Disponibilità,garbo,1,s.m.,,,,,,,,http://dizionario.internazionale.it/parola/garbo
2776,Alta Disponibilità,gargarismo,,s.m.,,,,,,,,http://dizionario.internazionale.it/parola/gargarismo
2777,Alta Disponibilità,garofano,,s.m.,,,,,,,,http://dizionario.internazionale.it/parola/garofano
2778,Alta Disponibilità,garza,1,s.f.,,,,,,,,http://dizionario.internazionale.it/parola/garza
2779,Fondamentale,gas,,s.m.inv.,,,,,,,,http://dizionario.internazionale.it/parola/gas
2780,Alta Disponibilità,gasolio,,s.m.,,,,,,,,http://dizionario.internazionale.it/parola/gasolio
2781,Alta Disponibilità,gassosa,,s.f.,,,,,,,,http://dizionario.internazionale.it/parola/gassosa
2782,Alta Disponibilità,gastronomia,,s.f.,,,,,,,,http://dizionario.internazionale.it/parola/gastronomia
2783,Fondamentale,gatto,,s.m.,,,,,,,,http://dizionario.internazionale.it/parola/gatto
2784,Alta Disponibilità,gavetta,1,s.f.,,,,,,,,http://dizionario.internazionale.it/parola/gavetta
2785,Alto Uso,gay,,"agg.inv., s.m. e f.inv.",,,,,,,,http://dizionario.internazionale.it/parola/gay
2786,Alta Disponibilità,gazza,,s.f.,,,,,,,,http://dizionario.internazionale.it/parola/gazza
2787,Alta Disponibilità,gelateria,,s.f.,,,,,,,,http://dizionario.internazionale.it/parola/gelateria
2788,Alta Disponibilità,gelatina,,s.f.,,,,,,,,http://dizionario.internazionale.it/parola/gelatina
2789,Alto Uso,gelato,,"p.pass., agg., s.m.",,gelare,,,,,,http://dizionario.internazionale.it/parola/gelato
2790,Alto Uso,gelido,,agg.,,,,,,,,http://dizionario.internazionale.it/parola/gelido
2791,Alta Disponibilità,gelo,1,s.m.,,,,,,,,http://dizionario.internazionale.it/parola/gelo
2792,Alto Uso,gelosia,1,s.f.,,,,,,,,http://dizionario.internazionale.it/parola/gelosia
2793,Alto Uso,geloso,,agg.,,,,,,,,http://dizionario.internazionale.it/parola/geloso
2794,Alta Disponibilità,gelsomino,,s.m.,,,,,,,,http://dizionario.internazionale.it/parola/gelsomino
2795,Alto Uso,gemello,,"agg., s.m.",,,,,,,,http://dizionario.internazionale.it/parola/gemello
2796,Alta Disponibilità,gemma,,s.f.,,,,,,,,http://dizionario.internazionale.it/parola/gemma
2797,Alto Uso,gene,,s.m.,,,,,,,,http://dizionario.internazionale.it/parola/gene
2798,Fondamentale,generale,,"agg., s.m. e f.",,,,,,,,http://dizionario.internazionale.it/parola/generale
2799,Alto Uso,generalmente,,avv.,,generale,,,,,,http://dizionario.internazionale.it/parola/generalmente
2800,Fondamentale,generare,,v.tr.,,,,,,,,http://dizionario.internazionale.it/parola/generare
2801,Fondamentale,generazione,,s.f.,,,,,,,,http://dizionario.internazionale.it/parola/generazione
2802,Fondamentale,genere,,s.m.,,,,,,,,http://dizionario.internazionale.it/parola/genere
2803,Alto Uso,generico,,"agg., s.m.",,,,,,,,http://dizionario.internazionale.it/parola/generico
2804,Alta Disponibilità,generosità,,s.f.inv.,,,,,,,,http://dizionario.internazionale.it/parola/generosita
2805,Alto Uso,generoso,,agg.,,,,,,,,http://dizionario.internazionale.it/parola/generoso
2806,Alto Uso,genetico,,agg.,,,,,,,,http://dizionario.internazionale.it/parola/genetico
2807,Alta Disponibilità,gengiva,,s.f.,,,,,,,,http://dizionario.internazionale.it/parola/gengiva
2808,Alto Uso,geniale,,agg.,,,,,,,,http://dizionario.internazionale.it/parola/geniale
2809,Alto Uso,genio,1,s.m.,,,,,,,,http://dizionario.internazionale.it/parola/genio
2810,Fondamentale,genitore,,s.m.,,,,,,,,http://dizionario.internazionale.it/parola/genitore
2811,Fondamentale,gennaio,,s.m.,,,Months of the Year,,,,,http://dizionario.internazionale.it/parola/gennaio
2812,Alta Disponibilità,genovese,,"agg., s.m. e f.",,,Demonym,,,,,http://dizionario.internazionale.it/parola/genovese
2813,Fondamentale,gente,1,s.f.,,,,,,,,http://dizionario.internazionale.it/parola/gente
2814,Fondamentale,gentile,1,"agg., s.m.",,,,,,,,http://dizionario.internazionale.it/parola/gentile
2815,Alta Disponibilità,genuino,,agg.,,,,,,,,http://dizionario.internazionale.it/parola/genuino
2816,Alto Uso,geografico,,agg.,,,,,,,,http://dizionario.internazionale.it/parola/geografico
2817,Alta Disponibilità,geografo,,s.m.,,,,,,,,http://dizionario.internazionale.it/parola/geografo
2818,Alta Disponibilità,geometra,,s.m. e f.,,,,,,,,http://dizionario.internazionale.it/parola/geometra
2819,Alta Disponibilità,geometria,,s.f.,,,,,,,,http://dizionario.internazionale.it/parola/geometria
2820,Alta Disponibilità,geometrico,,agg.,,,,,,,,http://dizionario.internazionale.it/parola/geometrico
2821,Alto Uso,gesso,,s.m.,,,,,,,,http://dizionario.internazionale.it/parola/gesso
2822,Fondamentale,gestione,,s.f.,,,,,,,,http://dizionario.internazionale.it/parola/gestione
2823,Fondamentale,gestire,1,v.tr.,,,,"finire ""isc"" conjugation",,,,http://dizionario.internazionale.it/parola/gestire
2824,Fondamentale,gesto,,s.m.,,,,,,,,http://dizionario.internazionale.it/parola/gesto
2825,Alto Uso,gestore,,s.m.,,,,,,,,http://dizionario.internazionale.it/parola/gestore
2826,Fondamentale,gettare,,v.tr.,,,,,,,,http://dizionario.internazionale.it/parola/gettare
2827,Alta Disponibilità,gettone,,s.m.,,,,,,,,http://dizionario.internazionale.it/parola/gettone
2828,Alto Uso,ghiaccio,1,s.m.,,,,,,,,http://dizionario.internazionale.it/parola/ghiaccio
2829,Alta Disponibilità,ghiacciolo,1,s.m.,,,,,,,,http://dizionario.internazionale.it/parola/ghiacciolo
2830,Alta Disponibilità,ghianda,,s.f.,,,,,,,,http://dizionario.internazionale.it/parola/ghianda
2831,Alta Disponibilità,ghiro,,s.m.,,,,,,,,http://dizionario.internazionale.it/parola/ghiro
2832,Alta Disponibilità,gi,,s.f. e m.inv.,,,Letters of the Alphabet,,,,,http://dizionario.internazionale.it/parola/gi
2833,Fondamentale,già,,avv.,,,,,,,,http://dizionario.internazionale.it/parola/gia
2834,Fondamentale,giacca,1,s.f.,,,,,,,,http://dizionario.internazionale.it/parola/giacca
2835,Alto Uso,giacere,,v.intr.,,,,,,,,http://dizionario.internazionale.it/parola/giacere
2836,Alta Disponibilità,giaguaro,,s.m.,,,,,,,,http://dizionario.internazionale.it/parola/giaguaro
2837,Fondamentale,giallo,,"agg., s.m.",,,Colors,,,,,http://dizionario.internazionale.it/parola/giallo
2838,Fondamentale,giapponese,,"agg., s.m. e f.",,,Demonym,,,,,http://dizionario.internazionale.it/parola/giapponese
2839,Alta Disponibilità,giardinaggio,,s.m.,,,,,,,,http://dizionario.internazionale.it/parola/giardinaggio
2840,Alta Disponibilità,giardiniera,,s.f.,,,,,,,,http://dizionario.internazionale.it/parola/giardiniera
2841,Fondamentale,giardino,,s.m.,,,,,,,,http://dizionario.internazionale.it/parola/giardino
2842,Alto Uso,gigante,,"s.m., s.f., agg.",,,,,,,,http://dizionario.internazionale.it/parola/gigante
2843,Alto Uso,gigantesco,,agg.,,,,,,,,http://dizionario.internazionale.it/parola/gigantesco
2844,Alto Uso,giglio,,s.m.,,,,,,,,http://dizionario.internazionale.it/parola/giglio
2845,Alto Uso,ginnastica,,s.f.,,,,,,,,http://dizionario.internazionale.it/parola/ginnastica
2846,Fondamentale,ginocchio,,s.m.,,,,Irregular Plural,,,,http://dizionario.internazionale.it/parola/ginocchio
2847,Fondamentale,giocare,,v.intr. e tr.,,,,,,,,http://dizionario.internazionale.it/parola/giocare
2848,Fondamentale,giocatore,,s.m.,,,,,,,,http://dizionario.internazionale.it/parola/giocatore
2849,Alto Uso,giocattolo,,s.m.,,,,,,,,http://dizionario.internazionale.it/parola/giocattolo
2850,Fondamentale,gioco,,s.m.,,,,,,,,http://dizionario.internazionale.it/parola/gioco
2851,Fondamentale,gioia,1,s.f.,,,,,,,,http://dizionario.internazionale.it/parola/gioia
2852,Alto Uso,gioiello,,s.m.,,,,,,,,http://dizionario.internazionale.it/parola/gioiello
2853,Alta Disponibilità,gioioso,,agg.,,,,,,,,http://dizionario.internazionale.it/parola/gioioso
2854,Alta Disponibilità,giordano,,"agg., s.m.",,,,,,,,http://dizionario.internazionale.it/parola/giordano
2855,Fondamentale,giornale,,"s.m., agg.",,,,,,,,http://dizionario.internazionale.it/parola/giornale
2856,Alta Disponibilità,giornalino,,s.m.,,,,,,,,http://dizionario.internazionale.it/parola/giornalino
2857,Fondamentale,giornalista,,s.m. e f.,,,,,,,,http://dizionario.internazionale.it/parola/giornalista
2858,Fondamentale,giornata,,s.f.,,,,,,,,http://dizionario.internazionale.it/parola/giornata
2859,Fondamentale,giorno,,s.m.,,,,,,,,http://dizionario.internazionale.it/parola/giorno
2860,Alta Disponibilità,giostra,,s.f.,,,,,,,,http://dizionario.internazionale.it/parola/giostra
2861,Fondamentale,giovane,,"agg., s.m. e f.",,,,,,,,http://dizionario.internazionale.it/parola/giovane
2862,Alto Uso,giovanile,,agg.,,,,,,,,http://dizionario.internazionale.it/parola/giovanile
2863,Alto Uso,giovedì,,s.m.inv.,,,Days of the Week,,,,,http://dizionario.internazionale.it/parola/giovedi
2864,Alto Uso,gioventù,,s.f.inv.,,,,,,,,http://dizionario.internazionale.it/parola/gioventù
2865,Alto Uso,giovinezza,,s.f.,,giovane,,,,,,http://dizionario.internazionale.it/parola/giovinezza
2866,Alta Disponibilità,giraffa,,s.f.,,,,,,,,http://dizionario.internazionale.it/parola/giraffa
2867,Fondamentale,girare,1,v.tr. e intr.,,,,,,,,http://dizionario.internazionale.it/parola/girare
2868,Alta Disponibilità,giravite,,s.m.inv.,,,,,,,,http://dizionario.internazionale.it/parola/giravite
2869,Alta Disponibilità,giretto,,s.m.,,,,,,,,http://dizionario.internazionale.it/parola/giretto
2870,Fondamentale,giro,,s.m.,,,,,,,,http://dizionario.internazionale.it/parola/giro
2871,Alta Disponibilità,gironzolare,,v.intr.,,,,,,,,http://dizionario.internazionale.it/parola/gironzolare
2872,Alta Disponibilità,girotondo,,s.m.,,,,,,,,http://dizionario.internazionale.it/parola/girotondo
2873,Alto Uso,gita,,s.f.,,,,,,,,http://dizionario.internazionale.it/parola/gita
2874,Fondamentale,giù,,"avv., agg.inv.",,,,,,,,http://dizionario.internazionale.it/parola/giù
2875,Alta Disponibilità,giubba,1,s.f.,,,,,,,,http://dizionario.internazionale.it/parola/giubba
2876,Alta Disponibilità,giubbotto,,s.m.,,,,,,,,http://dizionario.internazionale.it/parola/giubbotto
2877,Fondamentale,giudicare,,v.tr. e intr.,,,,,,,,http://dizionario.internazionale.it/parola/giudicare
2878,Fondamentale,giudice,,s.m. e f.,,,,,,,,http://dizionario.internazionale.it/parola/giudice
2879,Alto Uso,giudiziario,,agg.,,,,,,,,http://dizionario.internazionale.it/parola/giudiziario
2880,Fondamentale,giudizio,,s.m.,,,,,,,,http://dizionario.internazionale.it/parola/giudizio
2881,Fondamentale,giugno,,s.m.,,,Months of the Year,,,,,http://dizionario.internazionale.it/parola/giugno
2882,Fondamentale,giungere,,v.intr. e tr.,,,,,Irr PP: giunto,Essere,,http://dizionario.internazionale.it/parola/giungere
2883,Alta Disponibilità,giungla,,s.f.,,,,,,,,http://dizionario.internazionale.it/parola/giungla
2884,Alto Uso,giuramento,,s.m.,,,,,,,,http://dizionario.internazionale.it/parola/giuramento
2885,Fondamentale,giurare,,v.tr.,,,,,,,di,http://dizionario.internazionale.it/parola/giurare
2886,Alta Disponibilità,giuria,,s.f.,,,,,,,,http://dizionario.internazionale.it/parola/giuria
2887,Alto Uso,giuridico,,agg.,,,,,,,,http://dizionario.internazionale.it/parola/giuridico
2888,Alto Uso,giustamente,,avv.,,giusto,,,,,,http://dizionario.internazionale.it/parola/giustamente
2889,Alto Uso,giustificare,,v.tr.,,,,,,,,http://dizionario.internazionale.it/parola/giustificare
2890,Fondamentale,giustizia,,s.f.,,,,,,,,http://dizionario.internazionale.it/parola/giustizia
2891,Fondamentale,giusto,1,"agg., s.m., avv.",,,,,,,,http://dizionario.internazionale.it/parola/giusto
2892,Fondamentale,gli,2,pron.pers. di terza pers.m.sing.,,,Pron. Pers.,,,,,http://dizionario.internazionale.it/parola/gli_2
2893,Alta Disponibilità,glicine,,s.m.,,,,,,,,http://dizionario.internazionale.it/parola/glicine
2894,Alto Uso,global,,"agg.inv., s.m. e f.inv.",,,,,,,,http://dizionario.internazionale.it/parola/global
2895,Alto Uso,globale,,agg.,,,,,,,,http://dizionario.internazionale.it/parola/globale
2896,Alto Uso,gloria,1,s.f.,,,,,,,,http://dizionario.internazionale.it/parola/gloria
2897,Alta Disponibilità,gnocco,,s.m.,,,,,,,,http://dizionario.internazionale.it/parola/gnocco
2898,Alta Disponibilità,gnomo,,s.m.,,,,,,,,http://dizionario.internazionale.it/parola/gnomo
2899,Alto Uso,goal,,s.m.inv.,,,,,,,,http://dizionario.internazionale.it/parola/goal
2900,Alta Disponibilità,gobbo,1,"agg., s.m.",,,,,,,,http://dizionario.internazionale.it/parola/gobbo
2901,Alto Uso,goccia,,s.f.,,,,,,,,http://dizionario.internazionale.it/parola/goccia
2902,Fondamentale,godere,,v.intr. e tr.,,,,,,,,http://dizionario.internazionale.it/parola/godere
2903,Alto Uso,gola,1,s.f.,,,,,,,,http://dizionario.internazionale.it/parola/gola
2904,Alta Disponibilità,goloso,,agg.,,,,,,,,http://dizionario.internazionale.it/parola/goloso
2905,Alto Uso,gomito,,s.m.,,,,,,,,http://dizionario.internazionale.it/parola/gomito
2906,Alta Disponibilità,gomitolo,,s.m.,,,,,,,,http://dizionario.internazionale.it/parola/gomitolo
2907,Alto Uso,gomma,,s.f.,,,,,,,,http://dizionario.internazionale.it/parola/gomma
2908,Alto Uso,gonfiare,,v.tr. e intr.,,,,,,,,http://dizionario.internazionale.it/parola/gonfiare
2909,Alto Uso,gonfio,,"agg., s.m.",,,,,,,,http://dizionario.internazionale.it/parola/gonfio
2910,Alto Uso,gonna,,s.f.,,,,,,,,http://dizionario.internazionale.it/parola/gonna
2911,Alta Disponibilità,gorgonzola,,s.m.inv.,,,,,,,,http://dizionario.internazionale.it/parola/gorgonzola
2912,Alta Disponibilità,gorilla,,s.m.inv.,,,,,,,,http://dizionario.internazionale.it/parola/gorilla
2913,Alto Uso,gossip,,s.m.inv.,,,,,,,,http://dizionario.internazionale.it/parola/gossip
2914,Alto Uso,governare,,"v.tr., v.intr.",,,,,,,,http://dizionario.internazionale.it/parola/governare
2915,Alto Uso,governatore,,s.m.,,,,,,,,http://dizionario.internazionale.it/parola/governatore
2916,Fondamentale,governo,,s.m.,,,,,,,,http://dizionario.internazionale.it/parola/governo
2917,Alto Uso,gradino,,s.m.,,,,,,,,http://dizionario.internazionale.it/parola/gradino
2918,Alto Uso,gradire,,"v.tr., v.intr.",,,,"finire ""isc"" conjugation",,,,http://dizionario.internazionale.it/parola/gradire
2919,Fondamentale,grado,1,s.m.,,,,,,,,http://dizionario.internazionale.it/parola/grado
2920,Alta Disponibilità,graffiare,,v.tr.,,,,,,,,http://dizionario.internazionale.it/parola/graffiare
2921,Alta Disponibilità,graffio,1,s.m.,,,,,,,,http://dizionario.internazionale.it/parola/graffio
2922,Alto Uso,grafico,,"agg., s.m.",,,,,,,,http://dizionario.internazionale.it/parola/grafico
2923,Alto Uso,grammatica,,s.f.,,,,,,,,http://dizionario.internazionale.it/parola/grammatica
2924,Alto Uso,grammo,,s.m.,,,,,,,,http://dizionario.internazionale.it/parola/grammo
2925,Alta Disponibilità,grana,1,s.f.,,,,,,,,http://dizionario.internazionale.it/parola/grana
2926,Alta Disponibilità,granaio,,s.m.,,,,,,,,http://dizionario.internazionale.it/parola/granaio
2927,Alta Disponibilità,granchio,,s.m.,,,,,,,,http://dizionario.internazionale.it/parola/granchio
2928,Fondamentale,grande,,"agg., s.m.",,,,,,,,http://dizionario.internazionale.it/parola/grande
2929,Alto Uso,grandezza,,s.f.,,grande,,,,,,http://dizionario.internazionale.it/parola/grandezza
2930,Alta Disponibilità,grandine,,s.f.,,,,,,,,http://dizionario.internazionale.it/parola/grandine
2931,Alto Uso,grandioso,,agg.,,,,,,,,http://dizionario.internazionale.it/parola/grandioso
2932,Alto Uso,grano,,s.m.,,,,,,,,http://dizionario.internazionale.it/parola/grano
2933,Alta Disponibilità,granturco,,s.m.,,,,,,,,http://dizionario.internazionale.it/parola/granturco
2934,Alta Disponibilità,grappa,1,s.f.,,,,,,,,http://dizionario.internazionale.it/parola/grappa
2935,Fondamentale,grasso,,"agg., s.m.",,,,,,,,http://dizionario.internazionale.it/parola/grasso
2936,Alto Uso,gratis,,"avv., agg.inv.",,,,,,,,http://dizionario.internazionale.it/parola/gratis
2937,Alto Uso,grattare,,v.tr. e intr.,,,,,,,,http://dizionario.internazionale.it/parola/grattare
2938,Alta Disponibilità,grattugiato,,"p.pass., agg.",,grattugiare,,,,,,http://dizionario.internazionale.it/parola/grattugiato
2939,Alto Uso,gratuito,,agg.,,,,,,,,http://dizionario.internazionale.it/parola/gratuito
2940,Fondamentale,grave,,"agg., s.m., avv.",,,,,,,,http://dizionario.internazionale.it/parola/grave
2941,Alto Uso,gravidanza,,s.f.,,,,,,,,http://dizionario.internazionale.it/parola/gravidanza
2942,Alto Uso,gravità,,s.f.inv.,,,,,,,,http://dizionario.internazionale.it/parola/gravita
2943,Fondamentale,grazie,,"inter., s.m.inv.",,,,,,,,http://dizionario.internazionale.it/parola/grazie
2944,Alta Disponibilità,grazioso,,agg.,,,,,,,,http://dizionario.internazionale.it/parola/grazioso
2945,Fondamentale,greco,,"agg., s.m.",,,Demonym,,,,,http://dizionario.internazionale.it/parola/greco
2946,Alta Disponibilità,grembiule,,s.m.,,,,,,,,http://dizionario.internazionale.it/parola/grembiule
2947,Fondamentale,gridare,,v.intr. e tr.,,,,,,,,http://dizionario.internazionale.it/parola/gridare
2948,Alto Uso,grido,,s.m.,,,,,,,,http://dizionario.internazionale.it/parola/grido
2949,Fondamentale,grigio,,"agg., s.m.",,,Colors,,,,,http://dizionario.internazionale.it/parola/grigio
2950,Alta Disponibilità,griglia,,s.f.,,,,,,,,http://dizionario.internazionale.it/parola/griglia
2951,Alta Disponibilità,grinza,,s.f.,,,,,,,,http://dizionario.internazionale.it/parola/grinza
2952,Alta Disponibilità,grissino,,s.m.,,,,,,,,http://dizionario.internazionale.it/parola/grissino
2953,Alta Disponibilità,grossista,,s.m. e f.,,,,,,,,http://dizionario.internazionale.it/parola/grossista
2954,Fondamentale,grosso,,"agg., s.m.",,,,,,,,http://dizionario.internazionale.it/parola/grosso
2955,Alto Uso,grotta,,s.f.,,,,,,,,http://dizionario.internazionale.it/parola/grotta
2956,Alta Disponibilità,gru,,s.f.inv.,,,,,,,,http://dizionario.internazionale.it/parola/gru
2957,Fondamentale,gruppo,,s.m.,,,,,,,,http://dizionario.internazionale.it/parola/gruppo
2958,Fondamentale,guadagnare,,"v.tr., v.intr.",,,,,,,,http://dizionario.internazionale.it/parola/guadagnare
2959,Alto Uso,guadagno,,s.m.,,,,,,,,http://dizionario.internazionale.it/parola/guadagno
2960,Alto Uso,guaio,,s.m.,,,,,,,,http://dizionario.internazionale.it/parola/guaio
2961,Alta Disponibilità,guaire,,v.intr.,,,,"finire ""isc"" conjugation",,,,http://dizionario.internazionale.it/parola/guaire
2962,Alto Uso,guancia,,s.f.,,,,,,,,http://dizionario.internazionale.it/parola/guancia
2963,Alta Disponibilità,guanciale,,"s.m., agg.",,,,,,,,http://dizionario.internazionale.it/parola/guanciale
2964,Alto Uso,guanto,,s.m.,,,,,,,,http://dizionario.internazionale.it/parola/guanto
2965,Fondamentale,guardare,,v.tr. e intr.,,,,,,,,http://dizionario.internazionale.it/parola/guardare
2966,Alta Disponibilità,guardaroba,,"s.m.inv., s.m. e f.inv.",,,,,,,,http://dizionario.internazionale.it/parola/guardaroba
2967,Fondamentale,guardia,1,s.f.,,,,,,,,http://dizionario.internazionale.it/parola/guardia
2968,Alto Uso,guarire,,v.tr. e intr.,,,,"finire ""isc"" conjugation",,,,http://dizionario.internazionale.it/parola/guarire
2969,Alta Disponibilità,guarnizione,,s.f.,,,,,,,,http://dizionario.internazionale.it/parola/guarnizione
2970,Alta Disponibilità,guasto,1,s.m.,,,,,,,,http://dizionario.internazionale.it/parola/guasto
2971,Fondamentale,guerra,,s.f.,,,,,,,,http://dizionario.internazionale.it/parola/guerra
2972,Alto Uso,guerriero,,"s.m., agg.",,,,,,,,http://dizionario.internazionale.it/parola/guerriero
2973,Alta Disponibilità,gufo,,s.m.,,,,,,,,http://dizionario.internazionale.it/parola/gufo
2974,Fondamentale,guida,,s.f.,,,,,,,,http://dizionario.internazionale.it/parola/guida
2975,Fondamentale,guidare,,v.tr.,,,,,,,,http://dizionario.internazionale.it/parola/guidare
2976,Alta Disponibilità,guidatore,,s.m.,,,,,,,,http://dizionario.internazionale.it/parola/guidatore
2977,Alta Disponibilità,guinzaglio,,s.m.,,,,,,,,http://dizionario.internazionale.it/parola/guinzaglio
2978,Alto Uso,gustare,,"v.tr., v.intr.",,,,,,,,http://dizionario.internazionale.it/parola/gustare
2979,Fondamentale,gusto,,s.m.,,,,,,,,http://dizionario.internazionale.it/parola/gusto
2980,Alta Disponibilità,gustoso,,agg.,,,,,,,,http://dizionario.internazionale.it/parola/gustoso
2981,Alta Disponibilità,hamburger,,s.m.inv.,,,,,,,,http://dizionario.internazionale.it/parola/hamburger
2982,Alto Uso,hobby,,s.m.inv.,,,,,,,,http://dizionario.internazionale.it/parola/hobby
2983,Alto Uso,home,,s.f.inv.,,,,,,,,http://dizionario.internazionale.it/parola/home
2984,Alto Uso,hotel,,s.m.inv.,,,,,,,,http://dizionario.internazionale.it/parola/hotel
2985,Alto Uso,hyperlink,,s.m.inv.,,,,,,,,http://dizionario.internazionale.it/parola/hyperlink
2986,Alta Disponibilità,i,1,s.f. e m.inv.,Letter,,Letters of the Alphabet,,,,,http://dizionario.internazionale.it/parola/i
2987,Alto Uso,i,2,art.det.m.pl.,Article,,Articles,,,,,http://dizionario.internazionale.it/parola/i_2
2988,Alto Uso,icona,,s.f.,,,,,,,,http://dizionario.internazionale.it/parola/icona
2989,Alta Disponibilità,ics,,s.f. e m.inv.,,,Letters of the Alphabet,,,,,http://dizionario.internazionale.it/parola/ics
2990,Fondamentale,idea,,s.f.,,,,,,,,http://dizionario.internazionale.it/parola/idea
2991,Fondamentale,ideale,,"agg., s.m.",,,,,,,,http://dizionario.internazionale.it/parola/ideale
2992,Alto Uso,ideare,,v.tr.,,,,,,,,http://dizionario.internazionale.it/parola/ideare
2993,Alto Uso,identico,,"agg., s.m.",,,,,,,,http://dizionario.internazionale.it/parola/identico
2994,Fondamentale,identificare,,v.tr.,,,,,,,,http://dizionario.internazionale.it/parola/identificare
2995,Alto Uso,identificazione,,s.f.,,,,,,,,http://dizionario.internazionale.it/parola/identificazione
2996,Fondamentale,identità,,s.f.inv.,,,,,,,,http://dizionario.internazionale.it/parola/identita
2997,Alto Uso,ideologia,,s.f.,,,,,,,,http://dizionario.internazionale.it/parola/ideologia
2998,Alto Uso,ideologico,,agg.,,,,,,,,http://dizionario.internazionale.it/parola/ideologico
2999,Fondamentale,idiota,,"agg., s.m. e f.",,,,,,,,http://dizionario.internazionale.it/parola/idiota
3000,Alto Uso,idraulico,,"agg., s.m.",,,,,,,,http://dizionario.internazionale.it/parola/idraulico
3001,Alto Uso,idrico,,agg.,,,,,,,,http://dizionario.internazionale.it/parola/idrico
3002,Alto Uso,idrogeno,,s.m.,,,,,,,,http://dizionario.internazionale.it/parola/idrogeno
3003,Fondamentale,ieri,,"avv., s.m.inv.",,,,,,,,http://dizionario.internazionale.it/parola/ieri
3004,Alta Disponibilità,igiene,,s.f.,,,,,,,,http://dizionario.internazionale.it/parola/igiene
3005,Alto Uso,ignorante,,"p.pres., agg., s.m. e f.",,ignorare,,,,,,http://dizionario.internazionale.it/parola/ignorante
3006,Alto Uso,ignoranza,,s.f.,,ignorare,,,,,,http://dizionario.internazionale.it/parola/ignoranza
3007,Fondamentale,ignorare,,v.tr.,,,,,,,di,http://dizionario.internazionale.it/parola/ignorare
3008,Alto Uso,ignoto,,"agg., s.m.",,,,,,,,http://dizionario.internazionale.it/parola/ignoto
3009,Fondamentale,il,,"art.det.m.sing., pron.pers. di terza pers.m.sing., pron.dimostr.",,,Articles,,,,,http://dizionario.internazionale.it/parola/il
3010,Alto Uso,illecito,,"agg., s.m.",,,,,,,,http://dizionario.internazionale.it/parola/illecito
3011,Alto Uso,illegale,,"agg., s.m. e f.",,,,,,,,http://dizionario.internazionale.it/parola/illegale
3012,Alta Disponibilità,illegittimo,,"agg., s.m.",,,,,,,,http://dizionario.internazionale.it/parola/illegittimo
3013,Alto Uso,illudere,,v.tr. e intr.,,,,,Irr PP: illuso,,di,http://dizionario.internazionale.it/parola/illudere
3014,Alto Uso,illuminare,,v.tr.,,,,,,,,http://dizionario.internazionale.it/parola/illuminare
3015,Alto Uso,illuminato,,"p.pass., agg., s.m.",,illuminare,,,,,,http://dizionario.internazionale.it/parola/illuminato
3016,Alto Uso,illusione,,s.f.,,,,,,,,http://dizionario.internazionale.it/parola/illusione
3017,Alto Uso,illustrare,,v.tr.,,,,,,,,http://dizionario.internazionale.it/parola/illustrare
3018,Alto Uso,illustre,,agg.,,,,,,,,http://dizionario.internazionale.it/parola/illustre
3019,Alta Disponibilità,imballare,1,v.tr.,,,,,,,,http://dizionario.internazionale.it/parola/imballare
3020,Alto Uso,imbarazzante,,"p.pres., agg.",,imbarazzare,,,,,,http://dizionario.internazionale.it/parola/imbarazzante
3021,Alto Uso,imbarazzato,,"p.pass., agg.",,imbarazzare,,,,,,http://dizionario.internazionale.it/parola/imbarazzato
3022,Alto Uso,imbarazzo,,s.m.,,,,,,,,http://dizionario.internazionale.it/parola/imbarazzo
3023,Alto Uso,imbattersi,,v.pronom.intr.,,,,,,,,http://dizionario.internazionale.it/parola/imbattersi
3024,Alto Uso,imbecille,,"agg., s.m. e f.",,,,,,,,http://dizionario.internazionale.it/parola/imbecille
3025,Alta Disponibilità,imbiancare,,v.tr. e intr.,,,,,,,,http://dizionario.internazionale.it/parola/imbiancare
3026,Alta Disponibilità,imbianchino,,s.m.,,,,,,,,http://dizionario.internazionale.it/parola/imbianchino
3027,Alta Disponibilità,imbottigliare,,v.tr.,,,,,,,,http://dizionario.internazionale.it/parola/imbottigliare
3028,Alta Disponibilità,imbrogliare,,v.tr.,,,,,,,,http://dizionario.internazionale.it/parola/imbrogliare
3029,Alta Disponibilità,imbroglio,,s.m.,,,,,,,,http://dizionario.internazionale.it/parola/imbroglio
3030,Alta Disponibilità,imbuto,,s.m.,,,,,,,,http://dizionario.internazionale.it/parola/imbuto
3031,Alto Uso,imitare,,v.tr.,,,,,,,,http://dizionario.internazionale.it/parola/imitare
3032,Fondamentale,immaginare,,"v.tr., s.m.",,,,,,,,http://dizionario.internazionale.it/parola/immaginare
3033,Alto Uso,immaginario,,"agg., s.m.",,,,,,,,http://dizionario.internazionale.it/parola/immaginario
3034,Alto Uso,immaginazione,,s.f.,,,,,,,,http://dizionario.internazionale.it/parola/immaginazione
3035,Fondamentale,immagine,,s.f.,,,,,,,,http://dizionario.internazionale.it/parola/immagine
3036,Alta Disponibilità,immaturo,,agg.,,,,,,,,http://dizionario.internazionale.it/parola/immaturo
3037,Fondamentale,immediatamente,,avv.,,immediato,,,,,,http://dizionario.internazionale.it/parola/immediatamente
3038,Alto Uso,immediato,,"agg., s.m.",,,,,,,,http://dizionario.internazionale.it/parola/immediato
3039,Alto Uso,immenso,,"agg., s.m.",,,,,,,,http://dizionario.internazionale.it/parola/immenso
3040,Alto Uso,immergere,,v.tr. e intr.,,,,,Irr PP: immerso,,,http://dizionario.internazionale.it/parola/immergere
3041,Alto Uso,immigrato,,"p.pass., agg., s.m.",,immigrare,,,,,,http://dizionario.internazionale.it/parola/immigrato
3042,Fondamentale,immobile,,"agg., s.m.",,,,,,,,http://dizionario.internazionale.it/parola/immobile
3043,Alto Uso,immobiliare,,"agg., s.f.",,,,,,,,http://dizionario.internazionale.it/parola/immobiliare
3044,Alta Disponibilità,immondizia,,s.f.,,,,,,,,http://dizionario.internazionale.it/parola/immondizia
3045,Alta Disponibilità,impallidire,,v.intr.,,,,"finire ""isc"" conjugation",,,,http://dizionario.internazionale.it/parola/impallidire
3046,Fondamentale,imparare,,v.tr.,,,,,,,a,http://dizionario.internazionale.it/parola/imparare
3047,Alta Disponibilità,impastare,,v.tr.,,,,,,,,http://dizionario.internazionale.it/parola/impastare
3048,Alto Uso,impatto,1,s.m.,,,,,,,,http://dizionario.internazionale.it/parola/impatto
3049,Alta Disponibilità,impaziente,,"agg., s.f.",,,,,,,,http://dizionario.internazionale.it/parola/impaziente
3050,Alto Uso,impazzire,,v.intr.,,,,"finire ""isc"" conjugation",,,,http://dizionario.internazionale.it/parola/impazzire
3051,Fondamentale,impedire,,v.tr.,,,,"finire ""isc"" conjugation",,,,http://dizionario.internazionale.it/parola/impedire
3052,Fondamentale,impegnare,,v.tr.,,,,,,,,http://dizionario.internazionale.it/parola/impegnare
3053,Alto Uso,impegnativo,,agg.,,,,,,,,http://dizionario.internazionale.it/parola/impegnativo
3054,Alta Disponibilità,impegnato,,"p.pass., agg.",,impegnare,,,,,,http://dizionario.internazionale.it/parola/impegnato
3055,Fondamentale,impegno,,s.m.,,,,,,,,http://dizionario.internazionale.it/parola/impegno
3056,Alto Uso,imperare,,v.tr.,,,,,,,,http://dizionario.internazionale.it/parola/imperare
3057,Alto Uso,imperatore,,s.m.,,,,,,,,http://dizionario.internazionale.it/parola/imperatore
3058,Alto Uso,imperiale,1,"agg., s.m. e f.",,,,,,,,http://dizionario.internazionale.it/parola/imperiale
3059,Alta Disponibilità,impermeabile,,"agg., s.m.",,permeare,,,,,,http://dizionario.internazionale.it/parola/impermeabile
3060,Alto Uso,impero,,"s.m., agg.inv.",,,,,,,,http://dizionario.internazionale.it/parola/impero
3061,Fondamentale,impianto,,s.m.,,,,,,,,http://dizionario.internazionale.it/parola/impianto
3062,Fondamentale,impiegare,,v.tr.,,,,,,,,http://dizionario.internazionale.it/parola/impiegare
3063,Alto Uso,impiegato,,"p.pass., agg., s.m.",,impiegare,,,,,,http://dizionario.internazionale.it/parola/impiegato
3064,Alto Uso,impiego,,s.m.,,,,,,,,http://dizionario.internazionale.it/parola/impiego
3065,Alto Uso,implicare,,v.tr.,,,,,,,,http://dizionario.internazionale.it/parola/implicare
3066,Fondamentale,imporre,,"v.tr., v.intr.",,-porre,,-rre verb,Irr PP: imposto,,,http://dizionario.internazionale.it/parola/imporre
3067,Fondamentale,importante,,"p.pres., agg., s.m.",,importare,,,,,,http://dizionario.internazionale.it/parola/importante
3068,Fondamentale,importanza,,s.f.,,,,,,,,http://dizionario.internazionale.it/parola/importanza
3069,Fondamentale,importare,1,"v.intr., v.tr.",,,,,,,,http://dizionario.internazionale.it/parola/importare
3070,Alto Uso,importo,,s.m.,,,,,,,,http://dizionario.internazionale.it/parola/importo
3071,Fondamentale,impossibile,,"agg., s.m.",,,,,,,,http://dizionario.internazionale.it/parola/impossibile
3072,Alto Uso,impostare,1,v.tr.,,,,,,,,http://dizionario.internazionale.it/parola/impostare
3073,Alto Uso,impostazione,1,s.f.,,,,,,,,http://dizionario.internazionale.it/parola/impostazione
3074,Alta Disponibilità,impreciso,,agg.,,,,,,,,http://dizionario.internazionale.it/parola/impreciso
3075,Alto Uso,imprenditore,,s.m.,,,,,,,,http://dizionario.internazionale.it/parola/imprenditore
3076,Fondamentale,impresa,,s.f.,,,,,,,,http://dizionario.internazionale.it/parola/impresa
3077,Alto Uso,impressionante,,"p.pres., agg.",,impressionare,,,,,,http://dizionario.internazionale.it/parola/impressionante
3078,Alto Uso,impressionare,,v.tr.,,,,,,,,http://dizionario.internazionale.it/parola/impressionare
3079,Fondamentale,impressione,,s.f.,,,,,,,,http://dizionario.internazionale.it/parola/impressione
3080,Alto Uso,imprevisto,,"agg., s.m.",,,,,,,,http://dizionario.internazionale.it/parola/imprevisto
3081,Alta Disponibilità,imprigionare,,v.tr.,,,,,,,,http://dizionario.internazionale.it/parola/imprigionare
3082,Alto Uso,improbabile,,agg.,,,,,,,,http://dizionario.internazionale.it/parola/improbabile
3083,Alto Uso,impronta,1,s.f.,,,,,,,,http://dizionario.internazionale.it/parola/impronta
3084,Alto Uso,improvvisamente,,avv.,,improvviso,,,,,,http://dizionario.internazionale.it/parola/improvvisamente
3085,Alto Uso,improvvisare,,v.tr.,,,,,,,,http://dizionario.internazionale.it/parola/improvvisare
3086,Fondamentale,improvviso,1,"agg., s.m.",,,,,,,,http://dizionario.internazionale.it/parola/improvviso
3087,Alta Disponibilità,imprudente,,"agg., s.m. e f.",,,,,,,,http://dizionario.internazionale.it/parola/imprudente
3088,Alta Disponibilità,impulsivo,,"agg., s.m.",,,,,,,,http://dizionario.internazionale.it/parola/impulsivo
3089,Alto Uso,impulso,1,s.m.,,,,,,,,http://dizionario.internazionale.it/parola/impulso
3090,Alto Uso,imputata,,s.f.,,,,,,,,http://dizionario.internazionale.it/parola/imputata
3091,Fondamentale,imputato,,"p.pass., agg., s.m.",,imputare,,,,,,http://dizionario.internazionale.it/parola/imputato
3092,Fondamentale,in,1,prep.,,,Prepositions,,,,,http://dizionario.internazionale.it/parola/in
3093,Alto Uso,inaspettato,,agg.,,,,,,,,http://dizionario.internazionale.it/parola/inaspettato
3094,Alto Uso,inaugurare,,v.tr.,,,,,,,,http://dizionario.internazionale.it/parola/inaugurare
3095,Alta Disponibilità,incamminare,,v.tr.,,,,,,,,http://dizionario.internazionale.it/parola/incamminare
3096,Alta Disponibilità,incantare,1,v.tr.,,,,,,,,http://dizionario.internazionale.it/parola/incantare
3097,Alto Uso,incapace,,"agg., s.m. e f.",,,,,,,,http://dizionario.internazionale.it/parola/incapace
3098,Alto Uso,incapacità,,s.f.inv.,,,,,,,,http://dizionario.internazionale.it/parola/incapacita
3099,Alto Uso,incaricare,,v.tr.,,,,,,,,http://dizionario.internazionale.it/parola/incaricare
3100,Alto Uso,incarico,,s.m.,,,,,,,,http://dizionario.internazionale.it/parola/incarico
3101,Alta Disponibilità,incartare,,v.tr. e intr.,,,,,,,,http://dizionario.internazionale.it/parola/incartare
3102,Alto Uso,incassare,,v.tr. e intr.,,,,,,,,http://dizionario.internazionale.it/parola/incassare
3103,Alta Disponibilità,incasso,,s.m.,,,,,,,,http://dizionario.internazionale.it/parola/incasso
3104,Alto Uso,incastrare,,"v.tr., v.intr.",,,,,,,,http://dizionario.internazionale.it/parola/incastrare
3105,Alta Disponibilità,incatenare,,v.tr.,,,,,,,,http://dizionario.internazionale.it/parola/incatenare
3106,Alto Uso,incazzarsi,,v.pronom.intr.,,,,,,,,http://dizionario.internazionale.it/parola/incazzarsi
3107,Alto Uso,incendio,,s.m.,,,,,,,,http://dizionario.internazionale.it/parola/incendio
3108,Alto Uso,incertezza,,s.f.,,incerto,,,,,,http://dizionario.internazionale.it/parola/incertezza
3109,Alto Uso,incerto,,"agg., s.m.",,,,,,,,http://dizionario.internazionale.it/parola/incerto
3110,Alto Uso,inchiesta,,s.f.,,,,,,,,http://dizionario.internazionale.it/parola/inchiesta
3111,Alta Disponibilità,inchiodare,,v.tr.,,,,,,,,http://dizionario.internazionale.it/parola/inchiodare
3112,Fondamentale,incidente,1,s.m.,,,,,,,,http://dizionario.internazionale.it/parola/incidente
3113,Alto Uso,incidere,1,v.tr.,,,,,Irr PP: inciso,,,http://dizionario.internazionale.it/parola/incidere
3114,Alto Uso,incinta,1,agg.f.,,,,,,,,http://dizionario.internazionale.it/parola/incinta
3115,Alta Disponibilità,incitare,,v.tr.,,,,,,,,http://dizionario.internazionale.it/parola/incitare
3116,Alta Disponibilità,incivile,,"agg., s.m. e f.",,,,,,,,http://dizionario.internazionale.it/parola/incivile
3117,Alto Uso,includere,,v.tr.,,,,,Irr PP: incluso,,,http://dizionario.internazionale.it/parola/includere
3118,Alto Uso,incluso,,"p.pass., agg., s.m.",,,,,,,,http://dizionario.internazionale.it/parola/incluso
3119,Alto Uso,incollare,1,v.tr.,,,,,,,,http://dizionario.internazionale.it/parola/incollare
3120,Alto Uso,incominciare,,v.tr. e intr.,,,,,,,,http://dizionario.internazionale.it/parola/incominciare
3121,Alta Disponibilità,incompleto,,agg.,,,,,,,,http://dizionario.internazionale.it/parola/incompleto
3122,Alto Uso,incomprensibile,,agg.,,,,,,,,http://dizionario.internazionale.it/parola/incomprensibile
3123,Alta Disponibilità,inconsolabile,,agg.,,consolare,,,,,,http://dizionario.internazionale.it/parola/inconsolabile
3124,Alta Disponibilità,incontentabile,,agg.,,contentare,,,,,,http://dizionario.internazionale.it/parola/incontentabile
3125,Fondamentale,incontrare,,"v.tr., v.intr.",,,,,,,,http://dizionario.internazionale.it/parola/incontrare
3126,Fondamentale,incontro,1,s.m.,,,,,,,,http://dizionario.internazionale.it/parola/incontro
3127,Alto Uso,incontro,2,avv.,,,,,,,,http://dizionario.internazionale.it/parola/incontro_2
3128,Alto Uso,incoraggiare,,v.tr.,,,,,,,,http://dizionario.internazionale.it/parola/incoraggiare
3129,Alta Disponibilità,incoronare,,v.tr.,,,,,,,,http://dizionario.internazionale.it/parola/incoronare
3130,Alta Disponibilità,incorreggibile,,agg.,,,,,,,,http://dizionario.internazionale.it/parola/incorreggibile
3131,Fondamentale,incredibile,,agg.,,,,,,,,http://dizionario.internazionale.it/parola/incredibile
3132,Alto Uso,incremento,,s.m.,,,,,,,,http://dizionario.internazionale.it/parola/incremento
3133,Alta Disponibilità,incrinare,,v.tr.,,,,,,,,http://dizionario.internazionale.it/parola/incrinare
3134,Alto Uso,incrociare,,v.tr. e intr.,,,,,,,,http://dizionario.internazionale.it/parola/incrociare
3135,Alta Disponibilità,incrocio,,s.m.,,,,,,,,http://dizionario.internazionale.it/parola/incrocio
3136,Alto Uso,incubo,,s.m.,,,,,,,,http://dizionario.internazionale.it/parola/incubo
3137,Alta Disponibilità,incurabile,,"agg., s.m. e f.",,curare,,,,,,http://dizionario.internazionale.it/parola/incurabile
3138,Alto Uso,incuriosire,,v.tr. e intr.,,,,"finire ""isc"" conjugation",,,,http://dizionario.internazionale.it/parola/incuriosire
3139,Alto Uso,indagare,,v.tr. e intr.,,,,,,,,http://dizionario.internazionale.it/parola/indagare
3140,Fondamentale,indagine,,s.f.,,,,,,,,http://dizionario.internazionale.it/parola/indagine
3141,Alta Disponibilità,indescrivibile,,agg.,,,,,,,,http://dizionario.internazionale.it/parola/indescrivibile
3142,Alto Uso,indiano,,"agg., s.m.",,,Demonym,,,,,http://dizionario.internazionale.it/parola/indiano
3143,Fondamentale,indicare,,v.tr.,,,,,,,,http://dizionario.internazionale.it/parola/indicare
3144,Fondamentale,indicazione,,s.f.,,,,,,,,http://dizionario.internazionale.it/parola/indicazione
3145,Fondamentale,indice,,"s.m., agg.",,,,,,,,http://dizionario.internazionale.it/parola/indice
3146,Alta Disponibilità,indietreggiare,,v.intr.,,,,,,,,http://dizionario.internazionale.it/parola/indietreggiare
3147,Fondamentale,indietro,,"avv., agg.inv., loc. di comando",,,,,,,,http://dizionario.internazionale.it/parola/indietro
3148,Alta Disponibilità,indifeso,,agg.,,,,,,,,http://dizionario.internazionale.it/parola/indifeso
3149,Alto Uso,indifferente,,"agg., s.m. e f.",,,,,,,,http://dizionario.internazionale.it/parola/indifferente
3150,Alto Uso,indifferenza,,s.f.,,,,,,,,http://dizionario.internazionale.it/parola/indifferenza
3151,Alta Disponibilità,indigestione,,s.f.,,,,,,,,http://dizionario.internazionale.it/parola/indigestione
3152,Alta Disponibilità,indimenticabile,,agg.,,dimenticare,,,,,,http://dizionario.internazionale.it/parola/indimenticabile
3153,Alto Uso,indipendente,,"agg., s.m. e f.",,,,,,,,http://dizionario.internazionale.it/parola/indipendente
3154,Alto Uso,indipendentemente,,avv.,,indipendente,,,,,,http://dizionario.internazionale.it/parola/indipendentemente
3155,Alto Uso,indipendenza,,s.f.,,,,,,,,http://dizionario.internazionale.it/parola/indipendenza
3156,Alto Uso,indiretto,1,agg.,,,,,,,,http://dizionario.internazionale.it/parola/indiretto
3157,Alto Uso,indirizzare,,v.tr.,,,,,,,,http://dizionario.internazionale.it/parola/indirizzare
3158,Fondamentale,indirizzo,,s.m.,,,,,,,,http://dizionario.internazionale.it/parola/indirizzo
3159,Alta Disponibilità,indisciplinato,,agg.,,,,,,,,http://dizionario.internazionale.it/parola/indisciplinato
3160,Alto Uso,indispensabile,,"agg., s.m.",,,,,,,,http://dizionario.internazionale.it/parola/indispensabile
3161,Alto Uso,individuale,,agg.,,,,,,,,http://dizionario.internazionale.it/parola/individuale
3162,Fondamentale,individuare,,v.tr.,,,,,,,,http://dizionario.internazionale.it/parola/individuare
3163,Fondamentale,individuo,,"s.m., agg.",,,,,,,,http://dizionario.internazionale.it/parola/individuo
3164,Alto Uso,indizio,,s.m.,,,,,,,,http://dizionario.internazionale.it/parola/indizio
3165,Fondamentale,indossare,,v.tr.,,,,,,,,http://dizionario.internazionale.it/parola/indossare
3166,Alto Uso,indovinare,,v.tr.,,,,,,,,http://dizionario.internazionale.it/parola/indovinare
3167,Alta Disponibilità,indovinello,,s.m.,,,,,,,,http://dizionario.internazionale.it/parola/indovinello
3168,Alto Uso,indubbiamente,,avv.,,indubbio,,,,,,http://dizionario.internazionale.it/parola/indubbiamente
3169,Alta Disponibilità,indumento,,s.m.,,,,,,,,http://dizionario.internazionale.it/parola/indumento
3170,Alto Uso,indurre,,v.tr.,,-durre,,-rre verb,Irr PP: indotto,,,http://dizionario.internazionale.it/parola/indurre
3171,Fondamentale,industria,,s.f.,,,,,,,,http://dizionario.internazionale.it/parola/industria
3172,Fondamentale,industriale,,"agg., s.m. e f.",,,,,,,,http://dizionario.internazionale.it/parola/industriale
3173,Alto Uso,inedito,,agg.,,,,,,,,http://dizionario.internazionale.it/parola/inedito
3174,Alta Disponibilità,inefficace,,agg.,,,,,,,,http://dizionario.internazionale.it/parola/inefficace
3175,Alta Disponibilità,inerte,,agg.,,,,,,,,http://dizionario.internazionale.it/parola/inerte
3176,Alto Uso,inesistente,1,agg.,,,,,,,,http://dizionario.internazionale.it/parola/inesistente
3177,Alta Disponibilità,inesperienza,,s.f.,,,,,,,,http://dizionario.internazionale.it/parola/inesperienza
3178,Alta Disponibilità,inesperto,,agg.,,,,,,,,http://dizionario.internazionale.it/parola/inesperto
3179,Alto Uso,inevitabile,,"agg., s.m.",,evitare,,,,,,http://dizionario.internazionale.it/parola/inevitabile
3180,Alto Uso,inevitabilmente,,avv.,,inevitabile,,,,,,http://dizionario.internazionale.it/parola/inevitabilmente
3181,Alta Disponibilità,infame,,"agg., s.m. e f.",,,,,,,,http://dizionario.internazionale.it/parola/infame
3182,Alto Uso,infantile,,agg.,,,,,,,,http://dizionario.internazionale.it/parola/infantile
3183,Alto Uso,infanzia,,s.f.,,,,,,,,http://dizionario.internazionale.it/parola/infanzia
3184,Alto Uso,infarto,,s.m.,,,,,,,,http://dizionario.internazionale.it/parola/infarto
3185,Fondamentale,infatti,,"cong., avv.",,,,,,,,http://dizionario.internazionale.it/parola/infatti
3186,Alta Disponibilità,infedele,,"agg., s.m. e f.",,,,,,,,http://dizionario.internazionale.it/parola/infedele
3187,Alto Uso,infelice,,"agg., s.m. e f.",,,,,,,,http://dizionario.internazionale.it/parola/infelice
3188,Fondamentale,inferiore,,agg.,,,,,,,,http://dizionario.internazionale.it/parola/inferiore
3189,Alto Uso,infermiera,,s.f.,,,,,,,,http://dizionario.internazionale.it/parola/infermiera
3190,Alta Disponibilità,infermiere,,s.m.,,,,,,,,http://dizionario.internazionale.it/parola/infermiere
3191,Alto Uso,inferno,1,"s.m., agg.",,,,,,,,http://dizionario.internazionale.it/parola/inferno
3192,Alto Uso,infezione,,s.f.,,,,,,,,http://dizionario.internazionale.it/parola/infezione
3193,Fondamentale,infilare,,v.tr.,,,,,,,,http://dizionario.internazionale.it/parola/infilare
3194,Fondamentale,infine,,avv.,,,,,,,,http://dizionario.internazionale.it/parola/infine
3195,Fondamentale,infinito,,"agg., s.m.",,,,,,,,http://dizionario.internazionale.it/parola/infinito
3196,Alto Uso,influenza,,s.f.,,,,,,,,http://dizionario.internazionale.it/parola/influenza
3197,Alto Uso,influenzare,,v.tr.,,,,,,,,http://dizionario.internazionale.it/parola/influenzare
3198,Fondamentale,informare,,v.tr.,,,,,,,,http://dizionario.internazionale.it/parola/informare
3199,Alto Uso,informatica,1,s.f.,,,,,,,,http://dizionario.internazionale.it/parola/informatica
3200,Alto Uso,informatico,,"agg., s.m.",,,,,,,,http://dizionario.internazionale.it/parola/informatico
3201,Alto Uso,informativo,,agg.,,,,,,,,http://dizionario.internazionale.it/parola/informativo
3202,Fondamentale,informazione,,s.f.,,,,,,,,http://dizionario.internazionale.it/parola/informazione
3203,Alta Disponibilità,infradito,,"agg., s.m.inv.",,,,,,,,http://dizionario.internazionale.it/parola/infradito
3204,Alto Uso,infrastruttura,,s.f.,,,,,,,,http://dizionario.internazionale.it/parola/infrastruttura
3205,Alto Uso,infuriare,,v.intr. e tr.,,,,,,,,http://dizionario.internazionale.it/parola/infuriare
3206,Alta Disponibilità,infuso,,"p.pass., agg., s.m.",,,,,,,,http://dizionario.internazionale.it/parola/infuso
3207,Alto Uso,ingannare,,v.tr.,,,,,,,,http://dizionario.internazionale.it/parola/ingannare
3208,Alto Uso,inganno,,s.m.,,,,,,,,http://dizionario.internazionale.it/parola/inganno
3209,Alto Uso,ingegnere,,s.m.,,,,,,,,http://dizionario.internazionale.it/parola/ingegnere
3210,Alto Uso,ingegneria,,s.f.,,,,,,,,http://dizionario.internazionale.it/parola/ingegneria
3211,Alta Disponibilità,ingelosire,,v.tr. e intr.,,,,"finire ""isc"" conjugation",,,,http://dizionario.internazionale.it/parola/ingelosire
3212,Alto Uso,ingenuo,,"agg., s.m.",,,,,,,,http://dizionario.internazionale.it/parola/ingenuo
3213,Alta Disponibilità,ingessare,,v.tr.,,,,,,,,http://dizionario.internazionale.it/parola/ingessare
3214,Alto Uso,ingiusto,,"agg., s.m.",,,,,,,,http://dizionario.internazionale.it/parola/ingiusto
3215,Fondamentale,inglese,,"agg., s.m. e f.",,,,,,,,http://dizionario.internazionale.it/parola/inglese
3216,Alto Uso,ingoiare,,v.tr.,,,,,,,,http://dizionario.internazionale.it/parola/ingoiare
3217,Alta Disponibilità,ingorgo,,s.m.,,,,,,,,http://dizionario.internazionale.it/parola/ingorgo
3218,Alta Disponibilità,ingrandire,,v.tr. e intr.,,,,"finire ""isc"" conjugation",,,,http://dizionario.internazionale.it/parola/ingrandire
3219,Alto Uso,ingrassare,,v.tr. e intr.,,,,,,,,http://dizionario.internazionale.it/parola/ingrassare
3220,Alto Uso,ingrediente,,s.m.,,,,,,,,http://dizionario.internazionale.it/parola/ingrediente
3221,Fondamentale,ingresso,1,s.m.,,,,,,,,http://dizionario.internazionale.it/parola/ingresso
3222,Alta Disponibilità,iniezione,,s.f.,,,,,,,,http://dizionario.internazionale.it/parola/iniezione
3223,Fondamentale,iniziale,,"agg., s.f.",,,,,,,,http://dizionario.internazionale.it/parola/iniziale
3224,Alto Uso,inizialmente,,avv.,,iniziale,,,,,,http://dizionario.internazionale.it/parola/inizialmente
3225,Fondamentale,iniziare,,v.intr. e tr.,,,,,,,a,http://dizionario.internazionale.it/parola/iniziare
3226,Fondamentale,iniziativa,,s.f.,,,,,,,,http://dizionario.internazionale.it/parola/iniziativa
3227,Fondamentale,inizio,,s.m.,,,,,,,,http://dizionario.internazionale.it/parola/inizio
3228,Fondamentale,innamorarsi,,v.pronom.intr.,,,,,,,,http://dizionario.internazionale.it/parola/innamorarsi
3229,Alto Uso,innamorato,,"p.pass., agg., s.m.",,innamorare,,,,,,http://dizionario.internazionale.it/parola/innamorato
3230,Alto Uso,innanzitutto,,avv.,,,,,,,,http://dizionario.internazionale.it/parola/innanzitutto
3231,Alta Disponibilità,innervosire,,v.tr.,,,,"finire ""isc"" conjugation",,,,http://dizionario.internazionale.it/parola/innervosire
3232,Alto Uso,innocente,,"agg., s.m. e f.",,,,,,,,http://dizionario.internazionale.it/parola/innocente
3233,Alto Uso,innocuo,,agg.,,,,,,,,http://dizionario.internazionale.it/parola/innocuo
3234,Alto Uso,innovativo,,agg.,,,,,,,,http://dizionario.internazionale.it/parola/innovativo
3235,Alto Uso,innovazione,,s.f.,,,,,,,,http://dizionario.internazionale.it/parola/innovazione
3236,Fondamentale,inoltre,,avv.,,,,,,,,http://dizionario.internazionale.it/parola/inoltre
3237,Alto Uso,inquadrare,,v.tr.,,,,,,,,http://dizionario.internazionale.it/parola/inquadrare
3238,Alto Uso,inquietante,,"p.pres., agg.",,inquietare,,,,,,http://dizionario.internazionale.it/parola/inquietante
3239,Alto Uso,inquinamento,,s.m.,,,,,,,,http://dizionario.internazionale.it/parola/inquinamento
3240,Alta Disponibilità,inquinare,,v.tr.,,,,,,,,http://dizionario.internazionale.it/parola/inquinare
3241,Alta Disponibilità,inquinato,,"p.pass., agg.",,inquinare,,,,,,http://dizionario.internazionale.it/parola/inquinato
3242,Alto Uso,insalata,,s.f.,,,,,,,,http://dizionario.internazionale.it/parola/insalata
3243,Alto Uso,insegna,,s.f.,,,,,,,,http://dizionario.internazionale.it/parola/insegna
3244,Alto Uso,insegnamento,,s.m.,,,,,,,,http://dizionario.internazionale.it/parola/insegnamento
3245,Fondamentale,insegnante,,"p.pres., agg., s.m. e f.",,insegnare,,,,,,http://dizionario.internazionale.it/parola/insegnante
3246,Fondamentale,insegnare,,v.tr.,,,,,,,a,http://dizionario.internazionale.it/parola/insegnare
3247,Alto Uso,inseguire,,v.tr.,,,,,,,,http://dizionario.internazionale.it/parola/inseguire
3248,Alta Disponibilità,inseparabile,,"agg., s.m.",,separare,,,,,,http://dizionario.internazionale.it/parola/inseparabile
3249,Alto Uso,inserimento,,s.m.,,,,,,,,http://dizionario.internazionale.it/parola/inserimento
3250,Fondamentale,inserire,,v.tr.,,,,"finire ""isc"" conjugation",,,,http://dizionario.internazionale.it/parola/inserire
3251,Alta Disponibilità,insetticida,,agg.,,,,,,,,http://dizionario.internazionale.it/parola/insetticida
3252,Alto Uso,insetto,,s.m.,,,,,,,,http://dizionario.internazionale.it/parola/insetto
3253,Fondamentale,insieme,,"avv., s.m.",,,,,,,,http://dizionario.internazionale.it/parola/insieme
3254,Alto Uso,insinuare,,v.tr.,,,,,,,,http://dizionario.internazionale.it/parola/insinuare
3255,Fondamentale,insistere,,v.intr.,,,,,Irr PP: insistito,,a,http://dizionario.internazionale.it/parola/insistere
3256,Alta Disponibilità,insoddisfatto,,agg.,,,,,,,,http://dizionario.internazionale.it/parola/insoddisfatto
3257,Alto Uso,insolito,,"agg., s.m.",,,,,,,,http://dizionario.internazionale.it/parola/insolito
3258,Fondamentale,insomma,,avv.,,,,,,,,http://dizionario.internazionale.it/parola/insomma
3259,Alto Uso,insopportabile,,agg.,,sopportare,,,,,,http://dizionario.internazionale.it/parola/insopportabile
3260,Alta Disponibilità,insospettire,,v.tr. e intr.,,,,"finire ""isc"" conjugation",,,,http://dizionario.internazionale.it/parola/insospettire
3261,Alto Uso,installare,,v.tr.,,,,,,,,http://dizionario.internazionale.it/parola/installare
3262,Alta Disponibilità,insuccesso,,s.m.,,,,,,,,http://dizionario.internazionale.it/parola/insuccesso
3263,Alto Uso,insultare,,v.tr. e intr.,,,,,,,,http://dizionario.internazionale.it/parola/insultare
3264,Alto Uso,insulto,,s.m.,,,,,,,,http://dizionario.internazionale.it/parola/insulto
3265,Fondamentale,intanto,,avv.,,,,,,,,http://dizionario.internazionale.it/parola/intanto
3266,Alta Disponibilità,intasare,,v.tr.,,,,,,,,http://dizionario.internazionale.it/parola/intasare
3267,Alto Uso,intatto,,agg.,,,,,,,,http://dizionario.internazionale.it/parola/intatto
3268,Alto Uso,integrale,,"agg., s.m.",,,,,,,,http://dizionario.internazionale.it/parola/integrale
3269,Alto Uso,integrare,,v.tr.,,,,,,,,http://dizionario.internazionale.it/parola/integrare
3270,Alto Uso,integrazione,,s.f.,,,,,,,,http://dizionario.internazionale.it/parola/integrazione
3271,Alto Uso,intellettuale,,"agg., s.m. e f.",,,,,,,,http://dizionario.internazionale.it/parola/intellettuale
3272,Fondamentale,intelligente,,agg.,,,,,,,,http://dizionario.internazionale.it/parola/intelligente
3273,Alto Uso,intelligenza,,s.f.,,,,,,,,http://dizionario.internazionale.it/parola/intelligenza
3274,Fondamentale,intendere,,"v.tr., v.intr.",,,,,Irr PP: inteso,,,http://dizionario.internazionale.it/parola/intendere
3275,Alto Uso,intensità,,s.f.inv.,,,,,,,,http://dizionario.internazionale.it/parola/intensita
3276,Fondamentale,intenso,,agg.,,,,,,,,http://dizionario.internazionale.it/parola/intenso
3277,Alto Uso,intento,1,s.m.,,,,,,,,http://dizionario.internazionale.it/parola/intento
3278,Fondamentale,intenzione,,s.f.,,,,,,,,http://dizionario.internazionale.it/parola/intenzione
3279,Alto Uso,interagire,,v.intr.,,,,"finire ""isc"" conjugation",,,,http://dizionario.internazionale.it/parola/interagire
3280,Alto Uso,interamente,,avv.,,intero,,,,,,http://dizionario.internazionale.it/parola/interamente
3281,Alto Uso,interazione,,s.f.,,,,,,,,http://dizionario.internazionale.it/parola/interazione
3282,Alto Uso,intercettare,,v.tr.,,,,,,,,http://dizionario.internazionale.it/parola/intercettare
3283,Alto Uso,intercettazione,,s.f.,,,,,,,,http://dizionario.internazionale.it/parola/intercettazione
3284,Fondamentale,interessante,,"p.pres., agg.",,interessare,,,,,,http://dizionario.internazionale.it/parola/interessante
3285,Fondamentale,interessare,,v.tr. e intr.,,,,,,,,http://dizionario.internazionale.it/parola/interessare
3286,Alto Uso,interessato,,"p.pass., agg., s.m.",,interessare,,,,,,http://dizionario.internazionale.it/parola/interessato
3287,Fondamentale,interesse,,s.m.,,,,,,,,http://dizionario.internazionale.it/parola/interesse
3288,Alto Uso,interiore,,"agg., s.m.",,,,,,,,http://dizionario.internazionale.it/parola/interiore
3289,Alto Uso,interlocutore,,s.m.,,,,,,,,http://dizionario.internazionale.it/parola/interlocutore
3290,Fondamentale,internazionale,,"agg., s.m. e f.",,,,,,,,http://dizionario.internazionale.it/parola/internazionale
3291,Fondamentale,internet,,s.m. e f.inv.,,,,,,,,http://dizionario.internazionale.it/parola/internet
3292,Fondamentale,interno,,"agg., s.m.",,,,,,,,http://dizionario.internazionale.it/parola/interno
3293,Fondamentale,intero,,"agg., s.m.",,,,,,,,http://dizionario.internazionale.it/parola/intero
3294,Fondamentale,interpretare,,v.tr.,,,,,,,,http://dizionario.internazionale.it/parola/interpretare
3295,Alto Uso,interpretazione,,s.f.,,,,,,,,http://dizionario.internazionale.it/parola/interpretazione
3296,Alto Uso,interprete,,s.m. e f.,,,,,,,,http://dizionario.internazionale.it/parola/interprete
3297,Alto Uso,interrogare,,v.tr.,,,,,,,,http://dizionario.internazionale.it/parola/interrogare
3298,Alto Uso,interrogativo,,"agg., s.m.",,,,,,,,http://dizionario.internazionale.it/parola/interrogativo
3299,Alto Uso,interrogatorio,,"agg., s.m.",,,,,,,,http://dizionario.internazionale.it/parola/interrogatorio
3300,Alta Disponibilità,interrogazione,,s.f.,,,,,,,,http://dizionario.internazionale.it/parola/interrogazione
3301,Fondamentale,interrompere,,v.tr.,,,,,Irr PP: interrotto,,,http://dizionario.internazionale.it/parola/interrompere
3302,Alta Disponibilità,interruttore,,s.m.,,,,,,,,http://dizionario.internazionale.it/parola/interruttore
3303,Alto Uso,interruzione,,s.f.,,,,,,,,http://dizionario.internazionale.it/parola/interruzione
3304,Alto Uso,intervallo,,s.m.,,,,,,,,http://dizionario.internazionale.it/parola/intervallo
3305,Fondamentale,intervenire,,v.intr.,,,,,Irr PP: intervenuto,Essere,,http://dizionario.internazionale.it/parola/intervenire
3306,Fondamentale,intervento,,s.m.,,,,,,,,http://dizionario.internazionale.it/parola/intervento
3307,Fondamentale,intervista,,s.f.,,,,,,,,http://dizionario.internazionale.it/parola/intervista
3308,Alto Uso,intesa,,s.f.,,,,,,,,http://dizionario.internazionale.it/parola/intesa
3309,Alto Uso,intestare,,v.tr.,,,,,,,,http://dizionario.internazionale.it/parola/intestare
3310,Alta Disponibilità,intestino,1,s.m.,,,,,,,,http://dizionario.internazionale.it/parola/intestino
3311,Alta Disponibilità,intimidire,,v.tr. e intr.,,,,"finire ""isc"" conjugation",,,,http://dizionario.internazionale.it/parola/intimidire
3312,Alto Uso,intimità,,s.f.inv.,,,,,,,,http://dizionario.internazionale.it/parola/intimita
3313,Alto Uso,intimo,1,"agg., s.m.",,,,,,,,http://dizionario.internazionale.it/parola/intimo
3314,Alto Uso,intitolare,,v.tr.,,,,,,,,http://dizionario.internazionale.it/parola/intitolare
3315,Alta Disponibilità,intonaco,,s.m.,,,,,,,,http://dizionario.internazionale.it/parola/intonaco
3316,Fondamentale,intorno,,"avv., prep., agg.inv., s.m.",,,,,,,,http://dizionario.internazionale.it/parola/intorno
3317,Alto Uso,intraprendere,,v.tr.,,,,,Irr PP: intrapreso,,,http://dizionario.internazionale.it/parola/intraprendere
3318,Alto Uso,intravedere,,v.tr.,,,,,Irr PP: intravisto,,,http://dizionario.internazionale.it/parola/intravedere
3319,Alto Uso,intrecciare,,v.tr.,,,,,,,,http://dizionario.internazionale.it/parola/intrecciare
3320,Fondamentale,introdurre,,v.tr.,,-durre,,-rre verb,Irr PP: introdotto,,,http://dizionario.internazionale.it/parola/introdurre
3321,Alto Uso,introduzione,,s.f.,,,,,,,,http://dizionario.internazionale.it/parola/introduzione
3322,Alto Uso,intuire,,v.tr.,,,,"finire ""isc"" conjugation",,,,http://dizionario.internazionale.it/parola/intuire
3323,Alto Uso,intuizione,,s.f.,,,,,,,,http://dizionario.internazionale.it/parola/intuizione
3324,Fondamentale,inutile,,agg.,,,,,,,,http://dizionario.internazionale.it/parola/inutile
3325,Alta Disponibilità,invadente,,"p.pres., agg., s.m. e f.",,invadere,,,,,,http://dizionario.internazionale.it/parola/invadente
3326,Alto Uso,invadere,,v.tr.,,,,,Irr PP: invaso,,,http://dizionario.internazionale.it/parola/invadere
3327,Alto Uso,invasione,,s.f.,,,,,,,,http://dizionario.internazionale.it/parola/invasione
3328,Alto Uso,invecchiare,,"v.intr., v.tr.",,,,,,,,http://dizionario.internazionale.it/parola/invecchiare
3329,Fondamentale,invece,,avv.,,,,,,,,http://dizionario.internazionale.it/parola/invece
3330,Fondamentale,inventare,,v.tr.,,,,,,,,http://dizionario.internazionale.it/parola/inventare
3331,Alto Uso,invenzione,,s.f.,,,,,,,,http://dizionario.internazionale.it/parola/invenzione
3332,Alto Uso,invernale,,"agg., s.f.",,,,,,,,http://dizionario.internazionale.it/parola/invernale
3333,Fondamentale,inverno,,s.m.,,,,,,,,http://dizionario.internazionale.it/parola/inverno
3334,Alto Uso,investimento,,s.m.,,,,,,,,http://dizionario.internazionale.it/parola/investimento
3335,Fondamentale,investire,,"v.tr., v.intr.",,,,,,,,http://dizionario.internazionale.it/parola/investire
3336,Fondamentale,inviare,,v.tr.,,,,,,,,http://dizionario.internazionale.it/parola/inviare
3337,Alto Uso,inviato,,"p.pass., agg., s.m.",,inviare,,,,,,http://dizionario.internazionale.it/parola/inviato
3338,Alto Uso,invidiare,,"v.tr., v.intr.",,,,,,,,http://dizionario.internazionale.it/parola/invidiare
3339,Alta Disponibilità,invidioso,,"agg., s.m.",,,,,,,,http://dizionario.internazionale.it/parola/invidioso
3340,Alta Disponibilità,invincibile,,agg.,,,,,,,,http://dizionario.internazionale.it/parola/invincibile
3341,Alto Uso,invisibile,,"agg., s.m., s.f.",,,,,,,,http://dizionario.internazionale.it/parola/invisibile
3342,Fondamentale,invitare,1,v.tr.,,,,,,,,http://dizionario.internazionale.it/parola/invitare
3343,Alto Uso,invitato,1,"p.pass., agg., s.m.",,invitare,,,,,,http://dizionario.internazionale.it/parola/invitato
3344,Alto Uso,invito,1,s.m.,,,,,,,,http://dizionario.internazionale.it/parola/invito
3345,Alto Uso,invocare,,v.tr.,,,,,,,,http://dizionario.internazionale.it/parola/invocare
3346,Alta Disponibilità,inzuppare,,v.tr.,,,,,,,,http://dizionario.internazionale.it/parola/inzuppare
3347,Fondamentale,io,1,"pron.pers. di prima pers.sing., s.m.inv.",,,Pron. Pers.,,,,,http://dizionario.internazionale.it/parola/io
3348,Alta Disponibilità,ionico,1,agg.,,,,,,,,http://dizionario.internazionale.it/parola/ionico
3349,Fondamentale,ipotesi,,s.f.inv.,,,,,,,,http://dizionario.internazionale.it/parola/ipotesi
3350,Alto Uso,ipotizzare,,v.tr.,,,,,,,,http://dizionario.internazionale.it/parola/ipotizzare
3351,Alta Disponibilità,ippopotamo,,s.m.,,,,,,,,http://dizionario.internazionale.it/parola/ippopotamo
3352,Alta Disponibilità,ipsilon,,s.f. e m.inv.,,,Letters of the Alphabet,,,,,http://dizionario.internazionale.it/parola/ipsilon
3353,Alto Uso,ira,,s.f.,,,,,,,,http://dizionario.internazionale.it/parola/ira
3354,Alto Uso,irlandese,,"agg., s.m. e f.",,,Demonym,,,,,http://dizionario.internazionale.it/parola/irlandese
3355,Alto Uso,ironia,,s.f.,,,,,,,,http://dizionario.internazionale.it/parola/ironia
3356,Alto Uso,ironico,,agg.,,,,,,,,http://dizionario.internazionale.it/parola/ironico
3357,Alta Disponibilità,irriconoscibile,,agg.,,,,,,,,http://dizionario.internazionale.it/parola/irriconoscibile
3358,Alto Uso,irritare,1,v.tr.,,,,,,,,http://dizionario.internazionale.it/parola/irritare
3359,Alto Uso,iscritto,1,"p.pass., agg., s.m.",,,,,,,,http://dizionario.internazionale.it/parola/iscritto
3360,Fondamentale,iscrivere,,v.tr.,,,,,Irr PP: iscritto,,,http://dizionario.internazionale.it/parola/iscrivere
3361,Alto Uso,iscrizione,,s.f.,,,,,,,,http://dizionario.internazionale.it/parola/iscrizione
3362,Alto Uso,islamico,,"agg., s.m.",,,,,,,,http://dizionario.internazionale.it/parola/islamico
3363,Alta Disponibilità,islandese,,"agg., s.m. e f.",,,Demonym,,,,,http://dizionario.internazionale.it/parola/islandese
3364,Fondamentale,isola,,s.f.,,,,,,,,http://dizionario.internazionale.it/parola/isola
3365,Alto Uso,isolare,,v.tr.,,,,,,,,http://dizionario.internazionale.it/parola/isolare
3366,Alto Uso,isolato,1,"p.pass., agg., s.m.",,isolare,,,,,,http://dizionario.internazionale.it/parola/isolato
3367,Alto Uso,ispettore,,s.m.,,,,,,,,http://dizionario.internazionale.it/parola/ispettore
3368,Fondamentale,ispirare,,v.tr.,,,,,,,,http://dizionario.internazionale.it/parola/ispirare
3369,Alto Uso,ispirazione,,s.f.,,,,,,,,http://dizionario.internazionale.it/parola/ispirazione
3370,Alta Disponibilità,israeliano,,"agg., s.m.",,,Demonym,,,,,http://dizionario.internazionale.it/parola/israeliano
3371,Fondamentale,istante,1,s.m.,,,,,,,,http://dizionario.internazionale.it/parola/istante
3372,Alto Uso,istanza,,s.f.,,,,,,,,http://dizionario.internazionale.it/parola/istanza
3373,Alta Disponibilità,istintivo,,agg.,,,,,,,,http://dizionario.internazionale.it/parola/istintivo
3374,Alto Uso,istinto,,s.m.,,,,,,,,http://dizionario.internazionale.it/parola/istinto
3375,Fondamentale,istituto,,s.m.,,,,,,,,http://dizionario.internazionale.it/parola/istituto
3376,Alto Uso,istituzionale,,agg.,,,,,,,,http://dizionario.internazionale.it/parola/istituzionale
3377,Fondamentale,istituzione,,s.f.,,,,,,,,http://dizionario.internazionale.it/parola/istituzione
3378,Alta Disponibilità,istruttivo,,agg.,,,,,,,,http://dizionario.internazionale.it/parola/istruttivo
3379,Alta Disponibilità,istruttore,,s.m.,,,,,,,,http://dizionario.internazionale.it/parola/istruttore
3380,Fondamentale,istruzione,,s.f.,,,,,,,,http://dizionario.internazionale.it/parola/istruzione
3381,Fondamentale,italiano,,"agg., s.m.",,,Demonym,,,,,http://dizionario.internazionale.it/parola/italiano
3382,Alta Disponibilità,iugoslavo,,"agg., s.m.",,,Demonym,,,,,http://dizionario.internazionale.it/parola/iugoslavo
3383,Alto Uso,jeans,,s.m.inv.,,,,,,,,http://dizionario.internazionale.it/parola/jeans
3384,Alta Disponibilità,karatè,,s.m.inv.,,,,,,,,http://dizionario.internazionale.it/parola/karatè
3385,Alta Disponibilità,ketchup,,s.m.inv.,,,,,,,,http://dizionario.internazionale.it/parola/ketchup
3386,Alto Uso,killer,,"s.m. e f.inv., agg.inv.",,,,,,,,http://dizionario.internazionale.it/parola/killer
3387,Alta Disponibilità,kit,,s.m.inv.,,,,,,,,http://dizionario.internazionale.it/parola/kit
3388,Alta Disponibilità,kiwi,,s.m.inv.,,,,,,,,http://dizionario.internazionale.it/parola/kiwi
3389,Fondamentale,la,1,"art.det.f.sing., pron.pers. di terza pers.f.sing.",,,Articles,,,,,http://dizionario.internazionale.it/parola/la
3390,Fondamentale,là,,avv.,,,,,,,,http://dizionario.internazionale.it/parola/la_4
3391,Fondamentale,labbro,,s.m.,,,,,,,,http://dizionario.internazionale.it/parola/labbro
3392,Alta Disponibilità,labirinto,,s.m.,,,,,,,,http://dizionario.internazionale.it/parola/labirinto
3393,Fondamentale,laboratorio,,s.m.,,,,,,,,http://dizionario.internazionale.it/parola/laboratorio
3394,Alta Disponibilità,laborioso,,agg.,,,,,,,,http://dizionario.internazionale.it/parola/laborioso
3395,Alta Disponibilità,lacca,1,"s.f., agg.inv.",,,,,,,,http://dizionario.internazionale.it/parola/lacca
3396,Alta Disponibilità,laccio,,s.m.,,,,,,,,http://dizionario.internazionale.it/parola/laccio
3397,Fondamentale,lacrima,,s.f.,,,,,,,,http://dizionario.internazionale.it/parola/lacrima
3398,Alto Uso,laddove,,"avv., cong.",,,,,,,,http://dizionario.internazionale.it/parola/laddove
3399,Alto Uso,ladro,,s.m.,,,,,,,,http://dizionario.internazionale.it/parola/ladro
3400,Alto Uso,laggiù,,avv.,,,,,,,,http://dizionario.internazionale.it/parola/laggiù
3401,Fondamentale,lago,,s.m.,,,,,,,,http://dizionario.internazionale.it/parola/lago
3402,Alto Uso,laico,,"agg., s.m.",,,,,,,,http://dizionario.internazionale.it/parola/laico
3403,Alto Uso,lama,1,s.f.,,,,,,,,http://dizionario.internazionale.it/parola/lama
3404,Fondamentale,lamentare,,"v.tr., v.intr.",,,,,,,,http://dizionario.internazionale.it/parola/lamentare
3405,Alta Disponibilità,lamentela,,s.f.,,,,,,,,http://dizionario.internazionale.it/parola/lamentela
3406,Alta Disponibilità,lametta,,s.f.,,,,,,,,http://dizionario.internazionale.it/parola/lametta
3407,Alta Disponibilità,lamiera,,s.f.,,,,,,,,http://dizionario.internazionale.it/parola/lamiera
3408,Alto Uso,lampada,,s.f.,,,,,,,,http://dizionario.internazionale.it/parola/lampada
3409,Alta Disponibilità,lampadario,,s.m.,,,,,,,,http://dizionario.internazionale.it/parola/lampadario
3410,Alto Uso,lampo,,"s.m., agg.inv., s.f.inv.",,,,,,,,http://dizionario.internazionale.it/parola/lampo
3411,Alto Uso,lana,,s.f.,,,,,,,,http://dizionario.internazionale.it/parola/lana
3412,Alta Disponibilità,lancetta,,s.f.,,,,,,,,http://dizionario.internazionale.it/parola/lancetta
3413,Fondamentale,lanciare,,"v.tr., v.intr.",,,,,,,,http://dizionario.internazionale.it/parola/lanciare
3414,Alto Uso,lancio,,s.m.,,,,,,,,http://dizionario.internazionale.it/parola/lancio
3415,Alta Disponibilità,lanterna,,s.f.,,,,,,,,http://dizionario.internazionale.it/parola/lanterna
3416,Alta Disponibilità,lapis,,s.m.inv.,,,,,,,,http://dizionario.internazionale.it/parola/lapis
3417,Alta Disponibilità,lardo,,s.m.,,,,,,,,http://dizionario.internazionale.it/parola/lardo
3418,Alta Disponibilità,larghezza,,s.f.,,largo,,,,,,http://dizionario.internazionale.it/parola/larghezza
3419,Fondamentale,largo,,"agg., s.m., avv.",,,,,,,,http://dizionario.internazionale.it/parola/largo
3420,Alta Disponibilità,lasagna,,s.f.,,,,,,,,http://dizionario.internazionale.it/parola/lasagna
3421,Fondamentale,lasciare,,v.tr.,,,,,,,,http://dizionario.internazionale.it/parola/lasciare
3422,Alto Uso,lassù,,avv.,,,,,,,,http://dizionario.internazionale.it/parola/lassù
3423,Alto Uso,lastra,1,s.f.,,,,,,,,http://dizionario.internazionale.it/parola/lastra
3424,Alto Uso,laterale,,"agg., s.m. e f.",,,,,,,,http://dizionario.internazionale.it/parola/laterale
3425,Alto Uso,latino,,"agg., s.m.",,,,,,,,http://dizionario.internazionale.it/parola/latino
3426,Fondamentale,lato,1,s.m.,,,,,,,,http://dizionario.internazionale.it/parola/lato
3427,Alta Disponibilità,latta,1,s.f.,,,,,,,,http://dizionario.internazionale.it/parola/latta
3428,Alta Disponibilità,lattante,,"p.pres., agg., s.m. e f.",,lattare,,,,,,http://dizionario.internazionale.it/parola/lattante
3429,Fondamentale,latte,,"s.m., s.m.inv., agg.inv.",,,,,,,,http://dizionario.internazionale.it/parola/latte
3430,Alta Disponibilità,latteria,,s.f.,,,,,,,,http://dizionario.internazionale.it/parola/latteria
3431,Alta Disponibilità,lattina,,s.f.,,,,,,,,http://dizionario.internazionale.it/parola/lattina
3432,Alta Disponibilità,lattuga,,s.f.,,,,,,,,http://dizionario.internazionale.it/parola/lattuga
3433,Alto Uso,laurea,,s.f.,,,,,,,,http://dizionario.internazionale.it/parola/laurea
3434,Alto Uso,laureare,,v.tr.,,,,,,,,http://dizionario.internazionale.it/parola/laureare
3435,Alto Uso,laureato,,"p.pass., agg., s.m.",,laureare,,,,,,http://dizionario.internazionale.it/parola/laureato
3436,Alta Disponibilità,lava,,s.f.,,,,,,,,http://dizionario.internazionale.it/parola/lava
3437,Alta Disponibilità,lavabo,,s.m.,,,,,,,,http://dizionario.internazionale.it/parola/lavabo
3438,Alta Disponibilità,lavagna,,"s.f., s.m.inv., agg.inv.",,,,,,,,http://dizionario.internazionale.it/parola/lavagna
3439,Alta Disponibilità,lavanda,2,s.f.,,,,,,,,http://dizionario.internazionale.it/parola/lavanda_2
3440,Alta Disponibilità,lavanderia,,s.f.,,,,,,,,http://dizionario.internazionale.it/parola/lavanderia
3441,Alta Disponibilità,lavandino,1,s.m.,,,,,,,,http://dizionario.internazionale.it/parola/lavandino
3442,Alta Disponibilità,lavapiatti,,s.m. e f.inv.,,,,,,,,http://dizionario.internazionale.it/parola/lavapiatti
3443,Fondamentale,lavare,,v.tr.,,,,,,,,http://dizionario.internazionale.it/parola/lavare
3444,Alta Disponibilità,lavastoviglie,,s.m. e f.inv.,,,,,,,,http://dizionario.internazionale.it/parola/lavastoviglie
3445,Alto Uso,lavatrice,,s.f.,,,,,,,,http://dizionario.internazionale.it/parola/lavatrice
3446,Alta Disponibilità,lavello,,s.m.,,,,,,,,http://dizionario.internazionale.it/parola/lavello
3447,Fondamentale,lavorare,,v.intr. e tr.,,,,,,,,http://dizionario.internazionale.it/parola/lavorare
3448,Alto Uso,lavorativo,,agg.,,,,,,,,http://dizionario.internazionale.it/parola/lavorativo
3449,Fondamentale,lavoratore,,"agg., s.m.",,,,,,,,http://dizionario.internazionale.it/parola/lavoratore
3450,Alto Uso,lavorazione,,s.f.,,,,,,,,http://dizionario.internazionale.it/parola/lavorazione
3451,Fondamentale,lavoro,,s.m.,,,,,,,,http://dizionario.internazionale.it/parola/lavoro
3452,Alta Disponibilità,laziale,,"agg., s.m. e f.",,,Demonym,,,,,http://dizionario.internazionale.it/parola/laziale
3453,Fondamentale,le,1,"art.det.f.pl., pron.pers. di terza pers.f.pl.",Article,,Articles,,,,,http://dizionario.internazionale.it/parola/le
3454,Fondamentale,le,2,pron.pers. di terza pers.f.sing.,Pronoun,,Pron. Pers.,,,,,http://dizionario.internazionale.it/parola/le_2
3455,Alto Uso,leader,,s.m. e f.inv.,,,,,,,,http://dizionario.internazionale.it/parola/leader
3456,Alta Disponibilità,lealtà,,s.f.inv.,,,,,,,,http://dizionario.internazionale.it/parola/lealta
3457,Alta Disponibilità,lebbra,,s.f.,,,,,,,,http://dizionario.internazionale.it/parola/lebbra
3458,Alto Uso,leccare,,v.tr.,,,,,,,,http://dizionario.internazionale.it/parola/leccare
3459,Alta Disponibilità,leccio,,s.m.,,,,,,,,http://dizionario.internazionale.it/parola/leccio
3460,Alto Uso,lecito,1,"agg., s.m.",,,,,,,,http://dizionario.internazionale.it/parola/lecito
3461,Alto Uso,lega,1,s.f.,,,,,,,,http://dizionario.internazionale.it/parola/lega
3462,Fondamentale,legale,,"agg., s.m.",,,,,,,,http://dizionario.internazionale.it/parola/legale
3463,Alto Uso,legame,,s.m.,,,,,,,,http://dizionario.internazionale.it/parola/legame
3464,Fondamentale,legare,1,v.tr. e intr.,,,,,,,,http://dizionario.internazionale.it/parola/legare
3465,Fondamentale,legato,3,"p.pass., agg., s.m.",,legare,,,,,,http://dizionario.internazionale.it/parola/legato_3
3466,Fondamentale,legge,,s.f.,,,,,,,,http://dizionario.internazionale.it/parola/legge
3467,Alto Uso,leggenda,,s.f.,,,,,,,,http://dizionario.internazionale.it/parola/leggenda
3468,Fondamentale,leggere,,v.tr.,,,,,Irr PP: letto,,,http://dizionario.internazionale.it/parola/leggere
3469,Alto Uso,leggermente,,avv.,,leggero,,,,,,http://dizionario.internazionale.it/parola/leggermente
3470,Fondamentale,leggero,,"agg., avv., s.m.",,,,,,,,http://dizionario.internazionale.it/parola/leggero
3471,Alto Uso,legislativo,,agg.,,,,,,,,http://dizionario.internazionale.it/parola/legislativo
3472,Alto Uso,legittimo,,agg.,,,,,,,,http://dizionario.internazionale.it/parola/legittimo
3473,Alta Disponibilità,legna,,s.f.inv.,,,,,,,,http://dizionario.internazionale.it/parola/legna
3474,Fondamentale,legno,,s.m.,,,,,,,,http://dizionario.internazionale.it/parola/legno
3475,Alta Disponibilità,legume,,s.m.,,,,,,,,http://dizionario.internazionale.it/parola/legume
3476,Fondamentale,lei,,"pron.pers. di terza pers.f.sing., s.m.inv., s.f.inv.",,,Pron. Pers.,,,,,http://dizionario.internazionale.it/parola/lei
3477,Fondamentale,lentamente,,avv.,,lento,,,,,,http://dizionario.internazionale.it/parola/lentamente
3478,Alta Disponibilità,lente,1,s.f.,,,,,,,,http://dizionario.internazionale.it/parola/lente
3479,Alta Disponibilità,lenticchia,,s.f.,,,,,,,,http://dizionario.internazionale.it/parola/lenticchia
3480,Alta Disponibilità,lentiggine,,s.f.,,,,,,,,http://dizionario.internazionale.it/parola/lentiggine
3481,Fondamentale,lento,,"agg., s.m., avv.",,,,,,,,http://dizionario.internazionale.it/parola/lento
3482,Alta Disponibilità,lenza,,s.f.,,,,,,,,http://dizionario.internazionale.it/parola/lenza
3483,Alto Uso,lenzuolo,,s.m.,,,,,,,,http://dizionario.internazionale.it/parola/lenzuolo
3484,Alto Uso,leone,,"s.m., s.m.inv.",,,,,,,,http://dizionario.internazionale.it/parola/leone
3485,Alta Disponibilità,leonessa,,s.f.,,,,,,,,http://dizionario.internazionale.it/parola/leonessa
3486,Alta Disponibilità,leopardo,,s.m.,,,,,,,,http://dizionario.internazionale.it/parola/leopardo
3487,Alta Disponibilità,lepre,,s.f.,,,,,,,,http://dizionario.internazionale.it/parola/lepre
3488,Alto Uso,lesione,,s.f.,,,,,,,,http://dizionario.internazionale.it/parola/lesione
3489,Alta Disponibilità,lessare,,v.tr.,,,,,,,,http://dizionario.internazionale.it/parola/lessare
3490,Alto Uso,lessema,,s.m.,,,,,,,,http://dizionario.internazionale.it/parola/lessema
3491,Fondamentale,lettera,,s.f.,,,,,,,,http://dizionario.internazionale.it/parola/lettera
3492,Alta Disponibilità,letterale,,agg.,,,,,,,,http://dizionario.internazionale.it/parola/letterale
3493,Alto Uso,letteralmente,,avv.,,letterale,,,,,,http://dizionario.internazionale.it/parola/letteralmente
3494,Alto Uso,letterario,,agg.,,,,,,,,http://dizionario.internazionale.it/parola/letterario
3495,Fondamentale,letteratura,,s.f.,,,,,,,,http://dizionario.internazionale.it/parola/letteratura
3496,Fondamentale,letto,1,s.m.,,,,,,,,http://dizionario.internazionale.it/parola/letto
3497,Alta Disponibilità,lettone,2,s.m.,,,,,,,,http://dizionario.internazionale.it/parola/lettone_2
3498,Fondamentale,lettore,1,s.m.,,,,,,,,http://dizionario.internazionale.it/parola/lettore
3499,Fondamentale,lettura,,s.f.,,,,,,,,http://dizionario.internazionale.it/parola/lettura
3500,Alto Uso,leva,1,s.f.,,,,,,,,http://dizionario.internazionale.it/parola/leva
3501,Fondamentale,levare,,"v.tr., s.m.",,,,,,,,http://dizionario.internazionale.it/parola/levare
3502,Fondamentale,lezione,,s.f.,,,,,,,,http://dizionario.internazionale.it/parola/lezione
3503,Fondamentale,li,1,pron.pers. di terza pers.m.pl.,,,Pron. Pers.,,,,,http://dizionario.internazionale.it/parola/li
3504,Fondamentale,lì,,avv.,,,,,,,,http://dizionario.internazionale.it/parola/li_5
3505,Alto Uso,libanese,,"agg., s.m. e f.",,,Demonym,,,,,http://dizionario.internazionale.it/parola/libanese
3506,Alto Uso,liberale,,"agg., s.m. e f.",,,,,,,,http://dizionario.internazionale.it/parola/liberale
3507,Alto Uso,liberamente,,avv.,,libero,,,,,,http://dizionario.internazionale.it/parola/liberamente
3508,Fondamentale,liberare,,v.tr.,,,,,,,,http://dizionario.internazionale.it/parola/liberare
3509,Alto Uso,liberazione,,s.f.,,,,,,,,http://dizionario.internazionale.it/parola/liberazione
3510,Fondamentale,libero,,"agg., s.m.",,,,,,,,http://dizionario.internazionale.it/parola/libero
3511,Fondamentale,libertà,,s.f.inv.,,,,,,,,http://dizionario.internazionale.it/parola/liberta
3512,Alta Disponibilità,libico,1,"agg., s.m.",,,,,,,,http://dizionario.internazionale.it/parola/libico
3513,Alta Disponibilità,libraio,,s.m.,,,,,,,,http://dizionario.internazionale.it/parola/libraio
3514,Alto Uso,libreria,,s.f.,,,,,,,,http://dizionario.internazionale.it/parola/libreria
3515,Alto Uso,libretto,,s.m.,,,,,,,,http://dizionario.internazionale.it/parola/libretto
3516,Fondamentale,libro,,s.m.,,,,,,,,http://dizionario.internazionale.it/parola/libro
3517,Alto Uso,licenza,,s.f.,,,,,,,,http://dizionario.internazionale.it/parola/licenza
3518,Alta Disponibilità,licenziamento,,s.m.,,,,,,,,http://dizionario.internazionale.it/parola/licenziamento
3519,Alto Uso,licenziare,,v.tr.,,,,,,,,http://dizionario.internazionale.it/parola/licenziare
3520,Alto Uso,liceo,1,s.m.,,,,,,,,http://dizionario.internazionale.it/parola/liceo
3521,Alta Disponibilità,lido,,s.m.,,,,,,,,http://dizionario.internazionale.it/parola/lido
3522,Alto Uso,lieto,,agg.,,,,,,,,http://dizionario.internazionale.it/parola/lieto
3523,Alto Uso,lieve,,agg.,,,,,,,,http://dizionario.internazionale.it/parola/lieve
3524,Alta Disponibilità,lievito,1,s.m.,,,,,,,,http://dizionario.internazionale.it/parola/lievito
3525,Alta Disponibilità,ligure,,"agg., s.m. e f.",,,,,,,,http://dizionario.internazionale.it/parola/ligure
3526,Alta Disponibilità,lima,1,s.f.,,,,,,,,http://dizionario.internazionale.it/parola/lima
3527,Alta Disponibilità,limare,,v.tr.,,,,,,,,http://dizionario.internazionale.it/parola/limare
3528,Fondamentale,limitare,2,v.tr.,,,,,,,a,http://dizionario.internazionale.it/parola/limitare_2
3529,Alto Uso,limitato,,"p.pass., agg.",,limitare,,,,,,http://dizionario.internazionale.it/parola/limitato
3530,Fondamentale,limite,,"s.m., agg.inv.",,,,,,,,http://dizionario.internazionale.it/parola/limite
3531,Alta Disponibilità,limonata,1,s.f.,,,,,,,,http://dizionario.internazionale.it/parola/limonata
3532,Alto Uso,limone,,"s.m., s.m.inv., agg.inv.",,,,,,,,http://dizionario.internazionale.it/parola/limone
3533,Fondamentale,linea,,s.f.,,,,,,,,http://dizionario.internazionale.it/parola/linea
3534,Alto Uso,lineare,1,"agg., s.f.",,,,,,,,http://dizionario.internazionale.it/parola/lineare
3535,Alto Uso,linfa,,s.f.,,,,,,,,http://dizionario.internazionale.it/parola/linfa
3536,Alta Disponibilità,lingerie,,s.f.inv.,,,,,,,,http://dizionario.internazionale.it/parola/lingerie
3537,Fondamentale,lingua,,s.f.,,,,,,,,http://dizionario.internazionale.it/parola/lingua
3538,Fondamentale,linguaggio,,s.m.,,,,,,,,http://dizionario.internazionale.it/parola/linguaggio
3539,Alto Uso,linguistica,,s.f.,,,,,,,,http://dizionario.internazionale.it/parola/linguistica
3540,Alto Uso,linguistico,,"agg., s.m.",,,,,,,,http://dizionario.internazionale.it/parola/linguistico
3541,Alto Uso,link,,s.m.inv.,,,,,,,,http://dizionario.internazionale.it/parola/link
3542,Fondamentale,liquido,,"agg., s.m.",,,,,,,,http://dizionario.internazionale.it/parola/liquido
3543,Alta Disponibilità,liquore,,s.m.,,,,,,,,http://dizionario.internazionale.it/parola/liquore
3544,Fondamentale,lira,1,s.f.,,,,,,,,http://dizionario.internazionale.it/parola/lira
3545,Alto Uso,lirico,,agg.,,,,,,,,http://dizionario.internazionale.it/parola/lirico
3546,Alta Disponibilità,lisbonese,,"agg., s.m. e f.",,,Demonym,,,,,http://dizionario.internazionale.it/parola/lisbonese
3547,Alto Uso,liscio,,"agg., s.m.",,,,,,,,http://dizionario.internazionale.it/parola/liscio
3548,Fondamentale,lista,,s.f.,,,,,,,,http://dizionario.internazionale.it/parola/lista
3549,Alto Uso,lite,,s.f.,,,,,,,,http://dizionario.internazionale.it/parola/lite
3550,Fondamentale,litigare,,"v.intr., v.tr.",,,,,,,,http://dizionario.internazionale.it/parola/litigare
3551,Alto Uso,litigio,,s.m.,,,,,,,,http://dizionario.internazionale.it/parola/litigio
3552,Alto Uso,litro,1,s.m.,,,,,,,,http://dizionario.internazionale.it/parola/litro
3553,Alta Disponibilità,lituano,,"agg., s.m.",,,Demonym,,,,,http://dizionario.internazionale.it/parola/lituano
3554,Alto Uso,live,,agg.inv.,,,,,,,,http://dizionario.internazionale.it/parola/live
3555,Fondamentale,livello,1,s.m.,,,,,,,,http://dizionario.internazionale.it/parola/livello
3556,Fondamentale,lo,,"art.det.m.sing., pron.pers. di terza pers.m.sing.",,,Articles,,,,,http://dizionario.internazionale.it/parola/lo
3557,Fondamentale,locale,1,"agg., s.m. e f.",,,,,,,,http://dizionario.internazionale.it/parola/locale
3558,Fondamentale,locale,2,s.m.,,,,,,,,http://dizionario.internazionale.it/parola/locale_2
3559,Alto Uso,località,1,s.f.inv.,,,,,,,,http://dizionario.internazionale.it/parola/localita
3560,Alta Disponibilità,locanda,,s.f.,,,,,,,,http://dizionario.internazionale.it/parola/locanda
3561,Alto Uso,locazione,,s.f.,,,,,,,,http://dizionario.internazionale.it/parola/locazione
3562,Alta Disponibilità,locomotiva,,s.f.,,,,,,,,http://dizionario.internazionale.it/parola/locomotiva
3563,Alto Uso,logica,1,s.f.,,,,,,,,http://dizionario.internazionale.it/parola/logica
3564,Alto Uso,logico,,"agg., s.m.",,,,,,,,http://dizionario.internazionale.it/parola/logico
3565,Alta Disponibilità,logoro,3,"p.pass., agg.",,,,,,,,http://dizionario.internazionale.it/parola/logoro_3
3566,Alto Uso,lombardo,,"agg., s.m.",,,Demonym,,,,,http://dizionario.internazionale.it/parola/lombardo
3567,Alta Disponibilità,londinese,,"agg., s.m. e f.",,,Demonym,,,,,http://dizionario.internazionale.it/parola/londinese
3568,Alto Uso,lontananza,,s.f.,,,,,,,,http://dizionario.internazionale.it/parola/lontananza
3569,Fondamentale,lontano,,"agg., avv., s.m.",,,,,,,,http://dizionario.internazionale.it/parola/lontano
3570,Alta Disponibilità,lonza,2,s.f.,,,,,,,,http://dizionario.internazionale.it/parola/lonza_2
3571,Alto Uso,look,,s.m.inv.,,,,,,,,http://dizionario.internazionale.it/parola/look
3572,Fondamentale,loro,,"pron.pers. di terza pers.m. e f.pl., agg.poss. di terza pers.pl., pron.poss. di terza pers.pl.",,,"Possessives, Pron Pers.",,,,,http://dizionario.internazionale.it/parola/loro
3573,Fondamentale,lotta,,s.f.,,,,,,,,http://dizionario.internazionale.it/parola/lotta
3574,Alto Uso,lottare,,v.intr.,,,,,,,,http://dizionario.internazionale.it/parola/lottare
3575,Alta Disponibilità,lozione,,s.f.,,,,,,,,http://dizionario.internazionale.it/parola/lozione
3576,Alta Disponibilità,lucano,1,"agg., s.m.",,,Demonym,,,,,http://dizionario.internazionale.it/parola/lucano
3577,Alta Disponibilità,luccicare,,v.intr.,,,,,,,,http://dizionario.internazionale.it/parola/luccicare
3578,Alta Disponibilità,lucciola,,s.f.,,,,,,,,http://dizionario.internazionale.it/parola/lucciola
3579,Fondamentale,luce,,s.f.,,,,,,,,http://dizionario.internazionale.it/parola/luce
3580,Alta Disponibilità,lucente,,"p.pres., agg., s.m.",,lucere,,,,,,http://dizionario.internazionale.it/parola/lucente
3581,Alta Disponibilità,lucertola,,s.f.,,,,,,,,http://dizionario.internazionale.it/parola/lucertola
3582,Alta Disponibilità,lucidare,,v.tr.,,,,,,,,http://dizionario.internazionale.it/parola/lucidare
3583,Alto Uso,lucido,,"agg., s.m.",,,,,,,,http://dizionario.internazionale.it/parola/lucido
3584,Fondamentale,luglio,,s.m.,,,Months of the Year,,,,,http://dizionario.internazionale.it/parola/luglio
3585,Fondamentale,lui,1,"pron.pers. di terza pers.m.sing., s.m.inv.",,,Pron. Pers.,,,,,http://dizionario.internazionale.it/parola/lui
3586,Alta Disponibilità,lumaca,,s.f.,,,,,,,,http://dizionario.internazionale.it/parola/lumaca
3587,Alto Uso,luminoso,,agg.,,,,,,,,http://dizionario.internazionale.it/parola/luminoso
3588,Fondamentale,luna,,s.f.,,,,,,,,http://dizionario.internazionale.it/parola/luna
3589,Fondamentale,lunedì,,s.m.inv.,,,Days of the Week,,,,,http://dizionario.internazionale.it/parola/lunedi
3590,Alto Uso,lunghezza,,s.f.,,lungo,,,,,,http://dizionario.internazionale.it/parola/lunghezza
3591,Fondamentale,lungo,,"agg., prep., s.m.",,,,,,,,http://dizionario.internazionale.it/parola/lungo
3592,Fondamentale,luogo,,s.m.,,,,,,,,http://dizionario.internazionale.it/parola/luogo
3593,Fondamentale,lupo,,s.m.,,,,,,,,http://dizionario.internazionale.it/parola/lupo
3594,Alta Disponibilità,lussemburghese,,"agg., s.m. e f.",,,Demonym,,,,,http://dizionario.internazionale.it/parola/lussemburghese
3595,Alto Uso,lusso,,s.m.,,,,,,,,http://dizionario.internazionale.it/parola/lusso
3596,Alto Uso,lutto,,s.m.,,,,,,,,http://dizionario.internazionale.it/parola/lutto
3597,Fondamentale,ma,1,"cong., s.m.inv.",,,,,,,,http://dizionario.internazionale.it/parola/ma
3598,Alta Disponibilità,maccherone,,s.m.,,,,,,,,http://dizionario.internazionale.it/parola/maccherone
3599,Fondamentale,macchia,1,s.f.,,,,,,,,http://dizionario.internazionale.it/parola/macchia
3600,Fondamentale,macchina,,s.f.,,,,,,,,http://dizionario.internazionale.it/parola/macchina
3601,Alta Disponibilità,macchinista,,s.m. e f.,,,,,,,,http://dizionario.internazionale.it/parola/macchinista
3602,Alta Disponibilità,macedone,,"agg., s.m. e f.",,,Demonym,,,,,http://dizionario.internazionale.it/parola/macedone
3603,Alta Disponibilità,macedonia,1,s.f.,,,,,,,,http://dizionario.internazionale.it/parola/macedonia
3604,Alto Uso,maceria,,s.f.,,,,,,,,http://dizionario.internazionale.it/parola/maceria
3605,Alta Disponibilità,macinare,,v.tr.,,,,,,,,http://dizionario.internazionale.it/parola/macinare
3606,Alto Uso,madonna,,"s.f., inter.",,,,,,,,http://dizionario.internazionale.it/parola/madonna
3607,Fondamentale,madre,,s.f.,,,Family,,,,,http://dizionario.internazionale.it/parola/madre
3608,Alta Disponibilità,madrileno,,"agg., s.m.",,,Demonym,,,,,http://dizionario.internazionale.it/parola/madrileno
3609,Alta Disponibilità,madrina,,s.f.,,,,,,,,http://dizionario.internazionale.it/parola/madrina
3610,Alto Uso,maestra,,s.f.,,,,,,,,http://dizionario.internazionale.it/parola/maestra
3611,Alta Disponibilità,maestranza,,s.f.,,,,,,,,http://dizionario.internazionale.it/parola/maestranza
3612,Fondamentale,maestro,,"s.m., agg.",,,,,,,,http://dizionario.internazionale.it/parola/maestro
3613,Alto Uso,mafia,,s.f.,,,,,,,,http://dizionario.internazionale.it/parola/mafia
3614,Alto Uso,mafioso,,"agg., s.m.",,,,,,,,http://dizionario.internazionale.it/parola/mafioso
3615,Fondamentale,magari,,"inter., cong., avv.",,,,,,,,http://dizionario.internazionale.it/parola/magari
3616,Alto Uso,magazzino,,s.m.,,,,,,,,http://dizionario.internazionale.it/parola/magazzino
3617,Fondamentale,maggio,1,s.m.,,,Months of the Year,,,,,http://dizionario.internazionale.it/parola/maggio
3618,Fondamentale,maggioranza,,s.f.,,,,,,,,http://dizionario.internazionale.it/parola/maggioranza
3619,Alta Disponibilità,maggiorenne,,"agg., s.m. e f.",,,,,,,,http://dizionario.internazionale.it/parola/maggiorenne
3620,Alto Uso,maggiormente,,avv.,,maggiore,,,,,,http://dizionario.internazionale.it/parola/maggiormente
3621,Alto Uso,magia,,s.f.,,,,,,,,http://dizionario.internazionale.it/parola/magia
3622,Fondamentale,magico,,agg.,,,,,,,,http://dizionario.internazionale.it/parola/magico
3623,Alto Uso,magistrato,,s.m.,,,,,,,,http://dizionario.internazionale.it/parola/magistrato
3624,Alto Uso,magistratura,,s.f.,,,,,,,,http://dizionario.internazionale.it/parola/magistratura
3625,Fondamentale,maglia,1,s.f.,,,,,,,,http://dizionario.internazionale.it/parola/maglia
3626,Alto Uso,maglietta,,s.f.,,,,,,,,http://dizionario.internazionale.it/parola/maglietta
3627,Alto Uso,magnetico,,agg.,,,,,,,,http://dizionario.internazionale.it/parola/magnetico
3628,Alto Uso,magnifico,,agg.,,,,,,,,http://dizionario.internazionale.it/parola/magnifico
3629,Alto Uso,mago,,"s.m., agg.",,,,,,,,http://dizionario.internazionale.it/parola/mago
3630,Alto Uso,magro,,"agg., s.m.",,,,,,,,http://dizionario.internazionale.it/parola/magro
3631,Alto Uso,mah,,inter.,,,,,,,,http://dizionario.internazionale.it/parola/mah
3632,Fondamentale,mai,,avv.,,,,,,,,http://dizionario.internazionale.it/parola/mai
3633,Alto Uso,maiale,,s.m.,,,,,,,,http://dizionario.internazionale.it/parola/maiale
3634,Alta Disponibilità,maionese,,s.f.,,,,,,,,http://dizionario.internazionale.it/parola/maionese
3635,Alta Disponibilità,mais,,s.m.inv.,,,,,,,,http://dizionario.internazionale.it/parola/mais
3636,Alta Disponibilità,maiuscola,,s.f.,,,,,,,,http://dizionario.internazionale.it/parola/maiuscola
3637,Fondamentale,malato,1,"agg., s.m.",,,,,,,,http://dizionario.internazionale.it/parola/malato
3638,Fondamentale,malattia,,s.f.,,,,,,,,http://dizionario.internazionale.it/parola/malattia
3639,Alta Disponibilità,malaugurio,,s.m.,,,,,,,,http://dizionario.internazionale.it/parola/malaugurio
3640,Alta Disponibilità,malavita,,s.f.,,,,,,,,http://dizionario.internazionale.it/parola/malavita
3641,Fondamentale,male,1,"avv., inter.",,,,,,,,http://dizionario.internazionale.it/parola/male
3642,Fondamentale,male,2,s.m.,,,,,,,,http://dizionario.internazionale.it/parola/male_2
3643,Alto Uso,maledetto,,"p.pass., agg., s.m.",,maledire,,,,,,http://dizionario.internazionale.it/parola/maledetto
3644,Alto Uso,maledizione,,"s.f., inter.",,,,,,,,http://dizionario.internazionale.it/parola/maledizione
3645,Alta Disponibilità,maleducato,,"agg., s.m.",,,,,,,,http://dizionario.internazionale.it/parola/maleducato
3646,Alta Disponibilità,maleducazione,,s.f.,,,,,,,,http://dizionario.internazionale.it/parola/maleducazione
3647,Alto Uso,malgrado,,"s.m., avv., cong., prep.",,,,,,,,http://dizionario.internazionale.it/parola/malgrado
3648,Alto Uso,malinconia,,s.f.,,,,,,,,http://dizionario.internazionale.it/parola/malinconia
3649,Alta Disponibilità,malinteso,,"agg., s.m.",,,,,,,,http://dizionario.internazionale.it/parola/malinteso
3650,Alta Disponibilità,malizia,,s.f.,,,,,,,,http://dizionario.internazionale.it/parola/malizia
3651,Alta Disponibilità,maltempo,,s.m.,,,,,,,,http://dizionario.internazionale.it/parola/maltempo
3652,Alta Disponibilità,maltese,,"agg., s.m. e f.",,,Demonym,,,,,http://dizionario.internazionale.it/parola/maltese
3653,Alta Disponibilità,maltrattamento,,s.m.,,,,,,,,http://dizionario.internazionale.it/parola/maltrattamento
3654,Alta Disponibilità,maltrattare,,v.tr.,,,,,,,,http://dizionario.internazionale.it/parola/maltrattare
3655,Alta Disponibilità,malva,,"s.m. e f., s.m.inv.",,,,,,,,http://dizionario.internazionale.it/parola/malva
3656,Alto Uso,malvagio,,"agg., s.m.",,,,,,,,http://dizionario.internazionale.it/parola/malvagio
3657,Fondamentale,mamma,,s.f.,,,,,,,,http://dizionario.internazionale.it/parola/mamma
3658,Alta Disponibilità,mammella,,s.f.,,,,,,,,http://dizionario.internazionale.it/parola/mammella
3659,Alta Disponibilità,mammifero,,s.m.,,,,,,,,http://dizionario.internazionale.it/parola/mammifero
3660,Alto Uso,manager,,s.m.inv.,,,,,,,,http://dizionario.internazionale.it/parola/manager
3661,Fondamentale,mancanza,,s.f.,,,,,,,,http://dizionario.internazionale.it/parola/mancanza
3662,Fondamentale,mancare,,"v.intr., v.tr.",,,,,,,,http://dizionario.internazionale.it/parola/mancare
3663,Alto Uso,mancato,,"p.pass., agg.",,mancare,,,,,,http://dizionario.internazionale.it/parola/mancato
3664,Alta Disponibilità,mancino,,"agg., s.m.",,,,,,,,http://dizionario.internazionale.it/parola/mancino
3665,Alto Uso,manco,1,"agg., avv.",,,,,,,,http://dizionario.internazionale.it/parola/manco
3666,Fondamentale,mandare,,v.tr.,,,,,,,a,http://dizionario.internazionale.it/parola/mandare
3667,Alta Disponibilità,mandarino,1,"s.m., s.m.inv., agg.inv.",,,,,,,,http://dizionario.internazionale.it/parola/mandarino
3668,Alto Uso,mandato,,"p.pass., agg., s.m.",,mandare,,,,,,http://dizionario.internazionale.it/parola/mandato
3669,Alta Disponibilità,mandorla,,s.f.,,,,,,,,http://dizionario.internazionale.it/parola/mandorla
3670,Alta Disponibilità,mandorlo,,s.m.,,,,,,,,http://dizionario.internazionale.it/parola/mandorlo
3671,Alta Disponibilità,manganello,,s.m.,,,,,,,,http://dizionario.internazionale.it/parola/manganello
3672,Fondamentale,mangiare,1,v.tr.,,,,,,,,http://dizionario.internazionale.it/parola/mangiare
3673,Alta Disponibilità,mangime,,s.m.,,,,,,,,http://dizionario.internazionale.it/parola/mangime
3674,Alto Uso,mania,1,s.f.,,,,,,,,http://dizionario.internazionale.it/parola/mania
3675,Alta Disponibilità,maniaco,,"agg., s.m.",,,,,,,,http://dizionario.internazionale.it/parola/maniaco
3676,Alto Uso,manica,,s.f.,,,,,,,,http://dizionario.internazionale.it/parola/manica
3677,Alto Uso,manico,,s.m.,,,,,,,,http://dizionario.internazionale.it/parola/manico
3678,Fondamentale,maniera,,s.f.,,,,,,,,http://dizionario.internazionale.it/parola/maniera
3679,Fondamentale,manifestare,,v.tr. e intr.,,,,,,,,http://dizionario.internazionale.it/parola/manifestare
3680,Fondamentale,manifestazione,,s.f.,,,,,,,,http://dizionario.internazionale.it/parola/manifestazione
3681,Alto Uso,manifesto,1,s.m.,,,,,,,,http://dizionario.internazionale.it/parola/manifesto
3682,Fondamentale,mano,,s.f.,,,,Irregular Plural,,,,http://dizionario.internazionale.it/parola/mano
3683,Alta Disponibilità,manodopera,,s.f.inv.,,,,,,,,http://dizionario.internazionale.it/parola/manodopera
3684,Alto Uso,manoscritto,1,"agg., s.m.",,,,,,,,http://dizionario.internazionale.it/parola/manoscritto
3685,Alta Disponibilità,manovale,,s.m.,,,,,,,,http://dizionario.internazionale.it/parola/manovale
3686,Alto Uso,manovra,,s.f.,,,,,,,,http://dizionario.internazionale.it/parola/manovra
3687,Alto Uso,mantello,,s.m.,,,,,,,,http://dizionario.internazionale.it/parola/mantello
3688,Fondamentale,mantenere,,v.tr.,,,,,,,,http://dizionario.internazionale.it/parola/mantenere
3689,Alto Uso,manuale,1,"agg., s.m.",,,,,,,,http://dizionario.internazionale.it/parola/manuale
3690,Alto Uso,manuale,2,s.m.,,,,,,,,http://dizionario.internazionale.it/parola/manuale_2
3691,Alto Uso,manutenzione,,s.f.,,,,,,,,http://dizionario.internazionale.it/parola/manutenzione
3692,Alta Disponibilità,manzo,,s.m.,,,,,,,,http://dizionario.internazionale.it/parola/manzo
3693,Alto Uso,mappa,,s.f.,,,,,,,,http://dizionario.internazionale.it/parola/mappa
3694,Alto Uso,marca,1,s.f.,,,,,,,,http://dizionario.internazionale.it/parola/marca
3695,Alto Uso,marcare,,v.tr.,,,,,,,,http://dizionario.internazionale.it/parola/marcare
3696,Alta Disponibilità,marchigiano,,"agg., s.m.",,,Demonym,,,,,http://dizionario.internazionale.it/parola/marchigiano
3697,Alto Uso,marchio,,s.m.,,,,,,,,http://dizionario.internazionale.it/parola/marchio
3698,Alto Uso,marcia,1,s.f.,,,,,,,,http://dizionario.internazionale.it/parola/marcia
3699,Alto Uso,marciapiede,,s.m.,,,,,,,,http://dizionario.internazionale.it/parola/marciapiede
3700,Alto Uso,marcio,,"agg., s.m.",,,,,,,,http://dizionario.internazionale.it/parola/marcio
3701,Alta Disponibilità,marcire,,v.intr. e tr.,,,,"finire ""isc"" conjugation",,,,http://dizionario.internazionale.it/parola/marcire
3702,Fondamentale,marco,1,s.m.,,,,,,,,http://dizionario.internazionale.it/parola/marco
3703,Fondamentale,mare,,s.m.,,,,,,,,http://dizionario.internazionale.it/parola/mare
3704,Alto Uso,marea,,s.f.,,,,,,,,http://dizionario.internazionale.it/parola/marea
3705,Alto Uso,maresciallo,,s.m.,,,,,,,,http://dizionario.internazionale.it/parola/maresciallo
3706,Alta Disponibilità,margherita,1,s.f.,,,,,,,,http://dizionario.internazionale.it/parola/margherita
3707,Alto Uso,marginale,,"agg., s.m. e f.",,,,,,,,http://dizionario.internazionale.it/parola/marginale
3708,Alto Uso,margine,,"s.m., s.f.",,,,,,,,http://dizionario.internazionale.it/parola/margine
3709,Alto Uso,marinaio,,s.m.,,,,,,,,http://dizionario.internazionale.it/parola/marinaio
3710,Alto Uso,marino,1,"agg., s.m.",,,,,,,,http://dizionario.internazionale.it/parola/marino
3711,Alta Disponibilità,marionetta,,s.f.,,,,,,,,http://dizionario.internazionale.it/parola/marionetta
3712,Fondamentale,marito,,s.m.,,,,,,,,http://dizionario.internazionale.it/parola/marito
3713,Alto Uso,marketing,,s.m.inv.,,,,,,,,http://dizionario.internazionale.it/parola/marketing
3714,Alta Disponibilità,marmellata,,s.f.,,,,,,,,http://dizionario.internazionale.it/parola/marmellata
3715,Alto Uso,marmo,,s.m.,,,,,,,,http://dizionario.internazionale.it/parola/marmo
3716,Alta Disponibilità,marocchino,,"agg., s.m.",,,Demonym,,,,,http://dizionario.internazionale.it/parola/marocchino
3717,Alto Uso,marrone,1,"s.m., agg.",,,Colors,,,,,http://dizionario.internazionale.it/parola/marrone
3718,Alto Uso,martedì,,s.m.inv.,,,Days of the Week,,,,,http://dizionario.internazionale.it/parola/martedi
3719,Fondamentale,marzo,,s.m.,,,Months of the Year,,,,,http://dizionario.internazionale.it/parola/marzo
3720,Alta Disponibilità,mascarpone,,s.m.,,,,,,,,http://dizionario.internazionale.it/parola/mascarpone
3721,Alto Uso,maschera,,s.f.,,,,,,,,http://dizionario.internazionale.it/parola/maschera
3722,Alto Uso,mascherare,,v.tr.,,,,,,,,http://dizionario.internazionale.it/parola/mascherare
3723,Alta Disponibilità,mascherato,,"p.pass., agg.",,mascherare,,,,,,http://dizionario.internazionale.it/parola/mascherato
3724,Fondamentale,maschile,,"agg., s.m.",,,,,,,,http://dizionario.internazionale.it/parola/maschile
3725,Fondamentale,maschio,,"s.m., agg.",,,,,,,,http://dizionario.internazionale.it/parola/maschio
3726,Fondamentale,massa,,"s.f., avv.",,,,,,,,http://dizionario.internazionale.it/parola/massa
3727,Alto Uso,massacrare,,v.tr.,,,,,,,,http://dizionario.internazionale.it/parola/massacrare
3728,Alta Disponibilità,massacro,,s.m.,,,,,,,,http://dizionario.internazionale.it/parola/massacro
3729,Alta Disponibilità,massaggio,,s.m.,,,,,,,,http://dizionario.internazionale.it/parola/massaggio
3730,Alta Disponibilità,massaia,,s.f.,,,,,,,,http://dizionario.internazionale.it/parola/massaia
3731,Alto Uso,massiccio,,"agg., s.m.",,,,,,,,http://dizionario.internazionale.it/parola/massiccio
3732,Fondamentale,massimo,,"agg., s.m., avv.",,,,,,,,http://dizionario.internazionale.it/parola/massimo
3733,Alto Uso,master,,s.m.inv.,,,,,,,,http://dizionario.internazionale.it/parola/master
3734,Alto Uso,masticare,,v.tr.,,,,,,,,http://dizionario.internazionale.it/parola/masticare
3735,Alto Uso,masturbare,,v.tr.,,,,,,,,http://dizionario.internazionale.it/parola/masturbare
3736,Alto Uso,matematica,1,s.f.,,,,,,,,http://dizionario.internazionale.it/parola/matematica
3737,Alto Uso,matematico,,"agg., s.m.",,,,,,,,http://dizionario.internazionale.it/parola/matematico
3738,Alto Uso,materasso,,s.m.,,,,,,,,http://dizionario.internazionale.it/parola/materasso
3739,Fondamentale,materia,,s.f.,,,,,,,,http://dizionario.internazionale.it/parola/materia
3740,Fondamentale,materiale,,"agg., s.m.",,,,,,,,http://dizionario.internazionale.it/parola/materiale
3741,Alto Uso,maternità,,s.f.inv.,,,,,,,,http://dizionario.internazionale.it/parola/maternita
3742,Alto Uso,materno,,agg.,,,,,,,,http://dizionario.internazionale.it/parola/materno
3743,Alto Uso,matita,,s.f.,,,,,,,,http://dizionario.internazionale.it/parola/matita
3744,Alto Uso,matricola,,s.f.,,,,,,,,http://dizionario.internazionale.it/parola/matricola
3745,Alto Uso,matrimoniale,,"agg., s.f.",,,,,,,,http://dizionario.internazionale.it/parola/matrimoniale
3746,Fondamentale,matrimonio,,s.m.,,,,,,,,http://dizionario.internazionale.it/parola/matrimonio
3747,Fondamentale,mattina,1,s.f.,,,,,,,,http://dizionario.internazionale.it/parola/mattina
3748,Alto Uso,mattinata,,s.f.,,,,,,,,http://dizionario.internazionale.it/parola/mattinata
3749,Fondamentale,mattino,,s.m.,,,,,,,,http://dizionario.internazionale.it/parola/mattino
3750,Fondamentale,matto,1,"agg., s.m.",,,,,,,,http://dizionario.internazionale.it/parola/matto
3751,Alto Uso,mattone,,"s.m., agg.inv., s.m.inv.",,,,,,,,http://dizionario.internazionale.it/parola/mattone
3752,Alto Uso,maturare,,v.intr. e tr.,,,,,,,,http://dizionario.internazionale.it/parola/maturare
3753,Alto Uso,maturità,,s.f.inv.,,,,,,,,http://dizionario.internazionale.it/parola/maturita
3754,Alto Uso,maturo,,agg.,,,,,,,,http://dizionario.internazionale.it/parola/maturo
3755,Alto Uso,mazzo,1,s.m.,,,,,,,,http://dizionario.internazionale.it/parola/mazzo
3756,Fondamentale,me,,"pron.pers. di prima pers.sing., s.m.inv.",,,Pron. Pers.,,,,,http://dizionario.internazionale.it/parola/me
3757,Fondamentale,meccanico,,"agg., s.m.",,,,,,,,http://dizionario.internazionale.it/parola/meccanico
3758,Fondamentale,meccanismo,,s.m.,,,,,,,,http://dizionario.internazionale.it/parola/meccanismo
3759,Alto Uso,medaglia,,s.f.,,,,,,,,http://dizionario.internazionale.it/parola/medaglia
3760,Alto Uso,medesimo,,"agg.dimostr., pron.dimostr.m.",,,,,,,,http://dizionario.internazionale.it/parola/medesimo
3761,Fondamentale,media,1,s.f.,,,,,,,,http://dizionario.internazionale.it/parola/media
3762,Alto Uso,media,2,s.m.inv.,,,,,,,,http://dizionario.internazionale.it/parola/media_2
3763,Alto Uso,mediante,2,prep.,,,,,,,,http://dizionario.internazionale.it/parola/mediante_2
3764,Alta Disponibilità,medicare,,v.tr.,,,,,,,,http://dizionario.internazionale.it/parola/medicare
3765,Fondamentale,medicina,,s.f.,,,,,,,,http://dizionario.internazionale.it/parola/medicina
3766,Fondamentale,medico,1,s.m.,,,,,,,,http://dizionario.internazionale.it/parola/medico
3767,Alto Uso,medico,2,agg.,,,,,,,,http://dizionario.internazionale.it/parola/medico_2
3768,Alto Uso,medievale,,agg.,,,,,,,,http://dizionario.internazionale.it/parola/medievale
3769,Fondamentale,medio,1,"agg., s.m.",,,,,,,,http://dizionario.internazionale.it/parola/medio
3770,Alto Uso,medioevo,,s.m.,,,,,,,,http://dizionario.internazionale.it/parola/medioevo
3771,Alto Uso,meditare,,v.tr. e intr.,,,,,,,,http://dizionario.internazionale.it/parola/meditare
3772,Alto Uso,mediterraneo,,"agg., s.m.",,,,,,,,http://dizionario.internazionale.it/parola/mediterraneo
3773,Fondamentale,meglio,,"avv., agg.inv., s.m.inv.",,,,,,,,http://dizionario.internazionale.it/parola/meglio
3774,Alto Uso,mela,,s.f.,,,,,,,,http://dizionario.internazionale.it/parola/mela
3775,Alta Disponibilità,melagrana,,s.f.,,,,,,,,http://dizionario.internazionale.it/parola/melagrana
3776,Alta Disponibilità,melanzana,,s.f.,,,,,,,,http://dizionario.internazionale.it/parola/melanzana
3777,Alta Disponibilità,melo,,s.m.inv.,,,,,,,,http://dizionario.internazionale.it/parola/melo
3778,Alta Disponibilità,melograno,,s.m.,,,,,,,,http://dizionario.internazionale.it/parola/melograno
3779,Alta Disponibilità,melone,,s.m.,,,,,,,,http://dizionario.internazionale.it/parola/melone
3780,Alto Uso,membrana,,s.f.,,,,,,,,http://dizionario.internazionale.it/parola/membrana
3781,Fondamentale,membro,,s.m.,,,,,,,,http://dizionario.internazionale.it/parola/membro
3782,Fondamentale,memoria,,s.f.,,,,,,,,http://dizionario.internazionale.it/parola/memoria
3783,Alto Uso,menare,,v.tr. e intr.,,,,,,,,http://dizionario.internazionale.it/parola/menare
3784,Alta Disponibilità,mendicante,,"p.pres., agg., s.m. e f.",,mendicare,,,,,,http://dizionario.internazionale.it/parola/mendicante
3785,Fondamentale,meno,,"avv., agg.compar.inv., prep., s.m.inv.",,,,,,,,http://dizionario.internazionale.it/parola/meno
3786,Alto Uso,mensa,1,s.f.,,,,,,,,http://dizionario.internazionale.it/parola/mensa
3787,Alto Uso,mensile,,"agg., s.m.",,,,,,,,http://dizionario.internazionale.it/parola/mensile
3788,Alta Disponibilità,mensola,,s.f.,,,,,,,,http://dizionario.internazionale.it/parola/mensola
3789,Alta Disponibilità,menta,,s.f.,,,,,,,,http://dizionario.internazionale.it/parola/menta
3790,Fondamentale,mentale,1,agg.,,,,,,,,http://dizionario.internazionale.it/parola/mentale
3791,Alto Uso,mentalità,,s.f.inv.,,,,,,,,http://dizionario.internazionale.it/parola/mentalita
3792,Fondamentale,mente,,s.f.,,,,,,,,http://dizionario.internazionale.it/parola/mente
3793,Fondamentale,mentire,,v.intr. e tr.,,,,,,,,http://dizionario.internazionale.it/parola/mentire
3794,Alto Uso,mento,,s.m.,,,,,,,,http://dizionario.internazionale.it/parola/mento
3795,Fondamentale,mentre,,cong.,,,,,,,,http://dizionario.internazionale.it/parola/mentre
3796,Alto Uso,menu,,s.m.inv.,,,,,,,,http://dizionario.internazionale.it/parola/menu
3797,Alto Uso,menzogna,,s.f.,,,,,,,,http://dizionario.internazionale.it/parola/menzogna
3798,Alto Uso,meraviglia,,s.f.,,,,,,,,http://dizionario.internazionale.it/parola/meraviglia
3799,Alto Uso,meravigliare,,v.tr. e intr.,,,,,,,di,http://dizionario.internazionale.it/parola/meravigliare
3800,Fondamentale,meraviglioso,,"agg., s.m.",,,,,,,,http://dizionario.internazionale.it/parola/meraviglioso
3801,Alto Uso,mercante,,s.m.,,,,,,,,http://dizionario.internazionale.it/parola/mercante
3802,Fondamentale,mercato,1,s.m.,,,,,,,,http://dizionario.internazionale.it/parola/mercato
3803,Alto Uso,merce,,s.f.,,,,,,,,http://dizionario.internazionale.it/parola/merce
3804,Alta Disponibilità,merceria,,s.f.,,,,,,,,http://dizionario.internazionale.it/parola/merceria
3805,Alto Uso,mercoledì,,s.m.inv.,,,Days of the Week,,,,,http://dizionario.internazionale.it/parola/mercoledi
3806,Fondamentale,merda,,s.f.,,,,,,,,http://dizionario.internazionale.it/parola/merda
3807,Alta Disponibilità,merenda,,s.f.,,,,,,,,http://dizionario.internazionale.it/parola/merenda
3808,Alta Disponibilità,merendina,,s.f.,,,,,,,,http://dizionario.internazionale.it/parola/merendina
3809,Alta Disponibilità,meridiano,,"agg., s.m.",,,,,,,,http://dizionario.internazionale.it/parola/meridiano
3810,Fondamentale,meridionale,1,"agg., s.m. e f.",,,,,,,,http://dizionario.internazionale.it/parola/meridionale
3811,Alta Disponibilità,meridione,,s.m.,,,,,,,,http://dizionario.internazionale.it/parola/meridione
3812,Fondamentale,meritare,,v.tr. e intr.,,,,,,,,http://dizionario.internazionale.it/parola/meritare
3813,Fondamentale,merito,1,s.m.,,,,,,,,http://dizionario.internazionale.it/parola/merito
3814,Alta Disponibilità,merlo,1,s.m.,,,,,,,,http://dizionario.internazionale.it/parola/merlo
3815,Alta Disponibilità,merluzzo,1,s.m.,,,,,,,,http://dizionario.internazionale.it/parola/merluzzo
3816,Alto Uso,mero,1,agg.,,,,,,,,http://dizionario.internazionale.it/parola/mero
3817,Alto Uso,mescolare,,v.tr.,,,,,,,,http://dizionario.internazionale.it/parola/mescolare
3818,Fondamentale,mese,1,s.m.,,,,,,,,http://dizionario.internazionale.it/parola/mese
3819,Alto Uso,messa,1,s.f.,,,,,,,,http://dizionario.internazionale.it/parola/messa
3820,Alto Uso,messa,2,s.f.,,,,,,,,http://dizionario.internazionale.it/parola/messa_2
3821,Fondamentale,messaggio,,s.m.,,,,,,,,http://dizionario.internazionale.it/parola/messaggio
3822,Alta Disponibilità,messe,,s.f.,,,,,,,,http://dizionario.internazionale.it/parola/messe
3823,Alta Disponibilità,messicano,,"agg., s.m.",,,Demonym,,,,,http://dizionario.internazionale.it/parola/messicano
3824,Fondamentale,mestiere,,s.m.,,,,,,,,http://dizionario.internazionale.it/parola/mestiere
3825,Alta Disponibilità,mestolo,,s.m.,,,,,,,,http://dizionario.internazionale.it/parola/mestolo
3826,Alta Disponibilità,mestruazione,,s.f.,,,,,,,,http://dizionario.internazionale.it/parola/mestruazione
3827,Alto Uso,meta,1,s.f.,,,,,,,,http://dizionario.internazionale.it/parola/meta
3828,Fondamentale,metà,,s.f.inv.,,,,,,,,http://dizionario.internazionale.it/parola/meta_6
3829,Alto Uso,metafora,,s.f.,,,,,,,,http://dizionario.internazionale.it/parola/metafora
3830,Alto Uso,metallico,,agg.,,,,,,,,http://dizionario.internazionale.it/parola/metallico
3831,Alto Uso,metallo,1,s.m.,,,,,,,,http://dizionario.internazionale.it/parola/metallo
3832,Alta Disponibilità,metalmeccanico,,"agg., s.m.",,,,,,,,http://dizionario.internazionale.it/parola/metalmeccanico
3833,Alto Uso,meteo,,"agg.inv., s.m.inv.",,,,,,,,http://dizionario.internazionale.it/parola/meteo
3834,Fondamentale,metodo,,s.m.,,,,,,,,http://dizionario.internazionale.it/parola/metodo
3835,Fondamentale,metro,1,s.m.,,,,,,,,http://dizionario.internazionale.it/parola/metro
3836,Alto Uso,metropolitano,,"agg., s.m.",,,,,,,,http://dizionario.internazionale.it/parola/metropolitano
3837,Fondamentale,mettere,,v.tr. e intr.,,,,,Irr PP: messo,,a,http://dizionario.internazionale.it/parola/mettere
3838,Alto Uso,mezzanotte,,s.f.,,,,,,,,http://dizionario.internazionale.it/parola/mezzanotte
3839,Fondamentale,mezzo,1,"agg., s.m., avv.",,,,,,,,http://dizionario.internazionale.it/parola/mezzo
3840,Alto Uso,mezzogiorno,,s.m.,,,,,,,,http://dizionario.internazionale.it/parola/mezzogiorno
3841,Fondamentale,mi,3,pron.pers. di prima pers.sing.,,,Pron. Pers.,,,,,http://dizionario.internazionale.it/parola/mi_3
3842,Alta Disponibilità,miagolare,,v.intr.,,,,,,,,http://dizionario.internazionale.it/parola/miagolare
3843,Fondamentale,mica,1,"s.f., avv.",,,,,,,,http://dizionario.internazionale.it/parola/mica
3844,Alta Disponibilità,micio,1,s.m.,,,,,,,,http://dizionario.internazionale.it/parola/micio
3845,Alto Uso,microfono,,s.m.,,,,,,,,http://dizionario.internazionale.it/parola/microfono
3846,Alto Uso,miele,,"s.m., s.m.inv., agg.inv.",,,,,,,,http://dizionario.internazionale.it/parola/miele
3847,Alta Disponibilità,mietere,,v.tr.,,,,,,,,http://dizionario.internazionale.it/parola/mietere
3848,Fondamentale,migliaio,,s.m.,,,,,,,,http://dizionario.internazionale.it/parola/migliaio
3849,Alto Uso,miglioramento,,s.m.,,,,,,,,http://dizionario.internazionale.it/parola/miglioramento
3850,Fondamentale,migliorare,,v.tr. e intr.,,,,,,,,http://dizionario.internazionale.it/parola/migliorare
3851,Fondamentale,migliore,,"agg., s.m. e f., avv.",,,,,,,,http://dizionario.internazionale.it/parola/migliore
3852,Alta Disponibilità,mignolo,,s.m.,,,,,,,,http://dizionario.internazionale.it/parola/mignolo
3853,Fondamentale,mila,,agg.num.card.inv.,,,Numbers,,,,,http://dizionario.internazionale.it/parola/mila
3854,Alto Uso,milanese,,"agg., s.m. e f.",,,Demonym,,,,,http://dizionario.internazionale.it/parola/milanese
3855,Fondamentale,miliardo,,s.m.,,,,,,,,http://dizionario.internazionale.it/parola/miliardo
3856,Fondamentale,milione,,s.m.,,,,,,,,http://dizionario.internazionale.it/parola/milione
3857,Fondamentale,militare,1,"agg., s.m.",,,,,,,,http://dizionario.internazionale.it/parola/militare
3858,Fondamentale,mille,,"agg.num.card.inv., s.m.inv.",,,Numbers,,,,,http://dizionario.internazionale.it/parola/mille
3859,Alto Uso,millennio,,s.m.,,,,,,,,http://dizionario.internazionale.it/parola/millennio
3860,Alto Uso,millimetro,,s.m.,,,,,,,,http://dizionario.internazionale.it/parola/millimetro
3861,Alta Disponibilità,mimosa,,s.f.,,,,,,,,http://dizionario.internazionale.it/parola/mimosa
3862,Alto Uso,minaccia,,s.f.,,,,,,,,http://dizionario.internazionale.it/parola/minaccia
3863,Fondamentale,minacciare,,v.tr.,,,,,,,di,http://dizionario.internazionale.it/parola/minacciare
3864,Alto Uso,minchia,,s.f.,,,,,,,,http://dizionario.internazionale.it/parola/minchia
3865,Alta Disponibilità,minestra,,s.f.,,,,,,,,http://dizionario.internazionale.it/parola/minestra
3866,Alta Disponibilità,minestrone,,s.m.,,,,,,,,http://dizionario.internazionale.it/parola/minestrone
3867,Alta Disponibilità,mini,1,agg.inv.,,,,,,,,http://dizionario.internazionale.it/parola/mini
3868,Alto Uso,miniera,,s.f.,,,,,,,,http://dizionario.internazionale.it/parola/miniera
3869,Alta Disponibilità,minigonna,,s.f.,,,,,,,,http://dizionario.internazionale.it/parola/minigonna
3870,Fondamentale,minimo,,"agg., s.m.",,,,,,,,http://dizionario.internazionale.it/parola/minimo
3871,Fondamentale,ministero,,s.m.,,,,,,,,http://dizionario.internazionale.it/parola/ministero
3872,Fondamentale,ministro,,s.m.,,,,,,,,http://dizionario.internazionale.it/parola/ministro
3873,Alto Uso,minoranza,,s.f.,,,,,,,,http://dizionario.internazionale.it/parola/minoranza
3874,Fondamentale,minore,,"agg., s.m. e f.",,,,,,,,http://dizionario.internazionale.it/parola/minore
3875,Alto Uso,minuscolo,,agg.,,,,,,,,http://dizionario.internazionale.it/parola/minuscolo
3876,Fondamentale,minuto,1,s.m.,,,,,,,,http://dizionario.internazionale.it/parola/minuto
3877,Fondamentale,mio,,"agg.poss. di prima pers.sing., pron. poss. di prima pers.sing.",,,Possessives,,,,,http://dizionario.internazionale.it/parola/mio
3878,Fondamentale,miracolo,,s.m.,,,,,,,,http://dizionario.internazionale.it/parola/miracolo
3879,Alto Uso,mirare,,v.tr. e intr.,,,,,,,,http://dizionario.internazionale.it/parola/mirare
3880,Alto Uso,mischiare,,v.tr.,,,,,,,,http://dizionario.internazionale.it/parola/mischiare
3881,Alta Disponibilità,miscuglio,,s.m.,,,,,,,,http://dizionario.internazionale.it/parola/miscuglio
3882,Alto Uso,miseria,,s.f.,,,,,,,,http://dizionario.internazionale.it/parola/miseria
3883,Alto Uso,misero,,agg.,,,,,,,,http://dizionario.internazionale.it/parola/misero
3884,Alta Disponibilità,missile,,"agg., s.m.",,,,,,,,http://dizionario.internazionale.it/parola/missile
3885,Fondamentale,missione,1,s.f.,,,,,,,,http://dizionario.internazionale.it/parola/missione
3886,Alta Disponibilità,mister,,s.m.inv.,,,,,,,,http://dizionario.internazionale.it/parola/mister
3887,Alto Uso,misterioso,,agg.,,,,,,,,http://dizionario.internazionale.it/parola/misterioso
3888,Fondamentale,mistero,,s.m.,,,,,,,,http://dizionario.internazionale.it/parola/mistero
3889,Alto Uso,misto,,"agg., s.m.",,,,,,,,http://dizionario.internazionale.it/parola/misto
3890,Fondamentale,misura,,s.f.,,,,,,,,http://dizionario.internazionale.it/parola/misura
3891,Alto Uso,misurare,,v.tr. e intr.,,,,,,,,http://dizionario.internazionale.it/parola/misurare
3892,Alta Disponibilità,misurazione,,s.f.,,,,,,,,http://dizionario.internazionale.it/parola/misurazione
3893,Alto Uso,mitico,,agg.,,,,,,,,http://dizionario.internazionale.it/parola/mitico
3894,Alto Uso,mito,,s.m.,,,,,,,,http://dizionario.internazionale.it/parola/mito
3895,Alta Disponibilità,mitragliatrice,,s.f.,,,,,,,,http://dizionario.internazionale.it/parola/mitragliatrice
3896,Fondamentale,mobile,1,"agg., s.m., s.f.",,,,,,,,http://dizionario.internazionale.it/parola/mobile
3897,Alta Disponibilità,mobilio,,s.m.,,,,,,,,http://dizionario.internazionale.it/parola/mobilio
3898,Alta Disponibilità,mocassino,,s.m.,,,,,,,,http://dizionario.internazionale.it/parola/mocassino
3899,Fondamentale,moda,1,s.f.,,,,,,,,http://dizionario.internazionale.it/parola/moda
3900,Alto Uso,modalità,1,s.f.inv.,,,,,,,,http://dizionario.internazionale.it/parola/modalita
3901,Alto Uso,modella,,s.f.,,,,,,,,http://dizionario.internazionale.it/parola/modella
3902,Alta Disponibilità,modellare,,v.tr.,,,,,,,,http://dizionario.internazionale.it/parola/modellare
3903,Fondamentale,modello,,s.m.,,,,,,,,http://dizionario.internazionale.it/parola/modello
3904,Alto Uso,moderato,,"p.pass., agg., avv., s.m.",,moderare,,,,,,http://dizionario.internazionale.it/parola/moderato
3905,Alto Uso,moderatore,,"agg., s.m.",,,,,,,,http://dizionario.internazionale.it/parola/moderatore
3906,Alto Uso,modernità,,s.f.inv.,,,,,,,,http://dizionario.internazionale.it/parola/modernita
3907,Fondamentale,moderno,,"agg., s.m.",,,,,,,,http://dizionario.internazionale.it/parola/moderno
3908,Alta Disponibilità,modestia,,s.f.,,,,,,,,http://dizionario.internazionale.it/parola/modestia
3909,Alto Uso,modesto,,agg.,,,,,,,,http://dizionario.internazionale.it/parola/modesto
3910,Alto Uso,modifica,,s.f.,,,,,,,,http://dizionario.internazionale.it/parola/modifica
3911,Fondamentale,modificare,,v.tr.,,,,,,,,http://dizionario.internazionale.it/parola/modificare
3912,Alto Uso,modificazione,,s.f.,,,,,,,,http://dizionario.internazionale.it/parola/modificazione
3913,Fondamentale,modo,,s.m.,,,,,,,,http://dizionario.internazionale.it/parola/modo
3914,Alto Uso,modulo,,s.m.,,,,,,,,http://dizionario.internazionale.it/parola/modulo
3915,Fondamentale,moglie,,s.f.,,,,,,,,http://dizionario.internazionale.it/parola/moglie
3916,Alto Uso,molecola,,s.f.,,,,,,,,http://dizionario.internazionale.it/parola/molecola
3917,Alta Disponibilità,molisano,,"agg., s.m.",,,Demonym,,,,,http://dizionario.internazionale.it/parola/molisano
3918,Alta Disponibilità,molla,,s.f.,,,,,,,,http://dizionario.internazionale.it/parola/molla
3919,Alto Uso,mollare,,v.tr. e intr.,,,,,,,,http://dizionario.internazionale.it/parola/mollare
3920,Alta Disponibilità,mollusco,,s.m.,,,,,,,,http://dizionario.internazionale.it/parola/mollusco
3921,Alta Disponibilità,molo,,s.m.,,,,,,,,http://dizionario.internazionale.it/parola/molo
3922,Alto Uso,moltiplicare,,v.tr.,,,,,,,,http://dizionario.internazionale.it/parola/moltiplicare
3923,Fondamentale,molto,,"agg.indef., pron.indef., avv., s.m.",,,,,,,,http://dizionario.internazionale.it/parola/molto
3924,Fondamentale,momento,,s.m.,,,,,,,,http://dizionario.internazionale.it/parola/momento
3925,Alta Disponibilità,monaca,,s.f.,,,,,,,,http://dizionario.internazionale.it/parola/monaca
3926,Alta Disponibilità,monaco,1,s.m.,,,,,,,,http://dizionario.internazionale.it/parola/monaco
3927,Alta Disponibilità,monarchica,,s.f.,,,,,,,,http://dizionario.internazionale.it/parola/monarchica
3928,Fondamentale,mondiale,,"agg., s.m.",,,,,,,,http://dizionario.internazionale.it/parola/mondiale
3929,Fondamentale,mondo,1,s.m.,,,,,,,,http://dizionario.internazionale.it/parola/mondo
3930,Alta Disponibilità,monello,,s.m.,,,,,,,,http://dizionario.internazionale.it/parola/monello
3931,Fondamentale,moneta,,s.f.,,,,,,,,http://dizionario.internazionale.it/parola/moneta
3932,Alto Uso,monetario,2,agg.,,,,,,,,http://dizionario.internazionale.it/parola/monetario_2
3933,Alto Uso,monitor,,s.m.inv.,,,,,,,,http://dizionario.internazionale.it/parola/monitor
3934,Alto Uso,monologo,,s.m.,,,,,,,,http://dizionario.internazionale.it/parola/monologo
3935,Alto Uso,montaggio,,s.m.,,,,,,,,http://dizionario.internazionale.it/parola/montaggio
3936,Fondamentale,montagna,,s.f.,,,,,,,,http://dizionario.internazionale.it/parola/montagna
3937,Alto Uso,montare,,v.intr. e tr.,,,,,,Essere,,http://dizionario.internazionale.it/parola/montare
3938,Fondamentale,monte,,s.m.,,,,,,,,http://dizionario.internazionale.it/parola/monte
3939,Alta Disponibilità,montenegrino,,"agg., s.m.",,,Demonym,,,,,http://dizionario.internazionale.it/parola/montenegrino
3940,Alto Uso,monumento,,s.m.,,,,,,,,http://dizionario.internazionale.it/parola/monumento
3941,Alto Uso,mora,1,s.f.,,,,,,,,http://dizionario.internazionale.it/parola/mora
3942,Fondamentale,morale,1,"agg., s.f., s.m.",,,,,,,,http://dizionario.internazionale.it/parola/morale
3943,Alto Uso,morbido,,"agg., s.m.",,,,,,,,http://dizionario.internazionale.it/parola/morbido
3944,Alto Uso,mordere,,v.tr.,,,,,Irr PP: morso,,,http://dizionario.internazionale.it/parola/mordere
3945,Fondamentale,morire,,"v.intr., v.tr.",,,,,Irr PP: morto,Essere,,http://dizionario.internazionale.it/parola/morire
3946,Alto Uso,moro,1,"agg., s.m.",,,,,,,,http://dizionario.internazionale.it/parola/moro
3947,Alta Disponibilità,morsicare,,v.tr.,,,,,,,,http://dizionario.internazionale.it/parola/morsicare
3948,Alta Disponibilità,morso,1,s.m.,,,,,,,,http://dizionario.internazionale.it/parola/morso
3949,Alta Disponibilità,mortadella,,s.f.,,,,,,,,http://dizionario.internazionale.it/parola/mortadella
3950,Alto Uso,mortale,,"agg., s.m. e f.",,,,,,,,http://dizionario.internazionale.it/parola/mortale
3951,Fondamentale,morte,,s.f.,,,,,,,,http://dizionario.internazionale.it/parola/morte
3952,Fondamentale,morto,,"p.pass., agg., s.m.",,,,,,,,http://dizionario.internazionale.it/parola/morto
3953,Alto Uso,mosca,,s.f.,,,,,,,,http://dizionario.internazionale.it/parola/mosca
3954,Alta Disponibilità,moscovita,,"agg., s.m. e f.",,,Demonym,,,,,http://dizionario.internazionale.it/parola/moscovita
3955,Alto Uso,mossa,,s.f.,,,,,,,,http://dizionario.internazionale.it/parola/mossa
3956,Alta Disponibilità,mostarda,,s.f.,,,,,,,,http://dizionario.internazionale.it/parola/mostarda
3957,Fondamentale,mostra,,s.f.,,,,,,,,http://dizionario.internazionale.it/parola/mostra
3958,Fondamentale,mostrare,,"v.tr., v.intr.",,,,,,,,http://dizionario.internazionale.it/parola/mostrare
3959,Alto Uso,mostro,1,s.m.,,,,,,,,http://dizionario.internazionale.it/parola/mostro
3960,Alta Disponibilità,motel,,s.m.inv.,,,,,,,,http://dizionario.internazionale.it/parola/motel
3961,Alto Uso,motivare,,v.tr.,,,,,,,,http://dizionario.internazionale.it/parola/motivare
3962,Alto Uso,motivazione,,s.f.,,,,,,,,http://dizionario.internazionale.it/parola/motivazione
3963,Fondamentale,motivo,1,s.m.,,,,,,,,http://dizionario.internazionale.it/parola/motivo
3964,Fondamentale,moto,1,s.m.,,,,,,,,http://dizionario.internazionale.it/parola/moto
3965,Alto Uso,moto,2,s.f.inv.,,,,,,,,http://dizionario.internazionale.it/parola/moto_2
3966,Alta Disponibilità,motociclismo,,s.m.,,,,,,,,http://dizionario.internazionale.it/parola/motociclismo
3967,Alta Disponibilità,motociclista,,"agg., s.m. e f.",,,,,,,,http://dizionario.internazionale.it/parola/motociclista
3968,Fondamentale,motore,,"agg., s.m.",,,,,,,,http://dizionario.internazionale.it/parola/motore
3969,Alto Uso,motorino,,s.m.,,,,,,,,http://dizionario.internazionale.it/parola/motorino
3970,Alta Disponibilità,motoscafo,,s.m.,,,,,,,,http://dizionario.internazionale.it/parola/motoscafo
3971,Alta Disponibilità,mousse,,s.f.inv.,,,,,,,,http://dizionario.internazionale.it/parola/mousse
3972,Fondamentale,movimento,,s.m.,,,,,,,,http://dizionario.internazionale.it/parola/movimento
3973,Alta Disponibilità,mozzarella,,s.f.,,,,,,,,http://dizionario.internazionale.it/parola/mozzarella
3974,Alto Uso,mucca,,s.f.,,,,,,,,http://dizionario.internazionale.it/parola/mucca
3975,Alto Uso,mucchio,1,s.m.,,,,,,,,http://dizionario.internazionale.it/parola/mucchio
3976,Alta Disponibilità,muggire,,v.intr.,,,,"finire ""isc"" conjugation",,,,http://dizionario.internazionale.it/parola/muggire
3977,Alta Disponibilità,muggito,,"p.pass., s.m.",,,,,,,,http://dizionario.internazionale.it/parola/muggito
3978,Alta Disponibilità,mugnaio,,s.m.,,,,,,,,http://dizionario.internazionale.it/parola/mugnaio
3979,Alta Disponibilità,mugolare,,v.intr. e tr.,,,,,,,,http://dizionario.internazionale.it/parola/mugolare
3980,Alta Disponibilità,mulino,1,s.m.,,,,,,,,http://dizionario.internazionale.it/parola/mulino
3981,Alto Uso,multa,,s.f.,,,,,,,,http://dizionario.internazionale.it/parola/multa
3982,Alta Disponibilità,multare,,v.tr.,,,,,,,,http://dizionario.internazionale.it/parola/multare
3983,Alto Uso,multinazionale,,"agg., s.f.",,,,,,,,http://dizionario.internazionale.it/parola/multinazionale
3984,Alto Uso,multiplo,,"agg., s.m.",,,,,,,,http://dizionario.internazionale.it/parola/multiplo
3985,Alta Disponibilità,multipresa,,s.f.,,,,,,,,http://dizionario.internazionale.it/parola/multipresa
3986,Alta Disponibilità,mummia,,s.f.,,,,,,,,http://dizionario.internazionale.it/parola/mummia
3987,Alta Disponibilità,mungere,,v.tr.,,,,,Irr PP: munto,,,http://dizionario.internazionale.it/parola/mungere
3988,Alta Disponibilità,municipio,,s.m.,,,,,,,,http://dizionario.internazionale.it/parola/municipio
3989,Fondamentale,muovere,,v.tr. e intr.,,,,,Irr PP: mosso,,,http://dizionario.internazionale.it/parola/muovere
3990,Alta Disponibilità,murare,1,v.tr.,,,,,,,,http://dizionario.internazionale.it/parola/murare
3991,Alta Disponibilità,muratore,,s.m.,,,,,,,,http://dizionario.internazionale.it/parola/muratore
3992,Fondamentale,muro,,s.m.,,,,,,,,http://dizionario.internazionale.it/parola/muro
3993,Alta Disponibilità,muschio,1,"s.m., s.m.inv., agg.inv.",,,,,,,,http://dizionario.internazionale.it/parola/muschio
3994,Alto Uso,muscolare,,"agg., s.m. e f.",,,,,,,,http://dizionario.internazionale.it/parola/muscolare
3995,Fondamentale,muscolo,,s.m.,,,,,,,,http://dizionario.internazionale.it/parola/muscolo
3996,Fondamentale,museo,,s.m.,,,,,,,,http://dizionario.internazionale.it/parola/museo
3997,Fondamentale,musica,1,s.f.,,,,,,,,http://dizionario.internazionale.it/parola/musica
3998,Fondamentale,musicale,,agg.,,,,,,,,http://dizionario.internazionale.it/parola/musicale
3999,Alto Uso,musicista,,s.m. e f.,,,,,,,,http://dizionario.internazionale.it/parola/musicista
4000,Alto Uso,muso,,s.m.,,,,,,,,http://dizionario.internazionale.it/parola/muso
4001,Alto Uso,musulmano,,"agg., s.m.",,,,,,,,http://dizionario.internazionale.it/parola/musulmano
4002,Alta Disponibilità,muta,1,s.f.,,,,,,,,http://dizionario.internazionale.it/parola/muta
4003,Alto Uso,mutamento,,s.m.,,,,,,,,http://dizionario.internazionale.it/parola/mutamento
4004,Alto Uso,mutanda,,s.f.,,,,,,,,http://dizionario.internazionale.it/parola/mutanda
4005,Alta Disponibilità,mutandina,,s.f.,,,,,,,,http://dizionario.internazionale.it/parola/mutandina
4006,Alto Uso,mutare,,v.tr. e intr.,,,,,,,,http://dizionario.internazionale.it/parola/mutare
4007,Alto Uso,mutazione,,s.f.,,,,,,,,http://dizionario.internazionale.it/parola/mutazione
4008,Alta Disponibilità,mutilato,,"p.pass., agg., s.m.",,mutilare,,,,,,http://dizionario.internazionale.it/parola/mutilato
4009,Alto Uso,muto,1,"agg., s.m.",,,,,,,,http://dizionario.internazionale.it/parola/muto
4010,Alto Uso,mutuo,1,s.m.,,,,,,,,http://dizionario.internazionale.it/parola/mutuo
4011,Alta Disponibilità,nanna,,s.f.,,,,,,,,http://dizionario.internazionale.it/parola/nanna
4012,Alto Uso,nano,,"agg., s.m.",,,,,,,,http://dizionario.internazionale.it/parola/nano
4013,Alto Uso,napoletano,,"agg., s.m.",,,Demonym,,,,,http://dizionario.internazionale.it/parola/napoletano
4014,Alto Uso,narrare,,v.tr.,,,,,,,,http://dizionario.internazionale.it/parola/narrare
4015,Alto Uso,narrativo,,agg.,,,,,,,,http://dizionario.internazionale.it/parola/narrativo
4016,Alto Uso,narratore,,s.m.,,,,,,,,http://dizionario.internazionale.it/parola/narratore
4017,Alto Uso,narrazione,,s.f.,,,,,,,,http://dizionario.internazionale.it/parola/narrazione
4018,Alto Uso,nasale,1,"agg., s.f., s.m.",,,,,,,,http://dizionario.internazionale.it/parola/nasale
4019,Fondamentale,nascere,,"v.intr., s.m.",,,,,Irr PP: nato,Essere,,http://dizionario.internazionale.it/parola/nascere
4020,Fondamentale,nascita,,s.f.,,,,,,,,http://dizionario.internazionale.it/parola/nascita
4021,Fondamentale,nascondere,,v.tr.,,,,,Irr PP: nascosto,,,http://dizionario.internazionale.it/parola/nascondere
4022,Alta Disponibilità,nascondiglio,,s.m.,,,,,,,,http://dizionario.internazionale.it/parola/nascondiglio
4023,Alta Disponibilità,nascondino,,s.m.,,,,,,,,http://dizionario.internazionale.it/parola/nascondino
4024,Fondamentale,nascosto,,"p.pass., agg., s.m.",,nascondere,,,,,,http://dizionario.internazionale.it/parola/nascosto
4025,Fondamentale,naso,,s.m.,,,,,,,,http://dizionario.internazionale.it/parola/naso
4026,Fondamentale,nastro,,s.m.,,,,,,,,http://dizionario.internazionale.it/parola/nastro
4027,Fondamentale,natale,,"agg., s.m.",,,,,,,,http://dizionario.internazionale.it/parola/natale
4028,Alto Uso,natalizio,,"agg., s.m.",,,,,,,,http://dizionario.internazionale.it/parola/natalizio
4029,Alto Uso,nato,,"p.pass., agg., s.m.",,nascere,,,,,,http://dizionario.internazionale.it/parola/nato
4030,Fondamentale,natura,,s.f.,,,,,,,,http://dizionario.internazionale.it/parola/natura
4031,Fondamentale,naturale,,"agg., s.m.",,,,,,,,http://dizionario.internazionale.it/parola/naturale
4032,Fondamentale,naturalmente,,avv.,,naturale,,,,,,http://dizionario.internazionale.it/parola/naturalmente
4033,Alta Disponibilità,naufragio,,s.m.,,,,,,,,http://dizionario.internazionale.it/parola/naufragio
4034,Alta Disponibilità,navale,,agg.,,,,,,,,http://dizionario.internazionale.it/parola/navale
4035,Fondamentale,nave,,s.f.,,,,,,,,http://dizionario.internazionale.it/parola/nave
4036,Alta Disponibilità,navicella,,s.f.,,,,,,,,http://dizionario.internazionale.it/parola/navicella
4037,Alto Uso,navigare,,"v.intr., v.tr.",,,,,,,,http://dizionario.internazionale.it/parola/navigare
4038,Alto Uso,navigazione,,s.f.,,,,,,,,http://dizionario.internazionale.it/parola/navigazione
4039,Fondamentale,nazionale,,"agg., s.f. e m.",,,,,,,,http://dizionario.internazionale.it/parola/nazionale
4040,Alta Disponibilità,nazionalità,,s.f.inv.,,,,,,,,http://dizionario.internazionale.it/parola/nazionalita
4041,Fondamentale,nazione,,s.f.,,,,,,,,http://dizionario.internazionale.it/parola/nazione
4042,Alto Uso,nazista,,"agg., s.m. e f.",,,,,,,,http://dizionario.internazionale.it/parola/nazista
4043,Alta Disponibilità,ndrangheta,,s.f.,,,,,,,,http://dizionario.internazionale.it/parola/ndrangheta
4044,Fondamentale,ne,1,"pron.pers., avv.",,,Pron. Pers.,,,,,http://dizionario.internazionale.it/parola/ne
4045,Fondamentale,né,,cong.,,,,né … né,,,,http://dizionario.internazionale.it/parola/ne_4
4046,Fondamentale,neanche,,avv.,,,,neanche / nemmeno / neppure,,,,http://dizionario.internazionale.it/parola/neanche
4047,Alto Uso,nebbia,,s.f.,,,,,,,,http://dizionario.internazionale.it/parola/nebbia
4048,Alto Uso,necessariamente,,avv.,,necessario,,,,,,http://dizionario.internazionale.it/parola/necessariamente
4049,Fondamentale,necessario,,"agg., s.m.",,,,,,,,http://dizionario.internazionale.it/parola/necessario
4050,Fondamentale,necessità,,s.f.inv.,,,,,,,,http://dizionario.internazionale.it/parola/necessita
4051,Alto Uso,necessitare,,v.tr. e intr.,,,,,,,,http://dizionario.internazionale.it/parola/necessitare
4052,Fondamentale,negare,,v.tr.,,,,,,,,http://dizionario.internazionale.it/parola/negare
4053,Fondamentale,negativo,,"agg., s.m., avv.",,,,,,,,http://dizionario.internazionale.it/parola/negativo
4054,Alta Disponibilità,negazione,,s.f.,,,,,,,,http://dizionario.internazionale.it/parola/negazione
4055,Alta Disponibilità,negoziante,,"p.pres., s.m. e f.",,negoziare,,,,,,http://dizionario.internazionale.it/parola/negoziante
4056,Fondamentale,negozio,,s.m.,,,,,,,,http://dizionario.internazionale.it/parola/negozio
4057,Alto Uso,negro,,"agg., s.m.",,,,,,,,http://dizionario.internazionale.it/parola/negro
4058,Fondamentale,nemico,,"agg., s.m.",,,,,,,,http://dizionario.internazionale.it/parola/nemico
4059,Fondamentale,nemmeno,,avv.,,,,neanche / nemmeno / neppure,,,,http://dizionario.internazionale.it/parola/nemmeno
4060,Alta Disponibilità,neo,1,s.m.,,,,,,,,http://dizionario.internazionale.it/parola/neo
4061,Alto Uso,neonato,,"s.m., agg.",,,,,,,,http://dizionario.internazionale.it/parola/neonato
4062,Fondamentale,neppure,,avv.,,,,neanche / nemmeno / neppure,,,,http://dizionario.internazionale.it/parola/neppure
4063,Fondamentale,nero,,"agg., s.m.",,,Colors,,,,,http://dizionario.internazionale.it/parola/nero
4064,Alto Uso,nervo,,s.m.,,,,,,,,http://dizionario.internazionale.it/parola/nervo
4065,Alta Disponibilità,nervosismo,,s.m.,,,,,,,,http://dizionario.internazionale.it/parola/nervosismo
4066,Fondamentale,nervoso,,"agg., s.m.",,,,,,,,http://dizionario.internazionale.it/parola/nervoso
4067,Fondamentale,nessuno,,"agg.indef., pron. indef.m., s.m.",,,,,,,,http://dizionario.internazionale.it/parola/nessuno
4068,Alta Disponibilità,nettare,1,s.m.,,,,,,,,http://dizionario.internazionale.it/parola/nettare
4069,Alto Uso,netto,,"agg., s.m., avv.",,,,,,,,http://dizionario.internazionale.it/parola/netto
4070,Alto Uso,network,,s.m.inv.,,,,,,,,http://dizionario.internazionale.it/parola/network
4071,Alto Uso,neutro,,"agg., s.m.",,,,,,,,http://dizionario.internazionale.it/parola/neutro
4072,Fondamentale,neve,,s.f.,,,,,,,,http://dizionario.internazionale.it/parola/neve
4073,Alta Disponibilità,nevicare,,v.intr. e tr.,,,,,,,,http://dizionario.internazionale.it/parola/nevicare
4074,Alto Uso,news,,s.f.pl.,,,,,,,,http://dizionario.internazionale.it/parola/news
4075,Alta Disponibilità,newyorkese,,"agg., s.m. e f.",,,Demonym,,,,,http://dizionario.internazionale.it/parola/newyorkese
4076,Alto Uso,nido,,s.m.,,,,,,,,http://dizionario.internazionale.it/parola/nido
4077,Fondamentale,niente,,"pron.indef.inv., s.m.inv., agg.inv., avv.",,,,,,,a,http://dizionario.internazionale.it/parola/niente
4078,Fondamentale,nipote,,s.m. e f.,,,Family,,,,,http://dizionario.internazionale.it/parola/nipote
4079,Fondamentale,no,1,"avv., s.m.inv., agg.inv.",,,,,,,,http://dizionario.internazionale.it/parola/no
4080,Alto Uso,nobile,,"agg., s.m. e f.",,,,,,,,http://dizionario.internazionale.it/parola/nobile
4081,Alta Disponibilità,nocciola,,"s.f., s.m.inv., agg.inv.",,,,,,,,http://dizionario.internazionale.it/parola/nocciola
4082,Alta Disponibilità,nocciolina,,s.f.,,,,,,,,http://dizionario.internazionale.it/parola/nocciolina
4083,Alta Disponibilità,nocivo,,agg.,,,,,,,,http://dizionario.internazionale.it/parola/nocivo
4084,Alto Uso,nodo,,s.m.,,,,,,,,http://dizionario.internazionale.it/parola/nodo
4085,Fondamentale,noi,,pron.pers. di prima pers.pl.,,,Pron. Pers.,,,,,http://dizionario.internazionale.it/parola/noi
4086,Alto Uso,noia,,s.f.,,,,,,,,http://dizionario.internazionale.it/parola/noia
4087,Alto Uso,noioso,,agg.,,,,,,,,http://dizionario.internazionale.it/parola/noioso
4088,Alta Disponibilità,noleggiare,,v.tr.,,,,,,,,http://dizionario.internazionale.it/parola/noleggiare
4089,Fondamentale,nome,,s.m.,,,,,,,,http://dizionario.internazionale.it/parola/nome
4090,Alto Uso,nomina,,s.f.,,,,,,,,http://dizionario.internazionale.it/parola/nomina
4091,Fondamentale,nominare,,v.tr.,,,,,,,,http://dizionario.internazionale.it/parola/nominare
4092,Fondamentale,non,,avv.,,,,,,,,http://dizionario.internazionale.it/parola/non
4093,Alto Uso,nonché,,cong.,,,,,,,,http://dizionario.internazionale.it/parola/nonche
4094,Fondamentale,nonna,,s.f.,,,Family,,,,,http://dizionario.internazionale.it/parola/nonna
4095,Fondamentale,nonno,,s.m.,,,Family,,,,,http://dizionario.internazionale.it/parola/nonno
4096,Alto Uso,nono,,"agg.num.ord., s.m.",,,Numbers,,,,,http://dizionario.internazionale.it/parola/nono
4097,Fondamentale,nonostante,,"prep., cong.",,,,,,,,http://dizionario.internazionale.it/parola/nonostante
4098,Fondamentale,nord,,"s.m.inv., agg.inv.",,,,,,,,http://dizionario.internazionale.it/parola/nord
4099,Alta Disponibilità,nordamericano,,"agg., s.m.",,,Demonym,,,,,http://dizionario.internazionale.it/parola/nordamericano
4100,Fondamentale,norma,,s.f.,,,,,,,,http://dizionario.internazionale.it/parola/norma
4101,Fondamentale,normale,,"agg., s.m., s.f.",,,,,,,,http://dizionario.internazionale.it/parola/normale
4102,Alto Uso,normalità,,s.f.inv.,,,,,,,,http://dizionario.internazionale.it/parola/normalita
4103,Alto Uso,normalmente,,avv.,,normale,,,,,,http://dizionario.internazionale.it/parola/normalmente
4104,Alto Uso,normativa,,s.f.,,,,,,,,http://dizionario.internazionale.it/parola/normativa
4105,Alta Disponibilità,norvegese,,"agg., s.m. e f.",,,Demonym,,,,,http://dizionario.internazionale.it/parola/norvegese
4106,Alto Uso,nostalgia,,s.f.,,,,,,,,http://dizionario.internazionale.it/parola/nostalgia
4107,Fondamentale,nostro,,"agg.poss. di prima pers.pl., pron.poss. di prima pers.pl.",,,Possessives,,,,,http://dizionario.internazionale.it/parola/nostro
4108,Fondamentale,nota,,s.f.,,,,,,,,http://dizionario.internazionale.it/parola/nota
4109,Alto Uso,notaio,,s.m.,,,,,,,,http://dizionario.internazionale.it/parola/notaio
4110,Fondamentale,notare,1,v.tr.,,,,,,,,http://dizionario.internazionale.it/parola/notare
4111,Alto Uso,notevole,,agg.,,,,,,,,http://dizionario.internazionale.it/parola/notevole
4112,Fondamentale,notizia,,s.f.,,,,,,,,http://dizionario.internazionale.it/parola/notizia
4113,Fondamentale,noto,1,"agg., s.m.",,,,,,,,http://dizionario.internazionale.it/parola/noto
4114,Fondamentale,notte,,s.f.,,,,,,,,http://dizionario.internazionale.it/parola/notte
4115,Alto Uso,notturno,,"agg., s.m.",,,,,,,,http://dizionario.internazionale.it/parola/notturno
4116,Alto Uso,novanta,,"agg.num.card.inv., s.m.inv.",,,Numbers,,,,,http://dizionario.internazionale.it/parola/novanta
4117,Fondamentale,nove,,"agg.num.card.inv., s.m.inv., s.f.pl.",,,Numbers,,,,,http://dizionario.internazionale.it/parola/nove
4118,Alta Disponibilità,novella,,s.f.,,,,,,,,http://dizionario.internazionale.it/parola/novella
4119,Fondamentale,novembre,,s.m.,,,Months of the Year,,,,,http://dizionario.internazionale.it/parola/novembre
4120,Fondamentale,novità,,s.f.inv.,,,,,,,,http://dizionario.internazionale.it/parola/novita
4121,Alto Uso,nozione,,s.f.,,,,,,,,http://dizionario.internazionale.it/parola/nozione
4122,Alto Uso,nozze,,s.f.pl.,,,,,,,,http://dizionario.internazionale.it/parola/nozze
4123,Alto Uso,nube,,s.f.,,,,,,,,http://dizionario.internazionale.it/parola/nube
4124,Fondamentale,nucleare,,"agg., s.m.",,,,,,,,http://dizionario.internazionale.it/parola/nucleare
4125,Alto Uso,nucleo,,s.m.,,,,,,,,http://dizionario.internazionale.it/parola/nucleo
4126,Fondamentale,nudo,,"agg., s.m.",,,,,,,,http://dizionario.internazionale.it/parola/nudo
4127,Fondamentale,nulla,,"pron. indef.inv., s.m.inv., avv.",,,,,,,,http://dizionario.internazionale.it/parola/nulla
4128,Alto Uso,numerare,,v.tr.,,,,,,,,http://dizionario.internazionale.it/parola/numerare
4129,Alta Disponibilità,numerazione,,s.f.,,,,,,,,http://dizionario.internazionale.it/parola/numerazione
4130,Fondamentale,numero,,s.m.,,,,,,,,http://dizionario.internazionale.it/parola/numero
4131,Fondamentale,numeroso,,agg.,,,,,,,,http://dizionario.internazionale.it/parola/numeroso
4132,Alta Disponibilità,nuora,,s.f.,,,,,,,,http://dizionario.internazionale.it/parola/nuora
4133,Alto Uso,nuotare,,v.intr. e tr.,,,,,,,,http://dizionario.internazionale.it/parola/nuotare
4134,Alto Uso,nuoto,,s.m.,,,,,,,,http://dizionario.internazionale.it/parola/nuoto
4135,Alto Uso,nuovamente,,avv.,,nuovo,,,,,,http://dizionario.internazionale.it/parola/nuovamente
4136,Fondamentale,nuovo,,"agg., s.m.",,,,,,,,http://dizionario.internazionale.it/parola/nuovo
4137,Alto Uso,nutrire,,v.tr.,,,,,,,,http://dizionario.internazionale.it/parola/nutrire
4138,Alto Uso,nuvola,,s.f.,,,,,,,,http://dizionario.internazionale.it/parola/nuvola
4139,Alta Disponibilità,nuvoloso,,agg.,,,,,,,,http://dizionario.internazionale.it/parola/nuvoloso
4140,Alta Disponibilità,nylon,,s.m.inv.,,,,,,,,http://dizionario.internazionale.it/parola/nylon
4141,Alta Disponibilità,o,1,s.f. e m.inv.,Letter,,Letters of the Alphabet,,,,,http://dizionario.internazionale.it/parola/o
4142,Fondamentale,o,2,cong.,Conjunction,,,o / oppure,,,,http://dizionario.internazionale.it/parola/o_2
4143,Alto Uso,obbedire,,v.intr.,,,,"finire ""isc"" conjugation",,,,http://dizionario.internazionale.it/parola/obbedire
4144,Alta Disponibilità,obbiettivo,,"agg., s.m.",,,,,,,,http://dizionario.internazionale.it/parola/obbiettivo
4145,Fondamentale,obbligare,,v.tr.,,,,,,,a,http://dizionario.internazionale.it/parola/obbligare
4146,Alto Uso,obbligatorio,,agg.,,,,,,,,http://dizionario.internazionale.it/parola/obbligatorio
4147,Alto Uso,obbligazione,,s.f.,,,,,,,,http://dizionario.internazionale.it/parola/obbligazione
4148,Alto Uso,obbligo,,s.m.,,,,,,,,http://dizionario.internazionale.it/parola/obbligo
4149,Fondamentale,obiettivo,,"agg., s.m.",,,,,,,,http://dizionario.internazionale.it/parola/obiettivo
4150,Alto Uso,obiezione,,s.f.,,,,,,,,http://dizionario.internazionale.it/parola/obiezione
4151,Alta Disponibilità,oblò,,s.m.inv.,,,,,,,,http://dizionario.internazionale.it/parola/oblo
4152,Fondamentale,occasione,,s.f.,,,,,,,,http://dizionario.internazionale.it/parola/occasione
4153,Alta Disponibilità,occhiaia,,s.f.,,,,,,,,http://dizionario.internazionale.it/parola/occhiaia
4154,Fondamentale,occhiale,,"s.m., agg.",,,,,,,,http://dizionario.internazionale.it/parola/occhiale
4155,Alto Uso,occhiata,1,s.f.,,,,,,,,http://dizionario.internazionale.it/parola/occhiata
4156,Alta Disponibilità,occhiello,,s.m.,,,,,,,,http://dizionario.internazionale.it/parola/occhiello
4157,Fondamentale,occhio,,s.m.,,,,,,,,http://dizionario.internazionale.it/parola/occhio
4158,Fondamentale,occidentale,,"agg., s.m. e f.",,,,,,,,http://dizionario.internazionale.it/parola/occidentale
4159,Alto Uso,occidente,,"s.m., agg.",,,,,,,,http://dizionario.internazionale.it/parola/occidente
4160,Fondamentale,occorrere,,v.intr.,,,,,Irr PP: occorso,,,http://dizionario.internazionale.it/parola/occorrere
4161,Fondamentale,occupare,,v.tr.,,,,,,,,http://dizionario.internazionale.it/parola/occupare
4162,Alta Disponibilità,occupato,,"p.pass., agg., s.m.",,occupare,,,,,,http://dizionario.internazionale.it/parola/occupato
4163,Alto Uso,occupazione,,s.f.,,,,,,,,http://dizionario.internazionale.it/parola/occupazione
4164,Alto Uso,oceano,,s.m.,,,,,,,,http://dizionario.internazionale.it/parola/oceano
4165,Alta Disponibilità,oculista,,s.m. e f.,,,,,,,,http://dizionario.internazionale.it/parola/oculista
4166,Alto Uso,oddio,,inter.,,,,,,,,http://dizionario.internazionale.it/parola/oddio
4167,Fondamentale,odiare,,v.tr.,,,,,,,,http://dizionario.internazionale.it/parola/odiare
4168,Alto Uso,odio,,s.m.,,,,,,,,http://dizionario.internazionale.it/parola/odio
4169,Alta Disponibilità,odorare,,v.tr. e intr.,,,,,,,,http://dizionario.internazionale.it/parola/odorare
4170,Fondamentale,odore,,s.m.,,,,,,,,http://dizionario.internazionale.it/parola/odore
4171,Alto Uso,offendere,,v.tr.,,,,,Irr PP: offeso,,,http://dizionario.internazionale.it/parola/offendere
4172,Fondamentale,offerta,,s.f.,,,,,,,,http://dizionario.internazionale.it/parola/offerta
4173,Alto Uso,offesa,,s.f.,,,,,,,,http://dizionario.internazionale.it/parola/offesa
4174,Alta Disponibilità,offeso,,"p.pass., agg., s.m.",,,,,,,,http://dizionario.internazionale.it/parola/offeso
4175,Alto Uso,officina,,s.f.,,,,,,,,http://dizionario.internazionale.it/parola/officina
4176,Alto Uso,offline,,"agg.inv., s.m.inv.",,,,,,,,http://dizionario.internazionale.it/parola/offline
4177,Fondamentale,offrire,,v.tr.,,,,,Irr PP: offerto,,,http://dizionario.internazionale.it/parola/offrire
4178,Alto Uso,oggettivo,,agg.,,,,,,,,http://dizionario.internazionale.it/parola/oggettivo
4179,Fondamentale,oggetto,,s.m.,,,,,,,,http://dizionario.internazionale.it/parola/oggetto
4180,Fondamentale,oggi,,"avv., s.m.inv.",,,,,,,,http://dizionario.internazionale.it/parola/oggi
4181,Fondamentale,ogni,,agg.indef.inv.,,,,,,,,http://dizionario.internazionale.it/parola/ogni
4182,Fondamentale,ognuno,,"pron.indef.m., agg.indef.",,,,,,,,http://dizionario.internazionale.it/parola/ognuno
4183,Fondamentale,ok,,"avv., s.m.inv., agg.inv.",,,,,,,,http://dizionario.internazionale.it/parola/ok
4184,Fondamentale,okay,,"avv., s.m.inv., agg.inv.",,,,,,,,http://dizionario.internazionale.it/parola/okay
4185,Alto Uso,olandese,,"agg., s.m. e f.",,,Demonym,,,,,http://dizionario.internazionale.it/parola/olandese
4186,Alta Disponibilità,oliare,,v.tr.,,,,,,,,http://dizionario.internazionale.it/parola/oliare
4187,Alta Disponibilità,oliera,,s.f.,,,,,,,,http://dizionario.internazionale.it/parola/oliera
4188,Alto Uso,olimpico,,agg.,,,,,,,,http://dizionario.internazionale.it/parola/olimpico
4189,Fondamentale,olio,,s.m.,,,,,,,,http://dizionario.internazionale.it/parola/olio
4190,Alto Uso,oliva,,"s.f., s.m.inv., agg.inv.",,,,,,,,http://dizionario.internazionale.it/parola/oliva
4191,Fondamentale,oltre,,"avv., prep.",,,,,,,,http://dizionario.internazionale.it/parola/oltre
4192,Alta Disponibilità,oltrepassare,,v.tr.,,,,,,,,http://dizionario.internazionale.it/parola/oltrepassare
4193,Alto Uso,oltretutto,,avv.,,,,,,,,http://dizionario.internazionale.it/parola/oltretutto
4194,Alto Uso,omaggio,,s.m.,,,,,,,,http://dizionario.internazionale.it/parola/omaggio
4195,Alta Disponibilità,ombelico,,s.m.,,,,,,,,http://dizionario.internazionale.it/parola/ombelico
4196,Fondamentale,ombra,,s.f.,,,,,,,,http://dizionario.internazionale.it/parola/ombra
4197,Alta Disponibilità,ombrellone,,s.m.,,,,,,,,http://dizionario.internazionale.it/parola/ombrellone
4198,Fondamentale,omicidio,,s.m.,,,,,,,,http://dizionario.internazionale.it/parola/omicidio
4199,Alta Disponibilità,omogeneizzato,,"p.pass., agg., s.m.",,omogeneizzare,,,,,,http://dizionario.internazionale.it/parola/omogeneizzato
4200,Alto Uso,omonimo,,"agg., s.m.",,,,,,,,http://dizionario.internazionale.it/parola/omonimo
4201,Fondamentale,onda,,s.f.,,,,,,,,http://dizionario.internazionale.it/parola/onda
4202,Alto Uso,ondata,,s.f.,,,,,,,,http://dizionario.internazionale.it/parola/ondata
4203,Alta Disponibilità,ondeggiare,,v.intr.,,,,,,,,http://dizionario.internazionale.it/parola/ondeggiare
4204,Alto Uso,onere,,s.m.,,,,,,,,http://dizionario.internazionale.it/parola/onere
4205,Alto Uso,onestamente,,avv.,,onesto,,,,,,http://dizionario.internazionale.it/parola/onestamente
4206,Alto Uso,onesto,,"agg., s.m., avv.",,,,,,,,http://dizionario.internazionale.it/parola/onesto
4207,Alto Uso,online,,"agg.inv., s.m.inv.",,,,,,,,http://dizionario.internazionale.it/parola/online
4208,Alto Uso,onorare,,v.tr.,,,,,,,,http://dizionario.internazionale.it/parola/onorare
4209,Fondamentale,onore,,s.m.,,,,,,,,http://dizionario.internazionale.it/parola/onore
4210,Fondamentale,opera,,s.f.,,,,,,,,http://dizionario.internazionale.it/parola/opera
4211,Fondamentale,operaio,,"s.m., agg.",,,,,,,,http://dizionario.internazionale.it/parola/operaio
4212,Fondamentale,operare,,v.intr. e tr.,,,,,,,,http://dizionario.internazionale.it/parola/operare
4213,Alto Uso,operativo,,"agg., s.m.",,,,,,,,http://dizionario.internazionale.it/parola/operativo
4214,Alto Uso,operatore,,"agg., s.m.",,,,,,,,http://dizionario.internazionale.it/parola/operatore
4215,Fondamentale,operazione,,s.f.,,,,,,,,http://dizionario.internazionale.it/parola/operazione
4216,Fondamentale,opinione,,s.f.,,,,,,,,http://dizionario.internazionale.it/parola/opinione
4217,Fondamentale,opporre,,v.tr.,,-porre,,-rre verb,Irr PP: opposto,,,http://dizionario.internazionale.it/parola/opporre
4218,Alto Uso,opportunità,,s.f.inv.,,,,,,,,http://dizionario.internazionale.it/parola/opportunita
4219,Alto Uso,opportuno,,agg.,,,,,,,,http://dizionario.internazionale.it/parola/opportuno
4220,Alto Uso,opposizione,,s.f.,,,,,,,,http://dizionario.internazionale.it/parola/opposizione
4221,Fondamentale,opposto,,"p.pass., agg., s.m.",,opporre,,,,,,http://dizionario.internazionale.it/parola/opposto
4222,Alta Disponibilità,oppressivo,,agg.,,,,,,,,http://dizionario.internazionale.it/parola/oppressivo
4223,Alta Disponibilità,oppresso,,"p.pass., agg., s.m.",,opprimere,,,,,,http://dizionario.internazionale.it/parola/oppresso
4224,Alta Disponibilità,oppressore,,"agg., s.m.",,,,,,,,http://dizionario.internazionale.it/parola/oppressore
4225,Fondamentale,oppure,,cong.,,,,o / oppure,,,,http://dizionario.internazionale.it/parola/oppure
4226,Alto Uso,opzione,1,s.f.,,,,,,,,http://dizionario.internazionale.it/parola/opzione
4227,Fondamentale,ora,1,s.f.,,,,,,,,http://dizionario.internazionale.it/parola/ora
4228,Fondamentale,ora,2,avv.,,,,adesso / ora,,,,http://dizionario.internazionale.it/parola/ora_2
4229,Alto Uso,orale,2,agg.,,,,,,,,http://dizionario.internazionale.it/parola/orale_2
4230,Alto Uso,oramai,,avv.,,,,,,,,http://dizionario.internazionale.it/parola/oramai
4231,Fondamentale,orario,1,"agg., s.m.",,,,,,,,http://dizionario.internazionale.it/parola/orario
4232,Alto Uso,orbita,,s.f.,,,,,,,,http://dizionario.internazionale.it/parola/orbita
4233,Alto Uso,orchestra,,s.f.,,,,,,,,http://dizionario.internazionale.it/parola/orchestra
4234,Alto Uso,orco,,s.m.,,,,,,,,http://dizionario.internazionale.it/parola/orco
4235,Alto Uso,ordinamento,,s.m.,,,,,,,,http://dizionario.internazionale.it/parola/ordinamento
4236,Alto Uso,ordinanza,,s.f.,,,,,,,,http://dizionario.internazionale.it/parola/ordinanza
4237,Fondamentale,ordinare,,v.tr.,,,,,,,di,http://dizionario.internazionale.it/parola/ordinare
4238,Alto Uso,ordinario,,"agg., s.m.",,,,,,,,http://dizionario.internazionale.it/parola/ordinario
4239,Fondamentale,ordine,,s.m.,,,,,,,,http://dizionario.internazionale.it/parola/ordine
4240,Alta Disponibilità,orecchino,,s.m.,,,,,,,,http://dizionario.internazionale.it/parola/orecchino
4241,Fondamentale,orecchio,,s.m.,,,,,,,,http://dizionario.internazionale.it/parola/orecchio
4242,Alta Disponibilità,orefice,,s.m. e f.,,,,,,,,http://dizionario.internazionale.it/parola/orefice
4243,Alto Uso,organico,,"agg., s.m.",,,,,,,,http://dizionario.internazionale.it/parola/organico
4244,Fondamentale,organismo,,s.m.,,,,,,,,http://dizionario.internazionale.it/parola/organismo
4245,Fondamentale,organizzare,,v.tr.,,,,,,,,http://dizionario.internazionale.it/parola/organizzare
4246,Alto Uso,organizzato,,"p.pass., agg., s.m.",,organizzare,,,,,,http://dizionario.internazionale.it/parola/organizzato
4247,Fondamentale,organizzazione,,s.f.,,,,,,,,http://dizionario.internazionale.it/parola/organizzazione
4248,Fondamentale,organo,,s.m.,,,,,,,,http://dizionario.internazionale.it/parola/organo
4249,Alto Uso,orgasmo,,s.m.,,,,,,,,http://dizionario.internazionale.it/parola/orgasmo
4250,Alto Uso,orgoglio,,s.m.,,,,,,,,http://dizionario.internazionale.it/parola/orgoglio
4251,Alto Uso,orgoglioso,,agg.,,,,,,,,http://dizionario.internazionale.it/parola/orgoglioso
4252,Alto Uso,orientale,,"agg., s.m. e f.",,,,,,,,http://dizionario.internazionale.it/parola/orientale
4253,Alto Uso,orientamento,,s.m.,,,,,,,,http://dizionario.internazionale.it/parola/orientamento
4254,Alto Uso,orientare,,v.tr.,,,,,,,,http://dizionario.internazionale.it/parola/orientare
4255,Alto Uso,oriente,,"agg., s.m.",,,,,,,,http://dizionario.internazionale.it/parola/oriente
4256,Alta Disponibilità,origano,,s.m.,,,,,,,,http://dizionario.internazionale.it/parola/origano
4257,Fondamentale,originale,,"agg., s.m. e f.",,,,,,,,http://dizionario.internazionale.it/parola/originale
4258,Alto Uso,originario,,agg.,,,,,,,,http://dizionario.internazionale.it/parola/originario
4259,Fondamentale,origine,,s.f.,,,,,,,,http://dizionario.internazionale.it/parola/origine
4260,Alto Uso,orizzontale,,"agg., s.f.",,,,,,,,http://dizionario.internazionale.it/parola/orizzontale
4261,Alto Uso,orizzonte,,s.m.,,,,,,,,http://dizionario.internazionale.it/parola/orizzonte
4262,Alto Uso,orlo,,s.m.,,,,,,,,http://dizionario.internazionale.it/parola/orlo
4263,Alta Disponibilità,orma,,s.f.,,,,,,,,http://dizionario.internazionale.it/parola/orma
4264,Fondamentale,ormai,,avv.,,,,,,,,http://dizionario.internazionale.it/parola/ormai
4265,Alto Uso,ormone,,s.m.,,,,,,,,http://dizionario.internazionale.it/parola/ormone
4266,Fondamentale,oro,,s.m.,,,,,,,,http://dizionario.internazionale.it/parola/oro
4267,Alta Disponibilità,orologiaio,,s.m.,,,,,,,,http://dizionario.internazionale.it/parola/orologiaio
4268,Fondamentale,orologio,,s.m.,,,,,,,,http://dizionario.internazionale.it/parola/orologio
4269,Alto Uso,oroscopo,,s.m.,,,,,,,,http://dizionario.internazionale.it/parola/oroscopo
4270,Alto Uso,orribile,,agg.,,,,,,,,http://dizionario.internazionale.it/parola/orribile
4271,Alto Uso,orrore,,s.m.,,,,,,,,http://dizionario.internazionale.it/parola/orrore
4272,Alto Uso,orso,,s.m.,,,,,,,,http://dizionario.internazionale.it/parola/orso
4273,Alta Disponibilità,ortaggio,,s.m.,,,,,,,,http://dizionario.internazionale.it/parola/ortaggio
4274,Alta Disponibilità,ortensia,,s.f.,,,,,,,,http://dizionario.internazionale.it/parola/ortensia
4275,Alta Disponibilità,ortica,,s.f.,,,,,,,,http://dizionario.internazionale.it/parola/ortica
4276,Alto Uso,orto,1,s.m.,,,,,,,,http://dizionario.internazionale.it/parola/orto
4277,Alta Disponibilità,ortolano,,"s.m., agg.",,,,,,,,http://dizionario.internazionale.it/parola/ortolano
4278,Alta Disponibilità,orzo,,s.m.,,,,,,,,http://dizionario.internazionale.it/parola/orzo
4279,Alto Uso,osare,,v.tr.,,,,,,,,http://dizionario.internazionale.it/parola/osare
4280,Alta Disponibilità,osceno,,agg.,,,,,,,,http://dizionario.internazionale.it/parola/osceno
4281,Alto Uso,oscillare,,v.intr.,,,,,,,,http://dizionario.internazionale.it/parola/oscillare
4282,Alto Uso,oscurare,,v.tr. e intr.,,,,,,,,http://dizionario.internazionale.it/parola/oscurare
4283,Alto Uso,oscuro,,"agg., s.m., avv.",,,,,,,,http://dizionario.internazionale.it/parola/oscuro
4284,Fondamentale,ospedale,,s.m.,,,,,,,,http://dizionario.internazionale.it/parola/ospedale
4285,Alta Disponibilità,ospitalità,,s.f.inv.,,,,,,,,http://dizionario.internazionale.it/parola/ospitalita
4286,Fondamentale,ospitare,,v.tr.,,,,,,,,http://dizionario.internazionale.it/parola/ospitare
4287,Fondamentale,ospite,,"agg., s.m. e f.",,,,,,,,http://dizionario.internazionale.it/parola/ospite
4288,Alta Disponibilità,ospizio,,s.m.,,,,,,,,http://dizionario.internazionale.it/parola/ospizio
4289,Fondamentale,osservare,,v.tr. e intr.,,,,,,,,http://dizionario.internazionale.it/parola/osservare
4290,Alto Uso,osservazione,,s.f.,,,,,,,,http://dizionario.internazionale.it/parola/osservazione
4291,Alto Uso,ossessione,,s.f.,,,,,,,,http://dizionario.internazionale.it/parola/ossessione
4292,Alto Uso,ossia,,cong.,,,,,,,,http://dizionario.internazionale.it/parola/ossia
4293,Alto Uso,ossigeno,,s.m.,,,,,,,,http://dizionario.internazionale.it/parola/ossigeno
4294,Fondamentale,osso,,s.m.,,,,,,,,http://dizionario.internazionale.it/parola/osso
4295,Alto Uso,ostacolare,,v.tr.,,,,,,,,http://dizionario.internazionale.it/parola/ostacolare
4296,Alto Uso,ostacolo,,s.m.,,,,,,,,http://dizionario.internazionale.it/parola/ostacolo
4297,Alta Disponibilità,ostaggio,,s.m.,,,,,,,,http://dizionario.internazionale.it/parola/ostaggio
4298,Alta Disponibilità,oste,1,s.m.,,,,,,,,http://dizionario.internazionale.it/parola/oste
4299,Alto Uso,ostile,,agg.,,,,,,,,http://dizionario.internazionale.it/parola/ostile
4300,Alta Disponibilità,ostinato,,"p.pass., agg.",,ostinare,,,,,,http://dizionario.internazionale.it/parola/ostinato
4301,Alta Disponibilità,ostrica,,s.f.,,,,,,,,http://dizionario.internazionale.it/parola/ostrica
4302,Alto Uso,ottanta,,"agg.num.card.inv., s.m.inv.",,,Numbers,,,,,http://dizionario.internazionale.it/parola/ottanta
4303,Alto Uso,ottavo,,"agg.num.ord., s.m.",,,Numbers,,,,,http://dizionario.internazionale.it/parola/ottavo
4304,Fondamentale,ottenere,,v.tr.,,,,,,,,http://dizionario.internazionale.it/parola/ottenere
4305,Alto Uso,ottica,1,s.f.,,,,,,,,http://dizionario.internazionale.it/parola/ottica
4306,Fondamentale,ottimo,,"agg., s.m.",,,,,,,,http://dizionario.internazionale.it/parola/ottimo
4307,Fondamentale,otto,,"agg.num.card.inv., s.m.inv., s.f.pl.",,,Numbers,,,,,http://dizionario.internazionale.it/parola/otto
4308,Fondamentale,ottobre,,s.m.,,,Months of the Year,,,,,http://dizionario.internazionale.it/parola/ottobre
4309,Alta Disponibilità,ottone,,s.m.,,,,,,,,http://dizionario.internazionale.it/parola/ottone
4310,Alta Disponibilità,ovale,,"agg., s.m., s.f.",,,,,,,,http://dizionario.internazionale.it/parola/ovale
4311,Alta Disponibilità,ovatta,,s.f.,,,,,,,,http://dizionario.internazionale.it/parola/ovatta
4312,Alto Uso,ove,,"avv., cong.",,,,,,,,http://dizionario.internazionale.it/parola/ove
4313,Alto Uso,ovest,,"s.m.inv., agg.inv.",,,,,,,,http://dizionario.internazionale.it/parola/ovest
4314,Alta Disponibilità,ovile,,s.m.,,,,,,,,http://dizionario.internazionale.it/parola/ovile
4315,Alta Disponibilità,ovino,1,"agg., s.m.",,,,,,,,http://dizionario.internazionale.it/parola/ovino
4316,Fondamentale,ovunque,,"avv., cong.",,,,,,,,http://dizionario.internazionale.it/parola/ovunque
4317,Fondamentale,ovvero,,cong.,,,,,,,,http://dizionario.internazionale.it/parola/ovvero
4318,Fondamentale,ovviamente,,avv.,,ovvio,,,,,,http://dizionario.internazionale.it/parola/ovviamente
4319,Alto Uso,ovviare,,v.intr. e tr.,,,,,,,,http://dizionario.internazionale.it/parola/ovviare
4320,Alto Uso,ovvio,,agg.,,,,,,,,http://dizionario.internazionale.it/parola/ovvio
4321,Alta Disponibilità,ozono,,s.m.,,,,,,,,http://dizionario.internazionale.it/parola/ozono
4322,Alto Uso,pacchetto,1,s.m.,,,,,,,,http://dizionario.internazionale.it/parola/pacchetto
4323,Alto Uso,pacco,,s.m.,,,,,,,,http://dizionario.internazionale.it/parola/pacco
4324,Fondamentale,pace,1,s.f.,,,,,,,,http://dizionario.internazionale.it/parola/pace
4325,Alta Disponibilità,padella,,s.f.,,,,,,,,http://dizionario.internazionale.it/parola/padella
4326,Fondamentale,padre,,s.m.,,,Family,,,,,http://dizionario.internazionale.it/parola/padre
4327,Alto Uso,padrona,,s.f.,,,,,,,,http://dizionario.internazionale.it/parola/padrona
4328,Alta Disponibilità,padronato,,s.m.,,,,,,,,http://dizionario.internazionale.it/parola/padronato
4329,Fondamentale,padrone,,s.m.,,,,,,,,http://dizionario.internazionale.it/parola/padrone
4330,Alta Disponibilità,padroneggiare,,v.tr.,,,,,,,,http://dizionario.internazionale.it/parola/padroneggiare
4331,Alto Uso,paesaggio,,s.m.,,,,,,,,http://dizionario.internazionale.it/parola/paesaggio
4332,Fondamentale,paese,,s.m.,,,,,,,,http://dizionario.internazionale.it/parola/paese
4333,Alto Uso,paga,,"s.f., s.m.inv.",,,,,,,,http://dizionario.internazionale.it/parola/paga
4334,Fondamentale,pagamento,,s.m.,,,,,,,,http://dizionario.internazionale.it/parola/pagamento
4335,Fondamentale,pagare,,v.tr.,,,,,,,,http://dizionario.internazionale.it/parola/pagare
4336,Alta Disponibilità,pagella,,s.f.,,,,,,,,http://dizionario.internazionale.it/parola/pagella
4337,Fondamentale,pagina,,s.f.,,,,,,,,http://dizionario.internazionale.it/parola/pagina
4338,Alto Uso,paglia,,"s.f., s.m.inv., agg. inv.",,,,,,,,http://dizionario.internazionale.it/parola/paglia
4339,Alta Disponibilità,pagliaio,,s.m.,,,,,,,,http://dizionario.internazionale.it/parola/pagliaio
4340,Alto Uso,pago,3,"p.pass., agg.",,,,,,,,http://dizionario.internazionale.it/parola/pago_3
4341,Fondamentale,paio,,s.m.,,,,,,,,http://dizionario.internazionale.it/parola/paio
4342,Alto Uso,pala,1,s.f.,,,,,,,,http://dizionario.internazionale.it/parola/pala
4343,Alta Disponibilità,palato,1,s.m.,,,,,,,,http://dizionario.internazionale.it/parola/palato
4344,Alta Disponibilità,palazzina,,s.f.,,,,,,,,http://dizionario.internazionale.it/parola/palazzina
4345,Fondamentale,palazzo,,s.m.,,,,,,,,http://dizionario.internazionale.it/parola/palazzo
4346,Alto Uso,palco,,s.m.,,,,,,,,http://dizionario.internazionale.it/parola/palco
4347,Alto Uso,palcoscenico,,s.m.,,,,,,,,http://dizionario.internazionale.it/parola/palcoscenico
4348,Alta Disponibilità,palermitano,,"agg., s.m.",,,Demonym,,,,,http://dizionario.internazionale.it/parola/palermitano
4349,Alta Disponibilità,palestinese,,"agg., s.m. e f.",,,Demonym,,,,,http://dizionario.internazionale.it/parola/palestinese
4350,Alto Uso,palestra,,s.f.,,,,,,,,http://dizionario.internazionale.it/parola/palestra
4351,Alta Disponibilità,paletta,1,s.f.,,,,,,,,http://dizionario.internazionale.it/parola/paletta
4352,Fondamentale,palla,1,s.f.,,,,,,,,http://dizionario.internazionale.it/parola/palla
4353,Alta Disponibilità,pallacanestro,,s.f.,,,,,,,,http://dizionario.internazionale.it/parola/pallacanestro
4354,Alta Disponibilità,pallanuoto,,s.f.,,,,,,,,http://dizionario.internazionale.it/parola/pallanuoto
4355,Alta Disponibilità,pallavolo,,s.f.,,,,,,,,http://dizionario.internazionale.it/parola/pallavolo
4356,Alto Uso,pallido,,agg.,,,,,,,,http://dizionario.internazionale.it/parola/pallido
4357,Alto Uso,pallina,,s.f.,,,,,,,,http://dizionario.internazionale.it/parola/pallina
4358,Alta Disponibilità,pallino,,s.m.,,,,,,,,http://dizionario.internazionale.it/parola/pallino
4359,Alta Disponibilità,palloncino,,s.m.,,,,,,,,http://dizionario.internazionale.it/parola/palloncino
4360,Alto Uso,pallone,,s.m.,,,,,,,,http://dizionario.internazionale.it/parola/pallone
4361,Alta Disponibilità,pallottola,,s.f.,,,,,,,,http://dizionario.internazionale.it/parola/pallottola
4362,Alta Disponibilità,pallottoliere,,s.m.,,,,,,,,http://dizionario.internazionale.it/parola/pallottoliere
4363,Alta Disponibilità,palma,1,s.f.,,,,,,,,http://dizionario.internazionale.it/parola/palma
4364,Alto Uso,palo,,s.m.,,,,,,,,http://dizionario.internazionale.it/parola/palo
4365,Alta Disponibilità,palombaro,,s.m.,,,,,,,,http://dizionario.internazionale.it/parola/palombaro
4366,Alta Disponibilità,palpebra,,s.f.,,,,,,,,http://dizionario.internazionale.it/parola/palpebra
4367,Alta Disponibilità,palude,,s.f.,,,,,,,,http://dizionario.internazionale.it/parola/palude
4368,Alta Disponibilità,panca,,s.f.,,,,,,,,http://dizionario.internazionale.it/parola/panca
4369,Alta Disponibilità,pancarrè,,s.m.inv.,,,,,,,,http://dizionario.internazionale.it/parola/pancarrè
4370,Alta Disponibilità,pancetta,,s.f.,,,,,,,,http://dizionario.internazionale.it/parola/pancetta
4371,Alto Uso,panchina,,s.f.,,,,,,,,http://dizionario.internazionale.it/parola/panchina
4372,Alto Uso,pancia,,s.f.,,,,,,,,http://dizionario.internazionale.it/parola/pancia
4373,Alta Disponibilità,panciotto,,s.m.,,,,,,,,http://dizionario.internazionale.it/parola/panciotto
4374,Alta Disponibilità,panda,,s.m.inv.,,,,,,,,http://dizionario.internazionale.it/parola/panda
4375,Alta Disponibilità,pandoro,,s.m.,,,,,,,,http://dizionario.internazionale.it/parola/pandoro
4376,Fondamentale,pane,1,s.m.,,,,,,,,http://dizionario.internazionale.it/parola/pane
4377,Alta Disponibilità,panetteria,,s.f.,,,,,,,,http://dizionario.internazionale.it/parola/panetteria
4378,Alta Disponibilità,panettiere,,s.m.,,,,,,,,http://dizionario.internazionale.it/parola/panettiere
4379,Alta Disponibilità,panettone,,s.m.,,,,,,,,http://dizionario.internazionale.it/parola/panettone
4380,Alto Uso,panico,1,"agg., s.m.",,,,,,,,http://dizionario.internazionale.it/parola/panico
4381,Alta Disponibilità,paniere,,s.m.,,,,,,,,http://dizionario.internazionale.it/parola/paniere
4382,Alto Uso,panino,,s.m.,,,,,,,,http://dizionario.internazionale.it/parola/panino
4383,Alto Uso,panna,1,s.f.,,,,,,,,http://dizionario.internazionale.it/parola/panna
4384,Alto Uso,pannello,,s.m.,,,,,,,,http://dizionario.internazionale.it/parola/pannello
4385,Alto Uso,panno,,s.m.,,,,,,,,http://dizionario.internazionale.it/parola/panno
4386,Alta Disponibilità,pannocchia,,s.f.,,,,,,,,http://dizionario.internazionale.it/parola/pannocchia
4387,Alta Disponibilità,pannolino,1,s.m.,,,,,,,,http://dizionario.internazionale.it/parola/pannolino
4388,Alta Disponibilità,pannolone,,s.m.,,,,,,,,http://dizionario.internazionale.it/parola/pannolone
4389,Alto Uso,panorama,,s.m.,,,,,,,,http://dizionario.internazionale.it/parola/panorama
4390,Fondamentale,pantalone,1,s.m.,,,,,,,,http://dizionario.internazionale.it/parola/pantalone
4391,Alta Disponibilità,pantera,1,s.f.,,,,,,,,http://dizionario.internazionale.it/parola/pantera
4392,Alta Disponibilità,pantofola,,s.f.,,,,,,,,http://dizionario.internazionale.it/parola/pantofola
4393,Alta Disponibilità,panzerotto,,s.m.,,,,,,,,http://dizionario.internazionale.it/parola/panzerotto
4394,Fondamentale,papa,,s.m.,,,,,,,,http://dizionario.internazionale.it/parola/papa
4395,Fondamentale,papà,,s.m.inv.,,,,,,,,http://dizionario.internazionale.it/parola/papa_2
4396,Alta Disponibilità,papavero,,s.m.,,,,,,,,http://dizionario.internazionale.it/parola/papavero
4397,Alta Disponibilità,papera,,s.f.,,,,,,,,http://dizionario.internazionale.it/parola/papera
4398,Alta Disponibilità,papero,,s.m.,,,,,,,,http://dizionario.internazionale.it/parola/papero
4399,Alta Disponibilità,pappa,1,s.f.,,,,,,,,http://dizionario.internazionale.it/parola/pappa
4400,Alta Disponibilità,pappagallo,,s.m.,,,,,,,,http://dizionario.internazionale.it/parola/pappagallo
4401,Alta Disponibilità,parabola,2,s.f.,,,,,,,,http://dizionario.internazionale.it/parola/parabola_2
4402,Alta Disponibilità,parabrezza,,s.m.inv.,,,,,,,,http://dizionario.internazionale.it/parola/parabrezza
4403,Alta Disponibilità,paracadute,,s.m.inv.,,,,,,,,http://dizionario.internazionale.it/parola/paracadute
4404,Alta Disponibilità,paracadutista,,s.m. e f.,,,,,,,,http://dizionario.internazionale.it/parola/paracadutista
4405,Alto Uso,paradiso,1,s.m.,,,,,,,,http://dizionario.internazionale.it/parola/paradiso
4406,Alto Uso,paradosso,1,"s.m., agg.",,,,,,,,http://dizionario.internazionale.it/parola/paradosso
4407,Alta Disponibilità,parafulmine,,s.m.,,,,,,,,http://dizionario.internazionale.it/parola/parafulmine
4408,Alto Uso,paragonare,,v.tr.,,,,,,,,http://dizionario.internazionale.it/parola/paragonare
4409,Alto Uso,paragone,,s.m.,,,,,,,,http://dizionario.internazionale.it/parola/paragone
4410,Alta Disponibilità,paralisi,,s.f.inv.,,,,,,,,http://dizionario.internazionale.it/parola/paralisi
4411,Alta Disponibilità,paralizzato,,"p.pass., agg.",,paralizzare,,,,,,http://dizionario.internazionale.it/parola/paralizzato
4412,Alta Disponibilità,parallelepipedo,,s.m.,,,,,,,,http://dizionario.internazionale.it/parola/parallelepipedo
4413,Alto Uso,parallelo,,"agg., s.m.",,,,,,,,http://dizionario.internazionale.it/parola/parallelo
4414,Alta Disponibilità,paralume,,s.m.,,,,,,,,http://dizionario.internazionale.it/parola/paralume
4415,Alto Uso,parametro,,s.m.,,,,,,,,http://dizionario.internazionale.it/parola/parametro
4416,Alta Disponibilità,paraocchi,,s.m.inv.,,,,,,,,http://dizionario.internazionale.it/parola/paraocchi
4417,Alto Uso,parare,,v.tr.,,,,,,,,http://dizionario.internazionale.it/parola/parare
4418,Alta Disponibilità,paraurti,,s.m.inv.,,,,,,,,http://dizionario.internazionale.it/parola/paraurti
4419,Alta Disponibilità,paravento,,s.m.,,,,,,,,http://dizionario.internazionale.it/parola/paravento
4420,Alto Uso,parcheggiare,,v.tr.,,,,,,,,http://dizionario.internazionale.it/parola/parcheggiare
4421,Alto Uso,parcheggio,,s.m.,,,,,,,,http://dizionario.internazionale.it/parola/parcheggio
4422,Fondamentale,parco,1,s.m.,,,,,,,,http://dizionario.internazionale.it/parola/parco
4423,Fondamentale,parecchio,,"agg.indef., pron.indef., avv., agg.",,,,,,,,http://dizionario.internazionale.it/parola/parecchio
4424,Alta Disponibilità,pareggiare,,v.tr. e intr.,,,,,,,,http://dizionario.internazionale.it/parola/pareggiare
4425,Alta Disponibilità,pareggio,1,s.m.,,,,,,,,http://dizionario.internazionale.it/parola/pareggio
4426,Fondamentale,parente,,s.m. e f.,,,,,,,,http://dizionario.internazionale.it/parola/parente
4427,Alto Uso,parentesi,,s.f.inv.,,,,,,,,http://dizionario.internazionale.it/parola/parentesi
4428,Fondamentale,parere,1,v.intr.,,,,,,,,http://dizionario.internazionale.it/parola/parere
4429,Fondamentale,parere,2,s.m.,,,,,,,,http://dizionario.internazionale.it/parola/parere_2
4430,Fondamentale,parete,,s.f.,,,,,,,,http://dizionario.internazionale.it/parola/parete
4431,Fondamentale,pari,1,"agg.inv., avv., s.m. e f.inv.",,,,,,,,http://dizionario.internazionale.it/parola/pari
4432,Alta Disponibilità,parigino,,"agg., s.m.",,,Demonym,,,,,http://dizionario.internazionale.it/parola/parigino
4433,Alta Disponibilità,parità,1,s.f.inv.,,,,,,,,http://dizionario.internazionale.it/parola/parita
4434,Alto Uso,parlamentare,1,"agg., s.m. e f.",,,,,,,,http://dizionario.internazionale.it/parola/parlamentare
4435,Alto Uso,parlamento,,s.m.,,,,,,,,http://dizionario.internazionale.it/parola/parlamento
4436,Fondamentale,parlare,1,v.intr. e tr.,,,,,,,,http://dizionario.internazionale.it/parola/parlare
4437,Alta Disponibilità,parmigiano,,"agg., s.m.",,,Demonym,,,,,http://dizionario.internazionale.it/parola/parmigiano
4438,Fondamentale,parola,,s.f.,,,,,,,,http://dizionario.internazionale.it/parola/parola
4439,Alta Disponibilità,parquet,,s.m.inv.,,,,,,,,http://dizionario.internazionale.it/parola/parquet
4440,Alta Disponibilità,parroco,,s.m.,,,,,,,,http://dizionario.internazionale.it/parola/parroco
4441,Alta Disponibilità,parrucca,,s.f.,,,,,,,,http://dizionario.internazionale.it/parola/parrucca
4442,Alta Disponibilità,parrucchiere,,s.m.,,,,,,,,http://dizionario.internazionale.it/parola/parrucchiere
4443,Fondamentale,parte,,"s.f., avv.",,,,,,,,http://dizionario.internazionale.it/parola/parte
4444,Alto Uso,partecipante,,"p.pres., agg., s.m. e f.",,partecipare,,,,,,http://dizionario.internazionale.it/parola/partecipante
4445,Fondamentale,partecipare,,v.intr. e tr.,,,,,,,,http://dizionario.internazionale.it/parola/partecipare
4446,Alto Uso,partecipazione,,s.f.,,,,,,,,http://dizionario.internazionale.it/parola/partecipazione
4447,Alta Disponibilità,parteggiare,1,v.intr.,,,,,,,,http://dizionario.internazionale.it/parola/parteggiare
4448,Fondamentale,partenza,,s.f.,,,,,,,,http://dizionario.internazionale.it/parola/partenza
4449,Alto Uso,particella,,s.f.,,,,,,,,http://dizionario.internazionale.it/parola/particella
4450,Fondamentale,particolare,,"agg., s.m.",,,,,,,,http://dizionario.internazionale.it/parola/particolare
4451,Fondamentale,particolarmente,,avv.,,particolare,,,,,,http://dizionario.internazionale.it/parola/particolarmente
4452,Alto Uso,partigiano,,"s.m., agg.",,,,,,,,http://dizionario.internazionale.it/parola/partigiano
4453,Fondamentale,partire,1,v.intr.,,,,,,Essere,,http://dizionario.internazionale.it/parola/partire
4454,Fondamentale,partita,1,s.f.,,,,,,,,http://dizionario.internazionale.it/parola/partita
4455,Fondamentale,partito,1,s.m.,,,,,,,,http://dizionario.internazionale.it/parola/partito
4456,Alto Uso,partner,,s.m. e f.inv.,,,,,,,,http://dizionario.internazionale.it/parola/partner
4457,Alto Uso,parto,1,s.m.,,,,,,,,http://dizionario.internazionale.it/parola/parto
4458,Alto Uso,partorire,,v.tr.,,,,"finire ""isc"" conjugation",,,,http://dizionario.internazionale.it/parola/partorire
4459,Alto Uso,party,,s.m.inv.,,,,,,,,http://dizionario.internazionale.it/parola/party
4460,Alto Uso,parziale,,"agg., s.m.",,,,,,,,http://dizionario.internazionale.it/parola/parziale
4461,Alto Uso,parzialmente,,avv.,,parziale,,,,,,http://dizionario.internazionale.it/parola/parzialmente
4462,Alta Disponibilità,pascolare,,v.tr. e intr.,,,,,,,,http://dizionario.internazionale.it/parola/pascolare
4463,Alta Disponibilità,pasqua,,s.f.,,,,,,,,http://dizionario.internazionale.it/parola/pasqua
4464,Alto Uso,pasquale,,agg.,,,,,,,,http://dizionario.internazionale.it/parola/pasquale
4465,Fondamentale,passaggio,,s.m.,,,,,,,,http://dizionario.internazionale.it/parola/passaggio
4466,Fondamentale,passare,,v.intr. e tr.,,,,,,Essere,a,http://dizionario.internazionale.it/parola/passare
4467,Alta Disponibilità,passata,,s.f.,,,,,,,,http://dizionario.internazionale.it/parola/passata
4468,Alta Disponibilità,passatempo,,s.m.,,,,,,,,http://dizionario.internazionale.it/parola/passatempo
4469,Fondamentale,passato,,"p.pass., agg., s.m.",,passare,,,,,,http://dizionario.internazionale.it/parola/passato
4470,Alto Uso,passeggero,,"agg., s.m.",,,,,,,,http://dizionario.internazionale.it/parola/passeggero
4471,Alto Uso,passeggiare,,v.intr. e tr.,,,,,,,,http://dizionario.internazionale.it/parola/passeggiare
4472,Alto Uso,passeggiata,,s.f.,,,,,,,,http://dizionario.internazionale.it/parola/passeggiata
4473,Alta Disponibilità,passeggio,,s.m.,,,,,,,,http://dizionario.internazionale.it/parola/passeggio
4474,Alta Disponibilità,passero,,s.m.,,,,,,,,http://dizionario.internazionale.it/parola/passero
4475,Fondamentale,passione,,s.f.,,,,,,,,http://dizionario.internazionale.it/parola/passione
4476,Alto Uso,passivo,,"agg., s.m.",,,,,,,,http://dizionario.internazionale.it/parola/passivo
4477,Fondamentale,passo,1,s.m.,,,,,,,,http://dizionario.internazionale.it/parola/passo
4478,Fondamentale,pasta,,s.f.,,,,,,,,http://dizionario.internazionale.it/parola/pasta
4479,Alta Disponibilità,pasticca,,s.f.,,,,,,,,http://dizionario.internazionale.it/parola/pasticca
4480,Alta Disponibilità,pasticcere,,s.m.,,,,,,,,http://dizionario.internazionale.it/parola/pasticcere
4481,Alta Disponibilità,pasticceria,,s.f.,,,,,,,,http://dizionario.internazionale.it/parola/pasticceria
4482,Alta Disponibilità,pasticcino,,s.m.,,,,,,,,http://dizionario.internazionale.it/parola/pasticcino
4483,Alta Disponibilità,pasticcio,,s.m.,,,,,,,,http://dizionario.internazionale.it/parola/pasticcio
4484,Alta Disponibilità,pastiglia,,s.f.,,,,,,,,http://dizionario.internazionale.it/parola/pastiglia
4485,Alta Disponibilità,pastina,,s.f.,,,,,,,,http://dizionario.internazionale.it/parola/pastina
4486,Alto Uso,pasto,1,s.m.,,,,,,,,http://dizionario.internazionale.it/parola/pasto
4487,Alto Uso,pastore,,s.m.,,,,,,,,http://dizionario.internazionale.it/parola/pastore
4488,Alto Uso,patata,,s.f.,,,,,,,,http://dizionario.internazionale.it/parola/patata
4489,Alta Disponibilità,patatina,,s.f.,,,,,,,,http://dizionario.internazionale.it/parola/patatina
4490,Alta Disponibilità,patè,,s.m.inv.,,,,,,,,http://dizionario.internazionale.it/parola/patè
4491,Alto Uso,patente,1,s.f.,,,,,,,,http://dizionario.internazionale.it/parola/patente
4492,Alto Uso,patetico,,"agg., s.m.",,,,,,,,http://dizionario.internazionale.it/parola/patetico
4493,Alto Uso,patologia,,s.f.,,,,,,,,http://dizionario.internazionale.it/parola/patologia
4494,Alto Uso,patria,,s.f.,,,,,,,,http://dizionario.internazionale.it/parola/patria
4495,Alto Uso,patrimonio,,s.m.,,,,,,,,http://dizionario.internazionale.it/parola/patrimonio
4496,Alta Disponibilità,pattinaggio,,s.m.,,,,,,,,http://dizionario.internazionale.it/parola/pattinaggio
4497,Alta Disponibilità,pattinare,,v.intr.,,,,,,,,http://dizionario.internazionale.it/parola/pattinare
4498,Alta Disponibilità,pattino,1,s.m.,,,,,,,,http://dizionario.internazionale.it/parola/pattino
4499,Alto Uso,patto,,s.m.,,,,,,,,http://dizionario.internazionale.it/parola/patto
4500,Alta Disponibilità,pattumiera,,s.f.,,,,,,,,http://dizionario.internazionale.it/parola/pattumiera
4501,Fondamentale,paura,,s.f.,,,,,,,,http://dizionario.internazionale.it/parola/paura
4502,Alta Disponibilità,pauroso,,agg.,,,,,,,,http://dizionario.internazionale.it/parola/pauroso
4503,Fondamentale,pausa,,s.f.,,,,,,,,http://dizionario.internazionale.it/parola/pausa
4504,Alto Uso,pavimento,,s.m.,,,,,,,,http://dizionario.internazionale.it/parola/pavimento
4505,Alta Disponibilità,pavone,,"s.m., s.m.inv., agg.inv.",,,,,,,,http://dizionario.internazionale.it/parola/pavone
4506,Fondamentale,paziente,,"agg., s.m. e f.",,,,,,,,http://dizionario.internazionale.it/parola/paziente
4507,Fondamentale,pazienza,,s.f.,,,,,,,,http://dizionario.internazionale.it/parola/pazienza
4508,Alta Disponibilità,pazza,,s.f.,,,,,,,,http://dizionario.internazionale.it/parola/pazza
4509,Alto Uso,pazzesco,,agg.,,,,,,,,http://dizionario.internazionale.it/parola/pazzesco
4510,Fondamentale,pazzo,,"agg., s.m.",,,,,,,,http://dizionario.internazionale.it/parola/pazzo
4511,Alto Uso,peccato,1,"s.m., inter.",,,,,,,,http://dizionario.internazionale.it/parola/peccato
4512,Alta Disponibilità,peccatore,,"s.m., agg.",,,,,,,,http://dizionario.internazionale.it/parola/peccatore
4513,Alta Disponibilità,pechinese,,"agg., s.m. e f.",,,Demonym,,,,,http://dizionario.internazionale.it/parola/pechinese
4514,Alto Uso,pecora,,s.f.,,,,,,,,http://dizionario.internazionale.it/parola/pecora
4515,Alta Disponibilità,pecorino,,"agg., s.m.",,,,,,,,http://dizionario.internazionale.it/parola/pecorino
4516,Alta Disponibilità,pedalare,,v.intr.,,,,,,,,http://dizionario.internazionale.it/parola/pedalare
4517,Alta Disponibilità,pedale,,"s.m., s.f., agg.",,,,,,,,http://dizionario.internazionale.it/parola/pedale
4518,Alta Disponibilità,pedone,1,"s.m., agg.",,,,,,,,http://dizionario.internazionale.it/parola/pedone
4519,Fondamentale,peggio,,"avv., agg.inv., s.m.inv.",,,,,,,,http://dizionario.internazionale.it/parola/peggio
4520,Alta Disponibilità,peggioramento,,s.m.,,,,,,,,http://dizionario.internazionale.it/parola/peggioramento
4521,Alto Uso,peggiorare,,v.tr. e intr.,,,,,,,,http://dizionario.internazionale.it/parola/peggiorare
4522,Alto Uso,peggiore,,"agg., s.m. e f., avv.",,,,,,,,http://dizionario.internazionale.it/parola/peggiore
4523,Alta Disponibilità,pelato,,"p.pass., agg., s.m.",,pelare,,,,,,http://dizionario.internazionale.it/parola/pelato
4524,Fondamentale,pelle,1,s.f.,,,,,,,,http://dizionario.internazionale.it/parola/pelle
4525,Alta Disponibilità,pellegrino,,"s.m., agg.",,,,,,,,http://dizionario.internazionale.it/parola/pellegrino
4526,Alta Disponibilità,pellerossa,,"agg.inv., s.m. e f.inv.",,,,,,,,http://dizionario.internazionale.it/parola/pellerossa
4527,Alta Disponibilità,pelletteria,,s.f.,,,,,,,,http://dizionario.internazionale.it/parola/pelletteria
4528,Alto Uso,pellicola,,s.f.,,,,,,,,http://dizionario.internazionale.it/parola/pellicola
4529,Alto Uso,pelo,,s.m.,,,,,,,,http://dizionario.internazionale.it/parola/pelo
4530,Alta Disponibilità,peloso,,"agg., s.m.",,,,,,,,http://dizionario.internazionale.it/parola/peloso
4531,Alta Disponibilità,peluche,,s.f. e m.inv.,,,,,,,,http://dizionario.internazionale.it/parola/peluche
4532,Fondamentale,pena,,s.f.,,,,,,,,http://dizionario.internazionale.it/parola/pena
4533,Alto Uso,penale,,"agg., s.f., s.m.",,,,,,,,http://dizionario.internazionale.it/parola/penale
4534,Alto Uso,pendere,,v.intr.,,,,,Irr PP: peso,,,http://dizionario.internazionale.it/parola/pendere
4535,Alta Disponibilità,pendolo,1,s.m.,,,,,,,,http://dizionario.internazionale.it/parola/pendolo
4536,Alto Uso,pene,,s.m.,,,,,,,,http://dizionario.internazionale.it/parola/pene
4537,Alto Uso,penetrare,,v.intr. e tr.,,,,,,,,http://dizionario.internazionale.it/parola/penetrare
4538,Alta Disponibilità,penisola,,s.f.,,,,,,,,http://dizionario.internazionale.it/parola/penisola
4539,Alto Uso,penna,,s.f.,,,,,,,,http://dizionario.internazionale.it/parola/penna
4540,Alta Disponibilità,pennarello,,s.m.,,,,,,,,http://dizionario.internazionale.it/parola/pennarello
4541,Fondamentale,pensare,,v.intr. e tr.,,,,,,,di,http://dizionario.internazionale.it/parola/pensare
4542,Fondamentale,pensiero,,s.m.,,,,,,,,http://dizionario.internazionale.it/parola/pensiero
4543,Alta Disponibilità,pensionato,1,"p.pass., agg., s.m.",,pensionare,,,,,,http://dizionario.internazionale.it/parola/pensionato
4544,Fondamentale,pensione,,s.f.,,,,,,,,http://dizionario.internazionale.it/parola/pensione
4545,Alta Disponibilità,pentagono,,s.m.,,,,,,,,http://dizionario.internazionale.it/parola/pentagono
4546,Alto Uso,pentirsi,,v.pronom.intr.,,,,,,,,http://dizionario.internazionale.it/parola/pentirsi
4547,Alto Uso,pentola,,s.f.,,,,,,,,http://dizionario.internazionale.it/parola/pentola
4548,Alta Disponibilità,penultimo,,agg.,,,,,,,,http://dizionario.internazionale.it/parola/penultimo
4549,Alta Disponibilità,pepe,,s.m.,,,,,,,,http://dizionario.internazionale.it/parola/pepe
4550,Alta Disponibilità,peperoncino,,s.m.,,,,,,,,http://dizionario.internazionale.it/parola/peperoncino
4551,Alta Disponibilità,peperone,,s.m.,,,,,,,,http://dizionario.internazionale.it/parola/peperone
4552,Fondamentale,per,,prep.,,,,,,,,http://dizionario.internazionale.it/parola/per
4553,Alta Disponibilità,pera,1,s.f.,,,,,,,,http://dizionario.internazionale.it/parola/pera
4554,Alto Uso,peraltro,,avv.,,,,,,,,http://dizionario.internazionale.it/parola/peraltro
4555,Alto Uso,percentuale,,"agg., s.f.",,,,,,,,http://dizionario.internazionale.it/parola/percentuale
4556,Fondamentale,percepire,,v.tr.,,,,,,,,http://dizionario.internazionale.it/parola/percepire
4557,Alto Uso,percezione,,s.f.,,,,,,,,http://dizionario.internazionale.it/parola/percezione
4558,Fondamentale,perché,,"avv., cong., s.m.inv.",,,,,,,,http://dizionario.internazionale.it/parola/perche
4559,Fondamentale,perciò,,cong.,,,,,,,,http://dizionario.internazionale.it/parola/percio
4560,Alto Uso,percorrere,,v.tr.,,,,,Irr PP: percorso,,,http://dizionario.internazionale.it/parola/percorrere
4561,Fondamentale,percorso,,"p.pass., agg., s.m.",,percorrere,,,,,,http://dizionario.internazionale.it/parola/percorso
4562,Fondamentale,perdere,,v.tr. e intr.,,,,,Irr PP: perso,,,http://dizionario.internazionale.it/parola/perdere
4563,Fondamentale,perdita,,s.f.,,,,,,,,http://dizionario.internazionale.it/parola/perdita
4564,Fondamentale,perdonare,,v.tr. e intr.,,,,,,,,http://dizionario.internazionale.it/parola/perdonare
4565,Alto Uso,perdono,,s.m.,,,,,,,,http://dizionario.internazionale.it/parola/perdono
4566,Alto Uso,perduto,,"p.pass., agg.",,perdere,,,,,,http://dizionario.internazionale.it/parola/perduto
4567,Fondamentale,perfettamente,,avv.,,perfetto,,,,,,http://dizionario.internazionale.it/parola/perfettamente
4568,Fondamentale,perfetto,,"p.pass., agg., s.m.",,,,,,,,http://dizionario.internazionale.it/parola/perfetto
4569,Alto Uso,perfezione,,s.f.,,,,,,,,http://dizionario.internazionale.it/parola/perfezione
4570,Fondamentale,perfino,,"avv., prep.",,,,,,,,http://dizionario.internazionale.it/parola/perfino
4571,Alta Disponibilità,pergola,1,s.f.,,,,,,,,http://dizionario.internazionale.it/parola/pergola
4572,Alta Disponibilità,pergolato,1,"s.m., agg.",,,,,,,,http://dizionario.internazionale.it/parola/pergolato
4573,Fondamentale,pericolo,,s.m.,,,,,,,,http://dizionario.internazionale.it/parola/pericolo
4574,Fondamentale,pericoloso,,agg.,,,,,,,,http://dizionario.internazionale.it/parola/pericoloso
4575,Alto Uso,periferia,,s.f.,,,,,,,,http://dizionario.internazionale.it/parola/periferia
4576,Alto Uso,periodico,1,"agg., s.m.",,,,,,,,http://dizionario.internazionale.it/parola/periodico
4577,Fondamentale,periodo,,s.m.,,,,,,,,http://dizionario.internazionale.it/parola/periodo
4578,Alto Uso,perito,1,"s.m., agg.",,,,,,,,http://dizionario.internazionale.it/parola/perito
4579,Alto Uso,perla,,"s.f., s.m.inv., agg.inv.",,,,,,,,http://dizionario.internazionale.it/parola/perla
4580,Alta Disponibilità,permaloso,,"agg., s.m.",,,,,,,,http://dizionario.internazionale.it/parola/permaloso
4581,Alto Uso,permanente,,"p.pres., agg., s.f.",,permanere,,,,,,http://dizionario.internazionale.it/parola/permanente
4582,Alto Uso,permesso,,"p.pass., agg., s.m.",,permettere,,,,,,http://dizionario.internazionale.it/parola/permesso
4583,Fondamentale,permettere,,v.tr.,,,,,Irr PP: permesso,,di,http://dizionario.internazionale.it/parola/permettere
4584,Alta Disponibilità,pero,,s.m.,,,,,,,,http://dizionario.internazionale.it/parola/pero_3
4585,Fondamentale,però,,cong.,,,,,,,,http://dizionario.internazionale.it/parola/pero_4
4586,Alta Disponibilità,perpendicolare,,"agg., s.f.",,,,,,,,http://dizionario.internazionale.it/parola/perpendicolare
4587,Alto Uso,perplesso,,agg.,,,,,,,,http://dizionario.internazionale.it/parola/perplesso
4588,Alto Uso,perquisizione,,s.f.,,,,,,,,http://dizionario.internazionale.it/parola/perquisizione
4589,Alto Uso,perseguire,,v.tr.,,,,,,,,http://dizionario.internazionale.it/parola/perseguire
4590,Alta Disponibilità,persiana,,s.f.,,,,,,,,http://dizionario.internazionale.it/parola/persiana
4591,Alto Uso,persiano,,"agg., s.m.",,,Demonym,,,,,http://dizionario.internazionale.it/parola/persiano
4592,Fondamentale,persino,,avv.,,,,,,,,http://dizionario.internazionale.it/parola/persino
4593,Alto Uso,perso,1,"p.pass., agg.",,perdere,,,,,,http://dizionario.internazionale.it/parola/perso
4594,Fondamentale,persona,,s.f.,,,,,,,,http://dizionario.internazionale.it/parola/persona
4595,Fondamentale,personaggio,,s.m.,,,,,,,,http://dizionario.internazionale.it/parola/personaggio
4596,Fondamentale,personale,1,"agg., s.m., s.f.",,,,,,,,http://dizionario.internazionale.it/parola/personale
4597,Fondamentale,personale,2,s.m.,,,,,,,,http://dizionario.internazionale.it/parola/personale_2
4598,Alto Uso,personalità,,s.f.inv.,,,,,,,,http://dizionario.internazionale.it/parola/personalita
4599,Fondamentale,personalmente,,avv.,,personale,,,,,,http://dizionario.internazionale.it/parola/personalmente
4600,Alto Uso,pertanto,,cong.,,,,,,,,http://dizionario.internazionale.it/parola/pertanto
4601,Alta Disponibilità,perugino,,"agg., s.m.",,,Demonym,,,,,http://dizionario.internazionale.it/parola/perugino
4602,Alta Disponibilità,peruviano,,"agg., s.m.",,,Demonym,,,,,http://dizionario.internazionale.it/parola/peruviano
4603,Alto Uso,pervenire,,v.intr.,,,,,Irr PP: pervenuto,Essere,,http://dizionario.internazionale.it/parola/pervenire
4604,Fondamentale,pesante,,"p.pres., agg., avv.",,pesare,,,,,,http://dizionario.internazionale.it/parola/pesante
4605,Alto Uso,pesare,,v.tr. e intr.,,,,,,,,http://dizionario.internazionale.it/parola/pesare
4606,Alto Uso,pesca,1,s.f.,,,,,,,,http://dizionario.internazionale.it/parola/pesca
4607,Alta Disponibilità,pesca,2,"s.f., s.m.inv., agg.inv.",,,,,,,,http://dizionario.internazionale.it/parola/pesca_2
4608,Alto Uso,pescare,,v.tr. e intr.,,,,,,,,http://dizionario.internazionale.it/parola/pescare
4609,Alto Uso,pescatore,,"s.m., agg.",,,,,,,,http://dizionario.internazionale.it/parola/pescatore
4610,Fondamentale,pesce,,s.m.,,,,,,,,http://dizionario.internazionale.it/parola/pesce
4611,Alta Disponibilità,peschereccio,,"s.m., agg.",,,,,,,,http://dizionario.internazionale.it/parola/peschereccio
4612,Alta Disponibilità,pescheria,,s.f.,,,,,,,,http://dizionario.internazionale.it/parola/pescheria
4613,Alta Disponibilità,pesco,1,s.m.,,,,,,,,http://dizionario.internazionale.it/parola/pesco
4614,Fondamentale,peso,1,s.m.,,,,,,,,http://dizionario.internazionale.it/parola/peso
4615,Alto Uso,pessimo,,agg.,,,,,,,,http://dizionario.internazionale.it/parola/pessimo
4616,Alta Disponibilità,pestare,,v.tr.,,,,,,,,http://dizionario.internazionale.it/parola/pestare
4617,Alta Disponibilità,peste,,s.f.,,,,,,,,http://dizionario.internazionale.it/parola/peste
4618,Alta Disponibilità,pesto,,"p.pass., agg., s.m.",,,,,,,,http://dizionario.internazionale.it/parola/pesto
4619,Alta Disponibilità,petalo,,s.m.,,,,,,,,http://dizionario.internazionale.it/parola/petalo
4620,Alta Disponibilità,petardo,,s.m.,,,,,,,,http://dizionario.internazionale.it/parola/petardo
4621,Alta Disponibilità,petroliera,,s.f.,,,,,,,,http://dizionario.internazionale.it/parola/petroliera
4622,Alto Uso,petrolio,,"s.m., s.m.inv.",,,,,,,,http://dizionario.internazionale.it/parola/petrolio
4623,Alta Disponibilità,pettegolezzo,,s.m.,,,,,,,,http://dizionario.internazionale.it/parola/pettegolezzo
4624,Alta Disponibilità,pettegolo,,"agg., s.m.",,,,,,,,http://dizionario.internazionale.it/parola/pettegolo
4625,Alta Disponibilità,pettinare,,v.tr.,,,,,,,,http://dizionario.internazionale.it/parola/pettinare
4626,Alta Disponibilità,pettinatura,,s.f.,,,,,,,,http://dizionario.internazionale.it/parola/pettinatura
4627,Alta Disponibilità,pettine,,s.m.,,,,,,,,http://dizionario.internazionale.it/parola/pettine
4628,Alta Disponibilità,pettirosso,,s.m.,,,,,,,,http://dizionario.internazionale.it/parola/pettirosso
4629,Fondamentale,petto,1,s.m.,,,,,,,,http://dizionario.internazionale.it/parola/petto
4630,Alta Disponibilità,pezza,,s.f.,,,,,,,,http://dizionario.internazionale.it/parola/pezza
4631,Alto Uso,pezzetto,,s.m.,,,,,,,,http://dizionario.internazionale.it/parola/pezzetto
4632,Fondamentale,pezzo,1,s.m.,,,,,,,,http://dizionario.internazionale.it/parola/pezzo
4633,Alta Disponibilità,pezzuola,,s.f.,,,,,,,,http://dizionario.internazionale.it/parola/pezzuola
4634,Alta Disponibilità,pi,1,s.f. e m.inv.,,,Letters of the Alphabet,,,,,http://dizionario.internazionale.it/parola/pi
4635,Fondamentale,piacere,1,v.intr.,,,,,,Essere,,http://dizionario.internazionale.it/parola/piacere
4636,Fondamentale,piacere,2,s.m.,,,,,,,,http://dizionario.internazionale.it/parola/piacere_2
4637,Alto Uso,piacevole,,agg.,,,,,,,,http://dizionario.internazionale.it/parola/piacevole
4638,Alta Disponibilità,piadina,,s.f.,,,,,,,,http://dizionario.internazionale.it/parola/piadina
4639,Alta Disponibilità,piaga,1,s.f.,,,,,,,,http://dizionario.internazionale.it/parola/piaga
4640,Alta Disponibilità,pialla,,s.f.,,,,,,,,http://dizionario.internazionale.it/parola/pialla
4641,Alta Disponibilità,piallare,,v.tr.,,,,,,,,http://dizionario.internazionale.it/parola/piallare
4642,Alta Disponibilità,pianeggiante,,"p.pres., agg.",,pianeggiare,,,,,,http://dizionario.internazionale.it/parola/pianeggiante
4643,Alto Uso,pianerottolo,,s.m.,,,,,,,,http://dizionario.internazionale.it/parola/pianerottolo
4644,Fondamentale,pianeta,1,s.m. e f.,,,,,,,,http://dizionario.internazionale.it/parola/pianeta
4645,Fondamentale,piangere,,"v.intr. e tr., s.m.",,,,,Irr PP: pianto,,,http://dizionario.internazionale.it/parola/piangere
4646,Fondamentale,piano,1,s.m.,,,,,,,,http://dizionario.internazionale.it/parola/piano
4647,Fondamentale,piano,2,s.m.,,,,,,,,http://dizionario.internazionale.it/parola/piano_2
4648,Fondamentale,piano,4,"agg., avv.",,,,,,,,http://dizionario.internazionale.it/parola/piano_4
4649,Alto Uso,pianoforte,,s.m.,,,,,,,,http://dizionario.internazionale.it/parola/pianoforte
4650,Alta Disponibilità,pianoterra,,s.m.inv.,,,,,,,,http://dizionario.internazionale.it/parola/pianoterra
4651,Fondamentale,pianta,,s.f.,,,,,,,,http://dizionario.internazionale.it/parola/pianta
4652,Alto Uso,piantare,,v.tr.,,,,,,,,http://dizionario.internazionale.it/parola/piantare
4653,Alto Uso,pianto,1,s.m.,,,,,,,,http://dizionario.internazionale.it/parola/pianto
4654,Alto Uso,pianura,,s.f.,,,,,,,,http://dizionario.internazionale.it/parola/pianura
4655,Alta Disponibilità,piastra,,s.f.,,,,,,,,http://dizionario.internazionale.it/parola/piastra
4656,Alto Uso,piattaforma,,s.f.,,,,,,,,http://dizionario.internazionale.it/parola/piattaforma
4657,Fondamentale,piatto,,"agg., s.m.",,,,,,,,http://dizionario.internazionale.it/parola/piatto
4658,Fondamentale,piazza,,s.f.,,,,,,,,http://dizionario.internazionale.it/parola/piazza
4659,Alto Uso,piazzale,,s.m.,,,,,,,,http://dizionario.internazionale.it/parola/piazzale
4660,Alto Uso,piazzare,,v.tr.,,,,,,,,http://dizionario.internazionale.it/parola/piazzare
4661,Alta Disponibilità,piccante,,agg.,,,,,,,,http://dizionario.internazionale.it/parola/piccante
4662,Alto Uso,picchiare,1,v.tr. e intr.,,,,,,,,http://dizionario.internazionale.it/parola/picchiare
4663,Alta Disponibilità,piccino,,"agg., s.m.",,,,,,,,http://dizionario.internazionale.it/parola/piccino
4664,Alta Disponibilità,piccione,,s.m.,,,,,,,,http://dizionario.internazionale.it/parola/piccione
4665,Alto Uso,picco,1,s.m.,,,,,,,,http://dizionario.internazionale.it/parola/picco
4666,Fondamentale,piccolo,,"agg., s.m.",,,,,,,,http://dizionario.internazionale.it/parola/piccolo
4667,Alta Disponibilità,piccone,,s.m.,,,,,,,,http://dizionario.internazionale.it/parola/piccone
4668,Alta Disponibilità,picnic,,s.m.inv.,,,,,,,,http://dizionario.internazionale.it/parola/picnic
4669,Alta Disponibilità,pidocchio,,s.m.,,,,,,,,http://dizionario.internazionale.it/parola/pidocchio
4670,Fondamentale,piede,,s.m.,,,,,,,,http://dizionario.internazionale.it/parola/piede
4671,Alto Uso,piega,,s.f.,,,,,,,,http://dizionario.internazionale.it/parola/piega
4672,Alto Uso,piegare,,v.tr. e intr.,,,,,,,,http://dizionario.internazionale.it/parola/piegare
4673,Alta Disponibilità,pieghevole,,"agg., s.m.",,,,,,,,http://dizionario.internazionale.it/parola/pieghevole
4674,Alto Uso,piemontese,,"agg., s.m. e f.",,,Demonym,,,,,http://dizionario.internazionale.it/parola/piemontese
4675,Alta Disponibilità,piena,,s.f.,,,,,,,,http://dizionario.internazionale.it/parola/piena
4676,Alto Uso,pienamente,,avv.,,pieno,,,,,,http://dizionario.internazionale.it/parola/pienamente
4677,Fondamentale,pieno,1,"agg., s.m.",,,,,,,,http://dizionario.internazionale.it/parola/pieno
4678,Alto Uso,pietà,,s.f.inv.,,,,,,,,http://dizionario.internazionale.it/parola/pieta
4679,Fondamentale,pietra,,s.f.,,,,,,,,http://dizionario.internazionale.it/parola/pietra
4680,Alta Disponibilità,pigiama,,s.m.,,,,,,,,http://dizionario.internazionale.it/parola/pigiama
4681,Alta Disponibilità,pigione,,s.f.,,,,,,,,http://dizionario.internazionale.it/parola/pigione
4682,Alto Uso,pigliare,,v.tr. e intr.,,,,,,,,http://dizionario.internazionale.it/parola/pigliare
4683,Alta Disponibilità,pigna,,s.f.,,,,,,,,http://dizionario.internazionale.it/parola/pigna
4684,Alta Disponibilità,pigrizia,,s.f.,,,,,,,,http://dizionario.internazionale.it/parola/pigrizia
4685,Alta Disponibilità,pigro,,"agg., s.m.",,,,,,,,http://dizionario.internazionale.it/parola/pigro
4686,Alto Uso,pila,1,s.f.,,,,,,,,http://dizionario.internazionale.it/parola/pila
4687,Alto Uso,pillola,,s.f.,,,,,,,,http://dizionario.internazionale.it/parola/pillola
4688,Alto Uso,pilota,,s.m.,,,,,,,,http://dizionario.internazionale.it/parola/pilota
4689,Alta Disponibilità,pineta,,s.f.,,,,,,,,http://dizionario.internazionale.it/parola/pineta
4690,Alta Disponibilità,ping-pong,,s.m.inv.,,,,,,,,http://dizionario.internazionale.it/parola/ping-pong
4691,Alta Disponibilità,pinguino,,s.m.,,,,,,,,http://dizionario.internazionale.it/parola/pinguino
4692,Alta Disponibilità,pinna,,s.f.,,,,,,,,http://dizionario.internazionale.it/parola/pinna
4693,Alta Disponibilità,pinolo,1,s.m.,,,,,,,,http://dizionario.internazionale.it/parola/pinolo
4694,Alta Disponibilità,pinza,1,s.f.,,,,,,,,http://dizionario.internazionale.it/parola/pinza
4695,Alta Disponibilità,pinzetta,,s.f.,,,,,,,,http://dizionario.internazionale.it/parola/pinzetta
4696,Fondamentale,pioggia,,s.f.,,,,,,,,http://dizionario.internazionale.it/parola/pioggia
4697,Alto Uso,piombo,,"s.m., agg.inv., s.m.inv.",,,,,,,,http://dizionario.internazionale.it/parola/piombo
4698,Alta Disponibilità,pioppo,1,s.m.,,,,,,,,http://dizionario.internazionale.it/parola/pioppo
4699,Alto Uso,piovere,,"v.intr., v.tr.",,,,,Irr PP: piovuto,,,http://dizionario.internazionale.it/parola/piovere
4700,Alta Disponibilità,piovoso,,"agg., s.m.",,,,,,,,http://dizionario.internazionale.it/parola/piovoso
4701,Alta Disponibilità,pipì,1,"s.f.inv., s.m.inv.",,,,,,,,http://dizionario.internazionale.it/parola/pipi
4702,Alta Disponibilità,pipistrello,,s.m.,,,,,,,,http://dizionario.internazionale.it/parola/pipistrello
4703,Alto Uso,pirata,,s.m.,,,,,,,,http://dizionario.internazionale.it/parola/pirata
4704,Alto Uso,piscina,,s.f.,,,,,,,,http://dizionario.internazionale.it/parola/piscina
4705,Alta Disponibilità,pisello,,"s.m., s.m.inv., agg.inv.",,,,,,,,http://dizionario.internazionale.it/parola/pisello
4706,Alta Disponibilità,pisolino,,s.m.,,,,,,,,http://dizionario.internazionale.it/parola/pisolino
4707,Alto Uso,pista,,s.f.,,,,,,,,http://dizionario.internazionale.it/parola/pista
4708,Alta Disponibilità,pistacchio,,"s.m., s.m.inv., agg.inv.",,,,,,,,http://dizionario.internazionale.it/parola/pistacchio
4709,Fondamentale,pistola,1,"s.f., s.m.inv.",,,,,,,,http://dizionario.internazionale.it/parola/pistola
4710,Alta Disponibilità,pittare,1,v.tr.,,,,,,,,http://dizionario.internazionale.it/parola/pittare
4711,Alto Uso,pittore,,"s.m., agg.",,,,,,,,http://dizionario.internazionale.it/parola/pittore
4712,Alto Uso,pittura,,s.f.,,,,,,,,http://dizionario.internazionale.it/parola/pittura
4713,Alta Disponibilità,pitturare,,v.tr.,,,,,,,,http://dizionario.internazionale.it/parola/pitturare
4714,Fondamentale,più,,"avv., agg.compar.inv., prep., s.m.inv.",,,,,,,,http://dizionario.internazionale.it/parola/più
4715,Alta Disponibilità,piuma,,"s.f., s.m.inv.",,,,,,,,http://dizionario.internazionale.it/parola/piuma
4716,Alta Disponibilità,piumino,,s.m.,,,,,,,,http://dizionario.internazionale.it/parola/piumino
4717,Fondamentale,piuttosto,,avv.,,,,,,,,http://dizionario.internazionale.it/parola/piuttosto
4718,Alto Uso,pizza,,s.f.,,,,,,,,http://dizionario.internazionale.it/parola/pizza
4719,Alta Disponibilità,pizzeria,,s.f.,,,,,,,,http://dizionario.internazionale.it/parola/pizzeria
4720,Alta Disponibilità,pizzetta,1,s.f.,,,,,,,,http://dizionario.internazionale.it/parola/pizzetta
4721,Alta Disponibilità,pizzicare,,v.tr. e intr.,,,,,,,,http://dizionario.internazionale.it/parola/pizzicare
4722,Alta Disponibilità,pizzo,,s.m.,,,,,,,,http://dizionario.internazionale.it/parola/pizzo
4723,Alta Disponibilità,plaid,,s.m.inv.,,,,,,,,http://dizionario.internazionale.it/parola/plaid
4724,Alto Uso,plastica,1,s.f.,,,,,,,,http://dizionario.internazionale.it/parola/plastica
4725,Alto Uso,plastico,1,"agg., s.m.",,,,,,,,http://dizionario.internazionale.it/parola/plastico
4726,Alta Disponibilità,platano,,s.m.,,,,,,,,http://dizionario.internazionale.it/parola/platano
4727,Alta Disponibilità,platino,,"s.m., s.m.inv., agg.inv.",,,,,,,,http://dizionario.internazionale.it/parola/platino
4728,Alta Disponibilità,plurale,,"s.m., agg.",,,,,,,,http://dizionario.internazionale.it/parola/plurale
4729,Alta Disponibilità,pneumatico,1,s.m.,,,,,,,,http://dizionario.internazionale.it/parola/pneumatico
4730,Alto Uso,pochino,,s.m.,,,,,,,,http://dizionario.internazionale.it/parola/pochino
4731,Fondamentale,poco,,"agg.indef., pron. indef., s.m., avv.",,,,,,,,http://dizionario.internazionale.it/parola/poco
4732,Alta Disponibilità,podere,1,s.m.,,,,,,,,http://dizionario.internazionale.it/parola/podere
4733,Alto Uso,poema,,s.m.,,,,,,,,http://dizionario.internazionale.it/parola/poema
4734,Fondamentale,poesia,,s.f.,,,,,,,,http://dizionario.internazionale.it/parola/poesia
4735,Fondamentale,poeta,,s.m.,,,,,,,,http://dizionario.internazionale.it/parola/poeta
4736,Alto Uso,poetico,,"agg., s.m.",,,,,,,,http://dizionario.internazionale.it/parola/poetico
4737,Alta Disponibilità,poggiapiedi,,s.m.inv.,,,,,,,,http://dizionario.internazionale.it/parola/poggiapiedi
4738,Alta Disponibilità,poggiare,1,v.tr. e intr.,,,,,,,,http://dizionario.internazionale.it/parola/poggiare
4739,Fondamentale,poi,,avv.,,,,,,,,http://dizionario.internazionale.it/parola/poi
4740,Fondamentale,poiché,,cong.,,,,,,,,http://dizionario.internazionale.it/parola/poiche
4741,Alto Uso,poker,,s.m.inv.,,,,,,,,http://dizionario.internazionale.it/parola/poker
4742,Alto Uso,polacco,,"agg., s.m.",,,Demonym,,,,,http://dizionario.internazionale.it/parola/polacco
4743,Alto Uso,polemica,,s.f.,,,,,,,,http://dizionario.internazionale.it/parola/polemica
4744,Alta Disponibilità,polenta,,s.f.,,,,,,,,http://dizionario.internazionale.it/parola/polenta
4745,Alta Disponibilità,polipo,,s.m.,,,,,,,,http://dizionario.internazionale.it/parola/polipo
4746,Fondamentale,politica,1,s.f.,,,,,,,,http://dizionario.internazionale.it/parola/politica
4747,Fondamentale,politico,1,"agg., s.m.",,,,,,,,http://dizionario.internazionale.it/parola/politico
4748,Fondamentale,polizia,1,s.f.,,,,,,,,http://dizionario.internazionale.it/parola/polizia
4749,Fondamentale,poliziotto,,s.m.,,,,,,,,http://dizionario.internazionale.it/parola/poliziotto
4750,Alta Disponibilità,pollaio,,s.m.,,,,,,,,http://dizionario.internazionale.it/parola/pollaio
4751,Alta Disponibilità,pollame,,s.m.,,,,,,,,http://dizionario.internazionale.it/parola/pollame
4752,Alto Uso,pollice,,s.m.,,,,,,,,http://dizionario.internazionale.it/parola/pollice
4753,Alta Disponibilità,pollo,,s.m.,,,,,,,,http://dizionario.internazionale.it/parola/pollo
4754,Alto Uso,polmone,,s.m.,,,,,,,,http://dizionario.internazionale.it/parola/polmone
4755,Alto Uso,polo,1,s.m.,,,,,,,,http://dizionario.internazionale.it/parola/polo
4756,Alta Disponibilità,polpa,,s.f.,,,,,,,,http://dizionario.internazionale.it/parola/polpa
4757,Alta Disponibilità,polpastrello,,s.m.,,,,,,,,http://dizionario.internazionale.it/parola/polpastrello
4758,Alta Disponibilità,polpetta,,s.f.,,,,,,,,http://dizionario.internazionale.it/parola/polpetta
4759,Alta Disponibilità,polpo,,s.m.,,,,,,,,http://dizionario.internazionale.it/parola/polpo
4760,Alta Disponibilità,polsino,,s.m.,,,,,,,,http://dizionario.internazionale.it/parola/polsino
4761,Alto Uso,polso,,s.m.,,,,,,,,http://dizionario.internazionale.it/parola/polso
4762,Alto Uso,poltrona,1,s.f.,,,,,,,,http://dizionario.internazionale.it/parola/poltrona
4763,Fondamentale,polvere,,s.f.,,,,,,,,http://dizionario.internazionale.it/parola/polvere
4764,Alta Disponibilità,polverina,,s.f.,,,,,,,,http://dizionario.internazionale.it/parola/polverina
4765,Alta Disponibilità,polveroso,,agg.,,,,,,,,http://dizionario.internazionale.it/parola/polveroso
4766,Alta Disponibilità,pomata,,s.f.,,,,,,,,http://dizionario.internazionale.it/parola/pomata
4767,Alta Disponibilità,pomello,,s.m.,,,,,,,,http://dizionario.internazionale.it/parola/pomello
4768,Fondamentale,pomeriggio,,s.m.,,,,,,,,http://dizionario.internazionale.it/parola/pomeriggio
4769,Alto Uso,pomodoro,,s.m.,,,,,,,,http://dizionario.internazionale.it/parola/pomodoro
4770,Alto Uso,pompa,1,s.f.,,,,,,,,http://dizionario.internazionale.it/parola/pompa
4771,Alta Disponibilità,pompelmo,,s.m.,,,,,,,,http://dizionario.internazionale.it/parola/pompelmo
4772,Alta Disponibilità,pompiere,1,s.m.,,,,,,,,http://dizionario.internazionale.it/parola/pompiere
4773,Fondamentale,ponte,,s.m.,,,,,,,,http://dizionario.internazionale.it/parola/ponte
4774,Alta Disponibilità,pony,1,s.m.inv.,,,,,,,,http://dizionario.internazionale.it/parola/pony
4775,Alto Uso,pop,,"agg. inv., s.m.inv.",,,,,,,,http://dizionario.internazionale.it/parola/pop
4776,Fondamentale,popolare,1,"agg., s.m.",,,,,,,,http://dizionario.internazionale.it/parola/popolare
4777,Alto Uso,popolare,2,v.tr.,,,,,,,,http://dizionario.internazionale.it/parola/popolare_2
4778,Alta Disponibilità,popolarità,,s.f.inv.,,,,,,,,http://dizionario.internazionale.it/parola/popolarita
4779,Fondamentale,popolazione,,s.f.,,,,,,,,http://dizionario.internazionale.it/parola/popolazione
4780,Fondamentale,popolo,1,s.m.,,,,,,,,http://dizionario.internazionale.it/parola/popolo
4781,Alta Disponibilità,porcellana,1,s.f.,,,,,,,,http://dizionario.internazionale.it/parola/porcellana
4782,Alta Disponibilità,porcheria,,s.f.,,,,,,,,http://dizionario.internazionale.it/parola/porcheria
4783,Alto Uso,porco,,"s.m., agg.",,,,,,,,http://dizionario.internazionale.it/parola/porco
4784,Alto Uso,porgere,,v.tr. e intr.,,,,,Irr PP: porto,,,http://dizionario.internazionale.it/parola/porgere
4785,Alto Uso,porno,,"agg.inv., s.m.inv.",,,,,,,,http://dizionario.internazionale.it/parola/porno
4786,Fondamentale,porre,,v.tr. e intr.,,-porre,,-rre verb,Irr PP: posto,,,http://dizionario.internazionale.it/parola/porre
4787,Fondamentale,porta,1,s.f.,,,,,,,,http://dizionario.internazionale.it/parola/porta
4788,Alta Disponibilità,portabagagli,,"s.m.inv., agg.inv.",,,,,,,,http://dizionario.internazionale.it/parola/portabagagli
4789,Alta Disponibilità,portacenere,,s.m.inv.,,,,,,,,http://dizionario.internazionale.it/parola/portacenere
4790,Alta Disponibilità,portachiavi,,s.m.inv.,,,,,,,,http://dizionario.internazionale.it/parola/portachiavi
4791,Alta Disponibilità,portacipria,,s.m.inv.,,,,,,,,http://dizionario.internazionale.it/parola/portacipria
4792,Alta Disponibilità,portaerei,,s.f.inv.,,,,,,,,http://dizionario.internazionale.it/parola/portaerei
4793,Alta Disponibilità,portafinestra,,s.f.,,,,,,,,http://dizionario.internazionale.it/parola/portafinestra
4794,Alto Uso,portafoglio,,s.m.,,,,,,,,http://dizionario.internazionale.it/parola/portafoglio
4795,Alta Disponibilità,portafortuna,,s.m.inv.,,,,,,,,http://dizionario.internazionale.it/parola/portafortuna
4796,Alto Uso,portale,1,s.m.,,,,,,,,http://dizionario.internazionale.it/parola/portale
4797,Alta Disponibilità,portamonete,,s.m.inv.,,,,,,,,http://dizionario.internazionale.it/parola/portamonete
4798,Alta Disponibilità,portaombrelli,,s.m.inv.,,,,,,,,http://dizionario.internazionale.it/parola/portaombrelli
4799,Fondamentale,portare,,v.tr. e intr.,,,,,,,,http://dizionario.internazionale.it/parola/portare
4800,Alto Uso,portata,,s.f.,,,,,,,,http://dizionario.internazionale.it/parola/portata
4801,Alto Uso,portatore,,"agg., s.m.",,,,,,,,http://dizionario.internazionale.it/parola/portatore
4802,Alto Uso,portiere,,s.m.,,,,,,,,http://dizionario.internazionale.it/parola/portiere
4803,Alta Disponibilità,portineria,,s.f.,,,,,,,,http://dizionario.internazionale.it/parola/portineria
4804,Fondamentale,porto,1,s.m.,,,,,,,,http://dizionario.internazionale.it/parola/porto
4805,Alto Uso,portoghese,,"agg., s.m. e f.",,,Demonym,,,,,http://dizionario.internazionale.it/parola/portoghese
4806,Alto Uso,portone,,s.m.,,,,,,,,http://dizionario.internazionale.it/parola/portone
4807,Alto Uso,porzione,,s.f.,,,,,,,,http://dizionario.internazionale.it/parola/porzione
4808,Alto Uso,posa,,s.f.,,,,,,,,http://dizionario.internazionale.it/parola/posa
4809,Alta Disponibilità,posacenere,,s.m.inv.,,,,,,,,http://dizionario.internazionale.it/parola/posacenere
4810,Alto Uso,posare,,v.tr. e intr.,,,,,,,,http://dizionario.internazionale.it/parola/posare
4811,Alta Disponibilità,posata,1,s.f.,,,,,,,,http://dizionario.internazionale.it/parola/posata
4812,Fondamentale,positivo,,"agg., s.m., avv.",,,,,,,,http://dizionario.internazionale.it/parola/positivo
4813,Alto Uso,posizionare,,v.tr.,,,,,,,,http://dizionario.internazionale.it/parola/posizionare
4814,Fondamentale,posizione,,s.f.,,,,,,,,http://dizionario.internazionale.it/parola/posizione
4815,Fondamentale,possedere,,v.tr.,,,,,,,,http://dizionario.internazionale.it/parola/possedere
4816,Alto Uso,possesso,1,s.m.,,,,,,,,http://dizionario.internazionale.it/parola/possesso
4817,Fondamentale,possibile,,"agg., s.m.",,,,,,,,http://dizionario.internazionale.it/parola/possibile
4818,Fondamentale,possibilità,,s.f.inv.,,,,,,,,http://dizionario.internazionale.it/parola/possibilita
4819,Alto Uso,post,2,s.m.inv.,,,,,,,,http://dizionario.internazionale.it/parola/post_2
4820,Fondamentale,posta,1,s.f.,,,,,,,,http://dizionario.internazionale.it/parola/posta
4821,Alto Uso,postale,,agg.,,,,,,,,http://dizionario.internazionale.it/parola/postale
4822,Alto Uso,postare,2,v.tr.,,,,,,,,http://dizionario.internazionale.it/parola/postare_2
4823,Alta Disponibilità,posteggiatore,,s.m.,,,,,,,,http://dizionario.internazionale.it/parola/posteggiatore
4824,Alto Uso,posteriore,,"agg., s.m.",,,,,,,,http://dizionario.internazionale.it/parola/posteriore
4825,Alta Disponibilità,postino,,"s.m., agg.",,,,,,,,http://dizionario.internazionale.it/parola/postino
4826,Fondamentale,posto,1,s.m.,,,,,,,,http://dizionario.internazionale.it/parola/posto
4827,Alta Disponibilità,potare,1,v.tr.,,,,,,,,http://dizionario.internazionale.it/parola/potare
4828,Fondamentale,potente,,"p.pres., agg., s.m.",,potere,,,,,,http://dizionario.internazionale.it/parola/potente
4829,Alta Disponibilità,potentino,,"agg., s.m.",,,,,,,,http://dizionario.internazionale.it/parola/potentino
4830,Alto Uso,potenza,,s.f.,,,,,,,,http://dizionario.internazionale.it/parola/potenza
4831,Alto Uso,potenziale,,"agg., s.m.",,,,,,,,http://dizionario.internazionale.it/parola/potenziale
4832,Fondamentale,potere,1,v.tr. e intr.,,,,,,,,http://dizionario.internazionale.it/parola/potere
4833,Fondamentale,potere,2,s.m.,,,,,,,,http://dizionario.internazionale.it/parola/potere_2
4834,Fondamentale,povero,,agg.,,,,,,,,http://dizionario.internazionale.it/parola/povero
4835,Alto Uso,povertà,,s.f.inv.,,,,,,,,http://dizionario.internazionale.it/parola/poverta
4836,Alta Disponibilità,pozzanghera,,s.f.,,,,,,,,http://dizionario.internazionale.it/parola/pozzanghera
4837,Alto Uso,pozzo,,s.m.,,,,,,,,http://dizionario.internazionale.it/parola/pozzo
4838,Alta Disponibilità,praghese,,"agg., s.m. e f.",,,Demonym,,,,,http://dizionario.internazionale.it/parola/praghese
4839,Fondamentale,pranzo,,s.m.,,,,,,,,http://dizionario.internazionale.it/parola/pranzo
4840,Alto Uso,prassi,,s.f.inv.,,,,,,,,http://dizionario.internazionale.it/parola/prassi
4841,Fondamentale,pratica,,s.f.,,,,,,,,http://dizionario.internazionale.it/parola/pratica
4842,Fondamentale,praticamente,,avv.,,pratico,,,,,,http://dizionario.internazionale.it/parola/praticamente
4843,Alto Uso,praticare,,v.tr. e intr.,,,,,,,,http://dizionario.internazionale.it/parola/praticare
4844,Fondamentale,pratico,,agg.,,,,,,,,http://dizionario.internazionale.it/parola/pratico
4845,Alto Uso,prato,,s.m.,,,,,,,,http://dizionario.internazionale.it/parola/prato
4846,Alto Uso,precario,2,agg.,,,,,,,,http://dizionario.internazionale.it/parola/precario_2
4847,Fondamentale,precedente,,"p.pres., agg., s.m.",,precedere,,,,,,http://dizionario.internazionale.it/parola/precedente
4848,Alto Uso,precedentemente,,avv.,,precedente,,,,,,http://dizionario.internazionale.it/parola/precedentemente
4849,Alto Uso,precedenza,,s.f.,,,,,,,,http://dizionario.internazionale.it/parola/precedenza
4850,Alto Uso,precedere,,v.tr.,,,,,,,,http://dizionario.internazionale.it/parola/precedere
4851,Alto Uso,precipitare,,v.intr. e tr.,,,,,,,,http://dizionario.internazionale.it/parola/precipitare
4852,Alto Uso,precisamente,,avv.,,preciso,,,,,,http://dizionario.internazionale.it/parola/precisamente
4853,Fondamentale,precisare,,v.tr.,,,,,,,,http://dizionario.internazionale.it/parola/precisare
4854,Alto Uso,precisione,,s.f.,,,,,,,,http://dizionario.internazionale.it/parola/precisione
4855,Fondamentale,preciso,1,"agg., avv.",,,,,,,,http://dizionario.internazionale.it/parola/preciso
4856,Alto Uso,preda,,s.f.,,,,,,,,http://dizionario.internazionale.it/parola/preda
4857,Alto Uso,predisporre,,v.tr.,,-porre,,-rre verb,Irr PP: predisposto,,,http://dizionario.internazionale.it/parola/predisporre
4858,Alto Uso,preferenza,,s.f.,,,,,,,,http://dizionario.internazionale.it/parola/preferenza
4859,Fondamentale,preferire,,v.tr.,,,,"finire ""isc"" conjugation",,,,http://dizionario.internazionale.it/parola/preferire
4860,Alto Uso,preferito,,"p.pass., agg., s.m.",,,,,,,,http://dizionario.internazionale.it/parola/preferito
4861,Fondamentale,pregare,,v.tr.,,,,,,,,http://dizionario.internazionale.it/parola/pregare
4862,Alto Uso,preghiera,,s.f.,,,,,,,,http://dizionario.internazionale.it/parola/preghiera
4863,Alta Disponibilità,pregiato,,"p.pass., agg.",,pregiare,,,,,,http://dizionario.internazionale.it/parola/pregiato
4864,Alto Uso,pregio,,s.m.,,,,,,,,http://dizionario.internazionale.it/parola/pregio
4865,Alto Uso,pregiudizio,,s.m.,,,,,,,,http://dizionario.internazionale.it/parola/pregiudizio
4866,Fondamentale,prego,2,inter.,,,,,,,,http://dizionario.internazionale.it/parola/prego_2
4867,Alto Uso,prelevare,,v.tr.,,,,,,,,http://dizionario.internazionale.it/parola/prelevare
4868,Alto Uso,preliminare,,"agg., s.m.",,,,,,,,http://dizionario.internazionale.it/parola/preliminare
4869,Alta Disponibilità,prémaman,,agg.inv.,,,,,,,,http://dizionario.internazionale.it/parola/premaman
4870,Alto Uso,premere,,v.tr. e intr.,,,,,,,,http://dizionario.internazionale.it/parola/premere
4871,Alto Uso,premessa,,s.f.,,,,,,,,http://dizionario.internazionale.it/parola/premessa
4872,Alto Uso,premiare,,v.tr.,,,,,,,,http://dizionario.internazionale.it/parola/premiare
4873,Alto Uso,premier,,s.m. e f.inv.,,,,,,,,http://dizionario.internazionale.it/parola/premier
4874,Fondamentale,premio,,"s.m., agg.inv.",,,,,,,,http://dizionario.internazionale.it/parola/premio
4875,Fondamentale,prendere,,v.tr. e intr.,,,,,Irr PP: preso,,,http://dizionario.internazionale.it/parola/prendere
4876,Alto Uso,prenotare,,v.tr.,,,,,,,,http://dizionario.internazionale.it/parola/prenotare
4877,Alta Disponibilità,prenotazione,,s.f.,,,,,,,,http://dizionario.internazionale.it/parola/prenotazione
4878,Fondamentale,preoccupare,,v.tr.,,,,,,,di,http://dizionario.internazionale.it/parola/preoccupare
4879,Alto Uso,preoccupato,,"p.pass., agg.",,preoccupare,,,,,,http://dizionario.internazionale.it/parola/preoccupato
4880,Alto Uso,preoccupazione,,s.f.,,,,,,,,http://dizionario.internazionale.it/parola/preoccupazione
4881,Fondamentale,preparare,,v.tr.,,,,,,,a,http://dizionario.internazionale.it/parola/preparare
4882,Alto Uso,preparazione,,s.f.,,,,,,,,http://dizionario.internazionale.it/parola/preparazione
4883,Alta Disponibilità,prepotente,,"agg., s.m. e f.",,,,,,,,http://dizionario.internazionale.it/parola/prepotente
4884,Fondamentale,presa,,s.f.,,,,,,,,http://dizionario.internazionale.it/parola/presa
4885,Alto Uso,prescindere,,v.intr.,,,,,Irr PP: prescisso,,,http://dizionario.internazionale.it/parola/prescindere
4886,Alto Uso,prescrivere,,v.tr.,,,,,Irr PP: prescritto,,,http://dizionario.internazionale.it/parola/prescrivere
4887,Alto Uso,prescrizione,,s.f.,,,,,,,,http://dizionario.internazionale.it/parola/prescrizione
4888,Fondamentale,presentare,,v.tr.,,,,,,,,http://dizionario.internazionale.it/parola/presentare
4889,Alto Uso,presentazione,,s.f.,,,,,,,,http://dizionario.internazionale.it/parola/presentazione
4890,Fondamentale,presente,,"agg., s.m., avv.",,,,,,,,http://dizionario.internazionale.it/parola/presente
4891,Fondamentale,presenza,,s.f.,,,,,,,,http://dizionario.internazionale.it/parola/presenza
4892,Alto Uso,presepe,,s.m.,,,,,,,,http://dizionario.internazionale.it/parola/presepe
4893,Alta Disponibilità,preside,,s.m. e f.,,,,,,,,http://dizionario.internazionale.it/parola/preside
4894,Fondamentale,presidente,,"s.m. e f., agg.",,,,,,,,http://dizionario.internazionale.it/parola/presidente
4895,Alto Uso,presidenza,,s.f.,,,,,,,,http://dizionario.internazionale.it/parola/presidenza
4896,Fondamentale,pressione,,s.f.,,,,,,,,http://dizionario.internazionale.it/parola/pressione
4897,Fondamentale,presso,1,"avv., prep., s.m., agg.",,,,,,,,http://dizionario.internazionale.it/parola/presso
4898,Fondamentale,prestare,,v.tr.,,,,,,,,http://dizionario.internazionale.it/parola/prestare
4899,Alto Uso,prestazione,,s.f.,,,,,,,,http://dizionario.internazionale.it/parola/prestazione
4900,Alto Uso,prestigio,,s.m.,,,,,,,,http://dizionario.internazionale.it/parola/prestigio
4901,Alto Uso,prestigioso,,agg.,,,,,,,,http://dizionario.internazionale.it/parola/prestigioso
4902,Alto Uso,prestito,,s.m.,,,,,,,,http://dizionario.internazionale.it/parola/prestito
4903,Fondamentale,presto,4,"avv., inter., agg.",,,,,,,,http://dizionario.internazionale.it/parola/presto_4
4904,Alto Uso,presumere,,v.tr.,,,,,Irr PP: presunto,,,http://dizionario.internazionale.it/parola/presumere
4905,Alto Uso,presunto,,"p.pass., agg.",,,,,,,,http://dizionario.internazionale.it/parola/presunto
4906,Alto Uso,presupposto,,"p.pass., agg., s.m.",,presupporre,,,,,,http://dizionario.internazionale.it/parola/presupposto
4907,Fondamentale,prete,,s.m.,,,,,,,,http://dizionario.internazionale.it/parola/prete
4908,Fondamentale,pretendere,1,v.tr. e intr.,,,,,Irr PP: preteso,,,http://dizionario.internazionale.it/parola/pretendere
4909,Alto Uso,pretesa,,s.f.,,,,,,,,http://dizionario.internazionale.it/parola/pretesa
4910,Alto Uso,pretesto,,s.m.,,,,,,,,http://dizionario.internazionale.it/parola/pretesto
4911,Alto Uso,prevalentemente,,avv.,,prevalente,,,,,,http://dizionario.internazionale.it/parola/prevalentemente
4912,Alto Uso,prevalere,,v.intr.,,,,,,,,http://dizionario.internazionale.it/parola/prevalere
4913,Fondamentale,prevedere,,v.tr.,,,,,Irr PP: previsto,,,http://dizionario.internazionale.it/parola/prevedere
4914,Alto Uso,prevedibile,,agg.,,,,,,,,http://dizionario.internazionale.it/parola/prevedibile
4915,Alto Uso,prevenire,,v.tr.,,,,,Irr PP: prevenuto,,,http://dizionario.internazionale.it/parola/prevenire
4916,Alto Uso,preventivo,,"agg., s.m.",,,,,,,,http://dizionario.internazionale.it/parola/preventivo
4917,Alto Uso,prevenzione,,s.f.,,,,,,,,http://dizionario.internazionale.it/parola/prevenzione
4918,Alta Disponibilità,previdenza,,s.f.,,,,,,,,http://dizionario.internazionale.it/parola/previdenza
4919,Alto Uso,previsione,,s.f.,,,,,,,,http://dizionario.internazionale.it/parola/previsione
4920,Fondamentale,previsto,,"p.pass., agg., s.m.",,,,,,,,http://dizionario.internazionale.it/parola/previsto
4921,Fondamentale,prezioso,,"agg., s.m.",,,,,,,,http://dizionario.internazionale.it/parola/prezioso
4922,Alta Disponibilità,prezzemolo,,s.m.,,,,,,,,http://dizionario.internazionale.it/parola/prezzemolo
4923,Fondamentale,prezzo,,s.m.,,,,,,,,http://dizionario.internazionale.it/parola/prezzo
4924,Alto Uso,prigione,1,s.f.,,,,,,,,http://dizionario.internazionale.it/parola/prigione
4925,Alto Uso,prigioniero,,"agg., s.m.",,,,,,,,http://dizionario.internazionale.it/parola/prigioniero
4926,Fondamentale,prima,1,"avv., agg.inv., s.m.inv.",,,,,,,,http://dizionario.internazionale.it/parola/prima
4927,Fondamentale,prima,2,s.f.,,,,,,,,http://dizionario.internazionale.it/parola/prima_2
4928,Alto Uso,primario,,"agg., s.m.",,,,,,,,http://dizionario.internazionale.it/parola/primario
4929,Fondamentale,primavera,,"s.f., s.m.inv.",,,,,,,,http://dizionario.internazionale.it/parola/primavera
4930,Alta Disponibilità,primizia,,s.f.,,,,,,,,http://dizionario.internazionale.it/parola/primizia
4931,Fondamentale,primo,,"agg.num.ord., s.m., avv.",,,Numbers,,,,,http://dizionario.internazionale.it/parola/primo
4932,Alta Disponibilità,primula,,s.f.,,,,,,,,http://dizionario.internazionale.it/parola/primula
4933,Fondamentale,principale,,"agg., s.m. e f.",,,,,,,,http://dizionario.internazionale.it/parola/principale
4934,Alto Uso,principalmente,,avv.,,principale,,,,,,http://dizionario.internazionale.it/parola/principalmente
4935,Fondamentale,principe,,"s.m., agg.",,,,,,,,http://dizionario.internazionale.it/parola/principe
4936,Alto Uso,principessa,,s.f.,,,,,,,,http://dizionario.internazionale.it/parola/principessa
4937,Fondamentale,principio,,s.m.,,,,,,,,http://dizionario.internazionale.it/parola/principio
4938,Alto Uso,priorità,,s.f.inv.,,,,,,,,http://dizionario.internazionale.it/parola/priorita
4939,Alto Uso,privacy,,s.f.inv.,,,,,,,,http://dizionario.internazionale.it/parola/privacy
4940,Alto Uso,privare,1,v.tr.,,,,,,,,http://dizionario.internazionale.it/parola/privare
4941,Fondamentale,privato,1,"agg., s.m.",,,,,,,,http://dizionario.internazionale.it/parola/privato
4942,Alto Uso,privilegio,,s.m.,,,,,,,,http://dizionario.internazionale.it/parola/privilegio
4943,Alto Uso,privo,,agg.,,,,,,,,http://dizionario.internazionale.it/parola/privo
4944,Alto Uso,pro,2,"prep., s.m.inv., lat.",,,,,,,,http://dizionario.internazionale.it/parola/pro_2
4945,Alto Uso,probabile,,agg.,,,,,,,,http://dizionario.internazionale.it/parola/probabile
4946,Alto Uso,probabilità,,s.f.inv.,,,,,,,,http://dizionario.internazionale.it/parola/probabilita
4947,Fondamentale,probabilmente,,avv.,,probabile,,,,,,http://dizionario.internazionale.it/parola/probabilmente
4948,Fondamentale,problema,,s.m.,,,,,,,,http://dizionario.internazionale.it/parola/problema
4949,Alto Uso,problematico,,agg.,,,,,,,,http://dizionario.internazionale.it/parola/problematico
4950,Fondamentale,procedere,,v.intr.,,,,,,,,http://dizionario.internazionale.it/parola/procedere
4951,Alto Uso,procedimento,,s.m.,,,,,,,,http://dizionario.internazionale.it/parola/procedimento
4952,Fondamentale,procedura,,s.f.,,,,,,,,http://dizionario.internazionale.it/parola/procedura
4953,Fondamentale,processo,,s.m.,,,,,,,,http://dizionario.internazionale.it/parola/processo
4954,Alto Uso,proclamare,,v.tr.,,,,,,,,http://dizionario.internazionale.it/parola/proclamare
4955,Alto Uso,procura,,s.f.,,,,,,,,http://dizionario.internazionale.it/parola/procura
4956,Alto Uso,procurare,,"v.tr., v.intr.",,,,,,,,http://dizionario.internazionale.it/parola/procurare
4957,Alto Uso,procuratore,,s.m.,,,,,,,,http://dizionario.internazionale.it/parola/procuratore
4958,Fondamentale,prodotto,,"p.pass., agg., s.m.",,,,,,,,http://dizionario.internazionale.it/parola/prodotto
4959,Fondamentale,produrre,,v.tr.,,-durre,,-rre verb,Irr PP: prodotto,,,http://dizionario.internazionale.it/parola/produrre
4960,Alto Uso,produttivo,,agg.,,,,,,,,http://dizionario.internazionale.it/parola/produttivo
4961,Alto Uso,produttore,,"agg., s.m.",,,,,,,,http://dizionario.internazionale.it/parola/produttore
4962,Fondamentale,produzione,,s.f.,,,,,,,,http://dizionario.internazionale.it/parola/produzione
4963,Alto Uso,prof,1,s.m. e f.inv.,,,,,,,,http://dizionario.internazionale.it/parola/prof
4964,Fondamentale,professionale,,agg.,,,,,,,,http://dizionario.internazionale.it/parola/professionale
4965,Alto Uso,professione,,s.f.,,,,,,,,http://dizionario.internazionale.it/parola/professione
4966,Alto Uso,professionista,,s.m. e f.,,,,,,,,http://dizionario.internazionale.it/parola/professionista
4967,Fondamentale,professore,,s.m.,,,,,,,,http://dizionario.internazionale.it/parola/professore
4968,Alto Uso,professoressa,,s.f.,,,,,,,,http://dizionario.internazionale.it/parola/professoressa
4969,Alto Uso,profeta,,s.m.,,,,,,,,http://dizionario.internazionale.it/parola/profeta
4970,Alta Disponibilità,profilattico,,"agg., s.m.",,,,,,,,http://dizionario.internazionale.it/parola/profilattico
4971,Fondamentale,profilo,,s.m.,,,,,,,,http://dizionario.internazionale.it/parola/profilo
4972,Alto Uso,profitto,,s.m.,,,,,,,,http://dizionario.internazionale.it/parola/profitto
4973,Alto Uso,profondamente,,avv.,,profondo,,,,,,http://dizionario.internazionale.it/parola/profondamente
4974,Alto Uso,profondità,,s.f.inv.,,,,,,,,http://dizionario.internazionale.it/parola/profondita
4975,Fondamentale,profondo,,"agg., s.m., avv.",,,,,,,,http://dizionario.internazionale.it/parola/profondo
4976,Alto Uso,profumare,,v.tr. e intr.,,,,,,,,http://dizionario.internazionale.it/parola/profumare
4977,Alta Disponibilità,profumato,,"p.pass., agg.",,profumare,,,,,,http://dizionario.internazionale.it/parola/profumato
4978,Alto Uso,profumo,,s.m.,,,,,,,,http://dizionario.internazionale.it/parola/profumo
4979,Alto Uso,progettare,,v.tr.,,,,,,,,http://dizionario.internazionale.it/parola/progettare
4980,Alto Uso,progettazione,,s.f.,,,,,,,,http://dizionario.internazionale.it/parola/progettazione
4981,Fondamentale,progetto,,s.m.,,,,,,,,http://dizionario.internazionale.it/parola/progetto
4982,Fondamentale,programma,,s.m.,,,,,,,,http://dizionario.internazionale.it/parola/programma
4983,Alto Uso,programmare,,v.tr.,,,,,,,,http://dizionario.internazionale.it/parola/programmare
4984,Alto Uso,programmazione,,s.f.,,,,,,,,http://dizionario.internazionale.it/parola/programmazione
4985,Alta Disponibilità,progressista,,"agg., s.m. e f.",,,,,,,,http://dizionario.internazionale.it/parola/progressista
4986,Alto Uso,progressivo,,agg.,,,,,,,,http://dizionario.internazionale.it/parola/progressivo
4987,Alto Uso,progresso,,s.m.,,,,,,,,http://dizionario.internazionale.it/parola/progresso
4988,Alto Uso,proibire,,v.tr.,,,,"finire ""isc"" conjugation",,,di,http://dizionario.internazionale.it/parola/proibire
4989,Alto Uso,proiettare,,v.tr.,,,,,,,,http://dizionario.internazionale.it/parola/proiettare
4990,Alto Uso,proiettile,1,s.m.,,,,,,,,http://dizionario.internazionale.it/parola/proiettile
4991,Alto Uso,proiezione,,s.f.,,,,,,,,http://dizionario.internazionale.it/parola/proiezione
4992,Alta Disponibilità,prolunga,,s.f.,,,,,,,,http://dizionario.internazionale.it/parola/prolunga
4993,Alto Uso,promessa,1,s.f.,,,,,,,,http://dizionario.internazionale.it/parola/promessa
4994,Fondamentale,promettere,,v.tr.,,,,,Irr PP: promesso,,di,http://dizionario.internazionale.it/parola/promettere
4995,Alto Uso,promozione,,s.f.,,,,,,,,http://dizionario.internazionale.it/parola/promozione
4996,Alto Uso,promuovere,,v.tr.,,,,,Irr PP: promosso,,,http://dizionario.internazionale.it/parola/promuovere
4997,Fondamentale,pronto,,agg.,,,,,,,,http://dizionario.internazionale.it/parola/pronto
4998,Alta Disponibilità,pronuncia,,s.f.,,,,,,,,http://dizionario.internazionale.it/parola/pronuncia
4999,Fondamentale,pronunciare,,v.tr.,,,,,,,,http://dizionario.internazionale.it/parola/pronunciare
5000,Alto Uso,propaganda,,s.f.,,,,,,,,http://dizionario.internazionale.it/parola/propaganda
5001,Alta Disponibilità,propagandare,,v.tr.,,,,,,,,http://dizionario.internazionale.it/parola/propagandare
5002,Fondamentale,proporre,,v.tr.,,-porre,,-rre verb,Irr PP: proposto,,di,http://dizionario.internazionale.it/parola/proporre
5003,Alto Uso,proporzione,,s.f.,,,,,,,,http://dizionario.internazionale.it/parola/proporzione
5004,Fondamentale,proposito,,s.m.,,,,,,,,http://dizionario.internazionale.it/parola/proposito
5005,Alta Disponibilità,proposizione,,s.f.,,,,,,,,http://dizionario.internazionale.it/parola/proposizione
5006,Fondamentale,proposta,,s.f.,,,,,,,,http://dizionario.internazionale.it/parola/proposta
5007,Fondamentale,proprietà,,s.f.inv.,,,,,,,,http://dizionario.internazionale.it/parola/proprieta
5008,Fondamentale,proprietario,,"agg., s.m.",,,,,,,,http://dizionario.internazionale.it/parola/proprietario
5009,Fondamentale,proprio,,"agg.poss., agg., avv., s.m.",,,,,,,,http://dizionario.internazionale.it/parola/proprio
5010,Alto Uso,prosa,1,s.f.,,,,,,,,http://dizionario.internazionale.it/parola/prosa
5011,Alta Disponibilità,prosciugare,,v.tr.,,,,,,,,http://dizionario.internazionale.it/parola/prosciugare
5012,Alto Uso,prosciutto,,s.m.,,,,,,,,http://dizionario.internazionale.it/parola/prosciutto
5013,Alta Disponibilità,prosecco,,s.m.,,,,,,,,http://dizionario.internazionale.it/parola/prosecco
5014,Fondamentale,proseguire,,v.tr. e intr.,,,,,,,,http://dizionario.internazionale.it/parola/proseguire
5015,Alto Uso,prospettiva,1,s.f.,,,,,,,,http://dizionario.internazionale.it/parola/prospettiva
5016,Fondamentale,prossimo,,"agg., s.m.",,,,,,,,http://dizionario.internazionale.it/parola/prossimo
5017,Alto Uso,prostituta,,s.f.,,,,,,,,http://dizionario.internazionale.it/parola/prostituta
5018,Fondamentale,protagonista,,"agg., s.m. e f.",,,,,,,,http://dizionario.internazionale.it/parola/protagonista
5019,Fondamentale,proteggere,,v.tr.,,,,,Irr PP: protetto,,,http://dizionario.internazionale.it/parola/proteggere
5020,Alto Uso,proteina,,s.f.,,,,,,,,http://dizionario.internazionale.it/parola/proteina
5021,Alto Uso,protesta,,s.f.,,,,,,,,http://dizionario.internazionale.it/parola/protesta
5022,Alto Uso,protestare,,v.intr. e tr.,,,,,,,,http://dizionario.internazionale.it/parola/protestare
5023,Alto Uso,protetto,,"p.pass., agg., s.m.",,proteggere,,,,,,http://dizionario.internazionale.it/parola/protetto
5024,Alto Uso,protezione,,s.f.,,,,,,,,http://dizionario.internazionale.it/parola/protezione
5025,Alto Uso,protocollo,,s.m.,,,,,,,,http://dizionario.internazionale.it/parola/protocollo
5026,Fondamentale,prova,,s.f.,,,,,,,,http://dizionario.internazionale.it/parola/prova
5027,Fondamentale,provare,,v.tr.,,,,,,,a,http://dizionario.internazionale.it/parola/provare
5028,Alto Uso,provenienza,,s.f.,,,,,,,,http://dizionario.internazionale.it/parola/provenienza
5029,Fondamentale,provenire,,v.intr.,,,,,Irr PP: provenuto,Essere,,http://dizionario.internazionale.it/parola/provenire
5030,Fondamentale,provincia,,s.f.,,,,,,,,http://dizionario.internazionale.it/parola/provincia
5031,Alto Uso,provinciale,,"agg., s.m. e f.",,,,,,,,http://dizionario.internazionale.it/parola/provinciale
5032,Fondamentale,provocare,,v.tr.,,,,,,,,http://dizionario.internazionale.it/parola/provocare
5033,Alta Disponibilità,provola,,s.f.,,,,,,,,http://dizionario.internazionale.it/parola/provola
5034,Alta Disponibilità,provolone,,s.m.,,,,,,,,http://dizionario.internazionale.it/parola/provolone
5035,Alto Uso,provvedere,,v.intr. e tr.,,,,,Irr PP: provvisto,,,http://dizionario.internazionale.it/parola/provvedere
5036,Alto Uso,provvedimento,,s.m.,,,,,,,,http://dizionario.internazionale.it/parola/provvedimento
5037,Alto Uso,provvisorio,,agg.,,,,,,,,http://dizionario.internazionale.it/parola/provvisorio
5038,Alta Disponibilità,prudere,,v.intr.,,,,,Defective Verb - No PP,,,http://dizionario.internazionale.it/parola/prudere
5039,Alta Disponibilità,prugna,,"s.f., s.m.inv., agg.inv.",,,,,,,,http://dizionario.internazionale.it/parola/prugna
5040,Alta Disponibilità,prurito,,s.m.,,,,,,,,http://dizionario.internazionale.it/parola/prurito
5041,Alto Uso,pseudonimo,,"s.m., agg.",,,,,,,,http://dizionario.internazionale.it/parola/pseudonimo
5042,Alto Uso,psichiatra,,s.m. e f.,,,,,,,,http://dizionario.internazionale.it/parola/psichiatra
5043,Alta Disponibilità,psichiatria,,s.f.,,,,,,,,http://dizionario.internazionale.it/parola/psichiatria
5044,Alto Uso,psichico,,agg.,,,,,,,,http://dizionario.internazionale.it/parola/psichico
5045,Alto Uso,psicologia,,s.f.,,,,,,,,http://dizionario.internazionale.it/parola/psicologia
5046,Alto Uso,psicologico,,agg.,,,,,,,,http://dizionario.internazionale.it/parola/psicologico
5047,Alto Uso,psicologo,,s.m.,,,,,,,,http://dizionario.internazionale.it/parola/psicologo
5048,Alto Uso,pub,,s.m.inv.,,,,,,,,http://dizionario.internazionale.it/parola/pub
5049,Fondamentale,pubblicare,,v.tr.,,,,,,,,http://dizionario.internazionale.it/parola/pubblicare
5050,Alto Uso,pubblicazione,,s.f.,,,,,,,,http://dizionario.internazionale.it/parola/pubblicazione
5051,Fondamentale,pubblicità,,s.f.inv.,,,,,,,,http://dizionario.internazionale.it/parola/pubblicita
5052,Alto Uso,pubblicitario,,"agg., s.m.",,,,,,,,http://dizionario.internazionale.it/parola/pubblicitario
5053,Fondamentale,pubblico,,"agg., s.m.",,,,,,,,http://dizionario.internazionale.it/parola/pubblico
5054,Alta Disponibilità,pugilato,,s.m.,,,,,,,,http://dizionario.internazionale.it/parola/pugilato
5055,Alta Disponibilità,pugliese,,"agg., s.m. e f.",,,Demonym,,,,,http://dizionario.internazionale.it/parola/pugliese
5056,Fondamentale,pugno,,s.m.,,,,,,,,http://dizionario.internazionale.it/parola/pugno
5057,Alta Disponibilità,pulce,,"s.f., s.m.inv., agg.inv.",,,,,,,,http://dizionario.internazionale.it/parola/pulce
5058,Alta Disponibilità,pulcino,,s.m.,,,,,,,,http://dizionario.internazionale.it/parola/pulcino
5059,Alta Disponibilità,puledro,,s.m.,,,,,,,,http://dizionario.internazionale.it/parola/puledro
5060,Fondamentale,pulire,,"v.tr., v.intr.",,,,"finire ""isc"" conjugation",,,,http://dizionario.internazionale.it/parola/pulire
5061,Alto Uso,pulito,,"p.pass., agg., s.m.",,pulire,,,,,,http://dizionario.internazionale.it/parola/pulito
5062,Alto Uso,pulizia,,s.f.,,,,,,,,http://dizionario.internazionale.it/parola/pulizia
5063,Alto Uso,pullman,,s.m.inv.,,,,,,,,http://dizionario.internazionale.it/parola/pullman
5064,Alta Disponibilità,pullover,,s.m.inv.,,,,,,,,http://dizionario.internazionale.it/parola/pullover
5065,Alta Disponibilità,pulmino,,s.m.,,,,,,,,http://dizionario.internazionale.it/parola/pulmino
5066,Alto Uso,pulsante,,"p.pres., agg., s.m.",,pulsare,,,,,,http://dizionario.internazionale.it/parola/pulsante
5067,Alta Disponibilità,puma,,s.m.inv.,,,,,,,,http://dizionario.internazionale.it/parola/puma
5068,Alta Disponibilità,pungere,,v.tr.,,,,,Irr PP: punto,,,http://dizionario.internazionale.it/parola/pungere
5069,Alto Uso,punire,,v.tr.,,,,"finire ""isc"" conjugation",,,,http://dizionario.internazionale.it/parola/punire
5070,Alto Uso,punizione,,s.f.,,,,,,,,http://dizionario.internazionale.it/parola/punizione
5071,Alta Disponibilità,punk,,"agg.inv., s.m. e f.inv.",,,,,,,,http://dizionario.internazionale.it/parola/punk
5072,Fondamentale,punta,1,s.f.,,,,,,,,http://dizionario.internazionale.it/parola/punta
5073,Fondamentale,puntare,1,v.tr. e intr.,,,,,,,,http://dizionario.internazionale.it/parola/puntare
5074,Alto Uso,puntata,2,s.f.,,,,,,,,http://dizionario.internazionale.it/parola/puntata_2
5075,Alto Uso,puntato,2,"p.pass., agg.",,puntare,,,,,,http://dizionario.internazionale.it/parola/puntato_2
5076,Alta Disponibilità,punteggio,,s.m.,,,,,,,,http://dizionario.internazionale.it/parola/punteggio
5077,Alta Disponibilità,puntiglio,,s.m.,,,,,,,,http://dizionario.internazionale.it/parola/puntiglio
5078,Alto Uso,puntino,,s.m.,,,,,,,,http://dizionario.internazionale.it/parola/puntino
5079,Fondamentale,punto,1,s.m.,,,,,,,,http://dizionario.internazionale.it/parola/punto
5080,Alto Uso,puntuale,,agg.,,,,,,,,http://dizionario.internazionale.it/parola/puntuale
5081,Alta Disponibilità,puntura,,s.f.,,,,,,,,http://dizionario.internazionale.it/parola/puntura
5082,Alto Uso,pupa,1,s.f.,,,,,,,,http://dizionario.internazionale.it/parola/pupa
5083,Alta Disponibilità,pupazzo,,s.m.,,,,,,,,http://dizionario.internazionale.it/parola/pupazzo
5084,Alta Disponibilità,pupo,,s.m.,,,,,,,,http://dizionario.internazionale.it/parola/pupo
5085,Alto Uso,purché,,cong.,,,,,,,,http://dizionario.internazionale.it/parola/purche
5086,Fondamentale,pure,,"avv., cong.",,,,anche / pure,,,,http://dizionario.internazionale.it/parola/pure
5087,Alta Disponibilità,purè,,s.m. e f.inv.,,,,,,,,http://dizionario.internazionale.it/parola/purè
5088,Alta Disponibilità,purga,,s.f.,,,,,,,,http://dizionario.internazionale.it/parola/purga
5089,Fondamentale,puro,,"agg., s.m.",,,,,,,,http://dizionario.internazionale.it/parola/puro
5090,Fondamentale,purtroppo,,avv.,,,,,,,,http://dizionario.internazionale.it/parola/purtroppo
5091,Alto Uso,puttana,,s.f.,,,,,,,,http://dizionario.internazionale.it/parola/puttana
5092,Alto Uso,puzza,,s.f.,,,,,,,,http://dizionario.internazionale.it/parola/puzza
5093,Alto Uso,puzzare,,v.intr.,,,,,,,,http://dizionario.internazionale.it/parola/puzzare
5094,Alta Disponibilità,puzzle,,s.m.inv.,,,,,,,,http://dizionario.internazionale.it/parola/puzzle
5095,Fondamentale,qua,1,avv.,,,,,,,,http://dizionario.internazionale.it/parola/qua
5096,Alto Uso,quaderno,,s.m.,,,,,,,,http://dizionario.internazionale.it/parola/quaderno
5097,Alto Uso,quadrato,2,"p.pass., agg.",,quadrare,,,,,,http://dizionario.internazionale.it/parola/quadrato_2
5098,Alta Disponibilità,quadrifoglio,,s.m.,,,,,,,,http://dizionario.internazionale.it/parola/quadrifoglio
5099,Fondamentale,quadro,,"agg., s.m.",,,,,,,,http://dizionario.internazionale.it/parola/quadro
5100,Alta Disponibilità,quaglia,,s.f.,,,,,,,,http://dizionario.internazionale.it/parola/quaglia
5101,Fondamentale,qualche,,"agg.indef., avv.",,,,Takes Singular Noun,,,,http://dizionario.internazionale.it/parola/qualche
5102,Fondamentale,qualcosa,,"pron.indef., s.m.",,,,,,,a,http://dizionario.internazionale.it/parola/qualcosa
5103,Fondamentale,qualcuno,,"pron.indef.m., agg.indef., s.m.",,,,,,,a,http://dizionario.internazionale.it/parola/qualcuno
5104,Fondamentale,quale,,"agg.interr., agg.escl., agg.rel., agg.indef., pron. interr., pron.rel., pron.indef., avv., s.m.",,,,,,,,http://dizionario.internazionale.it/parola/quale
5105,Alto Uso,qualificare,,v.tr.,,,,,,,,http://dizionario.internazionale.it/parola/qualificare
5106,Fondamentale,qualità,,s.f.inv.,,,,,,,,http://dizionario.internazionale.it/parola/qualita
5107,Alto Uso,qualora,,cong.,,,,,,,,http://dizionario.internazionale.it/parola/qualora
5108,Fondamentale,qualsiasi,,"agg.indef., agg.rel.",,,,,,,,http://dizionario.internazionale.it/parola/qualsiasi
5109,Fondamentale,qualunque,,"agg.indef., agg.rel., pron.rel.indef.",,,,,,,,http://dizionario.internazionale.it/parola/qualunque
5110,Fondamentale,quando,,"cong., avv., s.m.",,,,,,,,http://dizionario.internazionale.it/parola/quando
5111,Fondamentale,quantità,,s.f.inv.,,,,,,,,http://dizionario.internazionale.it/parola/quantita
5112,Alto Uso,quantitativo,,"agg., s.m.",,,,,,,,http://dizionario.internazionale.it/parola/quantitativo
5113,Fondamentale,quanto,1,"agg. interr., agg.escl., agg.rel., pron.interr., pron.escl., pron.rel., avv., s.m.",,,,,,,,http://dizionario.internazionale.it/parola/quanto
5114,Fondamentale,quaranta,,"agg.num.card.inv., s.m.inv., s.m.pl.",,,Numbers,,,,,http://dizionario.internazionale.it/parola/quaranta
5115,Alto Uso,quarta,,s.f.,,,,,,,,http://dizionario.internazionale.it/parola/quarta
5116,Fondamentale,quartiere,,s.m.,,,,,,,,http://dizionario.internazionale.it/parola/quartiere
5117,Fondamentale,quarto,,"agg.num.ord., s.m.",,,Numbers,,,,,http://dizionario.internazionale.it/parola/quarto
5118,Fondamentale,quasi,,"avv., cong.",,,,,,,,http://dizionario.internazionale.it/parola/quasi
5119,Alto Uso,quattordici,,"agg.num.card.inv., s.m.inv., s.f.pl.",,,Numbers,,,,,http://dizionario.internazionale.it/parola/quattordici
5120,Fondamentale,quattro,,"agg.num.card.inv., s.m.inv., s.f.pl.",,,Numbers,,,,,http://dizionario.internazionale.it/parola/quattro
5121,Fondamentale,quello,,"agg.dimostr., pron.dimostr.m.",,,,,,,,http://dizionario.internazionale.it/parola/quello
5122,Alta Disponibilità,quercia,,s.f.,,,,,,,,http://dizionario.internazionale.it/parola/quercia
5123,Fondamentale,questione,,s.f.,,,,,,,,http://dizionario.internazionale.it/parola/questione
5124,Fondamentale,questo,,"agg.dimostr., pron.dimostr.m.",,,,,,,,http://dizionario.internazionale.it/parola/questo
5125,Alto Uso,questura,,s.f.,,,,,,,,http://dizionario.internazionale.it/parola/questura
5126,Fondamentale,qui,,avv.,,,,,,,,http://dizionario.internazionale.it/parola/qui
5127,Fondamentale,quindi,,"avv., cong.",,,,,,,,http://dizionario.internazionale.it/parola/quindi
5128,Fondamentale,quindici,,"agg.num.card.inv., s.m.inv., s.f.pl., s.m.pl.",,,Numbers,,,,,http://dizionario.internazionale.it/parola/quindici
5129,Alto Uso,quinta,,s.f.,,,,,,,,http://dizionario.internazionale.it/parola/quinta
5130,Alto Uso,quinto,,"agg.num.ord., s.m.",,,Numbers,,,,,http://dizionario.internazionale.it/parola/quinto
5131,Fondamentale,quiz,,s.m.inv.,,,,,,,,http://dizionario.internazionale.it/parola/quiz
5132,Fondamentale,quota,,s.f.,,,,,,,,http://dizionario.internazionale.it/parola/quota
5133,Fondamentale,quotidiano,,"agg., s.m.",,,,,,,,http://dizionario.internazionale.it/parola/quotidiano
5134,Fondamentale,rabbia,,s.f.,,,,,,,,http://dizionario.internazionale.it/parola/rabbia
5135,Alta Disponibilità,racchetta,1,s.f.,,,,,,,,http://dizionario.internazionale.it/parola/racchetta
5136,Alto Uso,racchiudere,,v.tr.,,,,,Irr PP: racchiuso,,,http://dizionario.internazionale.it/parola/racchiudere
5137,Fondamentale,raccogliere,,v.tr.,,,,,Irr PP: raccolto,,,http://dizionario.internazionale.it/parola/raccogliere
5138,Fondamentale,raccolta,,s.f.,,,,,,,,http://dizionario.internazionale.it/parola/raccolta
5139,Alto Uso,raccomandare,,v.tr.,,,,,,,,http://dizionario.internazionale.it/parola/raccomandare
5140,Alta Disponibilità,raccomandazione,,s.f.,,,,,,,,http://dizionario.internazionale.it/parola/raccomandazione
5141,Fondamentale,raccontare,,v.tr. e intr.,,,,,,,,http://dizionario.internazionale.it/parola/raccontare
5142,Fondamentale,racconto,1,s.m.,,,,,,,,http://dizionario.internazionale.it/parola/racconto
5143,Alto Uso,raddoppiare,,"v.tr., v.intr.",,,,,,,,http://dizionario.internazionale.it/parola/raddoppiare
5144,Alta Disponibilità,raddrizzare,,v.tr.,,,,,,,,http://dizionario.internazionale.it/parola/raddrizzare
5145,Alta Disponibilità,radere,,v.tr.,,,,,Irr PP: raso,,,http://dizionario.internazionale.it/parola/radere
5146,Alto Uso,radiazione,1,s.f.,,,,,,,,http://dizionario.internazionale.it/parola/radiazione
5147,Alto Uso,radicale,,"agg., s.m. e f.",,,,,,,,http://dizionario.internazionale.it/parola/radicale
5148,Alta Disponibilità,radicchio,,s.m.,,,,,,,,http://dizionario.internazionale.it/parola/radicchio
5149,Fondamentale,radice,,s.f.,,,,,,,,http://dizionario.internazionale.it/parola/radice
5150,Fondamentale,radio,1,"s.f.inv., agg.inv.",,,,,,,,http://dizionario.internazionale.it/parola/radio
5151,Alto Uso,rado,1,"agg., avv.",,,,,,,,http://dizionario.internazionale.it/parola/rado
5152,Alto Uso,raffigurare,,v.tr.,,,,,,,,http://dizionario.internazionale.it/parola/raffigurare
5153,Alto Uso,raffinato,,"p.pass., agg., s.m.",,raffinare,,,,,,http://dizionario.internazionale.it/parola/raffinato
5154,Alta Disponibilità,rafforzamento,,s.m.,,,,,,,,http://dizionario.internazionale.it/parola/rafforzamento
5155,Alto Uso,rafforzare,,v.tr.,,,,,,,,http://dizionario.internazionale.it/parola/rafforzare
5156,Alta Disponibilità,raffreddore,,s.m.,,,,,,,,http://dizionario.internazionale.it/parola/raffreddore
5157,Fondamentale,ragazza,,s.f.,,,,,,,,http://dizionario.internazionale.it/parola/ragazza
5158,Fondamentale,ragazzino,,s.m.,,,,,,,,http://dizionario.internazionale.it/parola/ragazzino
5159,Fondamentale,ragazzo,,s.m.,,,,,,,,http://dizionario.internazionale.it/parola/ragazzo
5160,Fondamentale,raggio,,s.m.,,,,,,,,http://dizionario.internazionale.it/parola/raggio
5161,Fondamentale,raggiungere,,v.tr.,,,,,Irr PP: raggiunto,,,http://dizionario.internazionale.it/parola/raggiungere
5162,Alto Uso,ragionamento,,s.m.,,,,,,,,http://dizionario.internazionale.it/parola/ragionamento
5163,Alto Uso,ragionare,1,"v.intr., v.tr.",,,,,,,,http://dizionario.internazionale.it/parola/ragionare
5164,Fondamentale,ragione,,s.f.,,,,,,,,http://dizionario.internazionale.it/parola/ragione
5165,Alto Uso,ragionevole,,agg.,,,,,,,,http://dizionario.internazionale.it/parola/ragionevole
5166,Alto Uso,ragioniere,,s.m.,,,,,,,,http://dizionario.internazionale.it/parola/ragioniere
5167,Alta Disponibilità,ragnatela,,s.f.,,,,,,,,http://dizionario.internazionale.it/parola/ragnatela
5168,Alta Disponibilità,ragno,,s.m.,,,,,,,,http://dizionario.internazionale.it/parola/ragno
5169,Alta Disponibilità,ragù,,s.m.inv.,,,,,,,,http://dizionario.internazionale.it/parola/ragù
5170,Alta Disponibilità,rallegrare,,v.tr.,,,,,,,,http://dizionario.internazionale.it/parola/rallegrare
5171,Alto Uso,rallentare,,"v.tr., v.intr.",,,,,,,,http://dizionario.internazionale.it/parola/rallentare
5172,Alto Uso,rame,,s.m.,,,,,,,,http://dizionario.internazionale.it/parola/rame
5173,Alta Disponibilità,rammendo,,s.m.,,,,,,,,http://dizionario.internazionale.it/parola/rammendo
5174,Alto Uso,ramo,,s.m.,,,,,,,,http://dizionario.internazionale.it/parola/ramo
5175,Alta Disponibilità,rampicante,,"p.pres., agg., s.m.",,rampicare,,,,,,http://dizionario.internazionale.it/parola/rampicante
5176,Alta Disponibilità,rana,,s.f.,,,,,,,,http://dizionario.internazionale.it/parola/rana
5177,Alta Disponibilità,rancio,1,s.m.,,,,,,,,http://dizionario.internazionale.it/parola/rancio
5178,Alta Disponibilità,rapa,1,s.f.,,,,,,,,http://dizionario.internazionale.it/parola/rapa
5179,Alto Uso,rapidamente,,avv.,,rapido,,,,,,http://dizionario.internazionale.it/parola/rapidamente
5180,Fondamentale,rapido,,"agg., s.m.",,,,,,,,http://dizionario.internazionale.it/parola/rapido
5181,Alta Disponibilità,rapimento,,s.m.,,,,,,,,http://dizionario.internazionale.it/parola/rapimento
5182,Alto Uso,rapina,,s.f.,,,,,,,,http://dizionario.internazionale.it/parola/rapina
5183,Alta Disponibilità,rapinatore,,"agg., s.m.",,,,,,,,http://dizionario.internazionale.it/parola/rapinatore
5184,Alto Uso,rapire,,v.tr.,,,,"finire ""isc"" conjugation",,,,http://dizionario.internazionale.it/parola/rapire
5185,Fondamentale,rapporto,,s.m.,,,,,,,,http://dizionario.internazionale.it/parola/rapporto
5186,Alto Uso,rappresentante,,"p.pres., agg., s.m. e f.",,rappresentare,,,,,,http://dizionario.internazionale.it/parola/rappresentante
5187,Alto Uso,rappresentanza,,s.f.,,,,,,,,http://dizionario.internazionale.it/parola/rappresentanza
5188,Fondamentale,rappresentare,,v.tr.,,,,,,,,http://dizionario.internazionale.it/parola/rappresentare
5189,Alto Uso,rappresentazione,,s.f.,,,,,,,,http://dizionario.internazionale.it/parola/rappresentazione
5190,Alto Uso,raramente,,avv.,,raro,,,,,,http://dizionario.internazionale.it/parola/raramente
5191,Fondamentale,raro,,"agg., s.m., avv.",,,,,,,,http://dizionario.internazionale.it/parola/raro
5192,Alta Disponibilità,rasare,,v.tr.,,,,,,,,http://dizionario.internazionale.it/parola/rasare
5193,Alta Disponibilità,rasoio,,s.m.,,,,,,,,http://dizionario.internazionale.it/parola/rasoio
5194,Alto Uso,rassegna,,s.f.,,,,,,,,http://dizionario.internazionale.it/parola/rassegna
5195,Alto Uso,rassegnare,,v.tr.,,,,,,,a,http://dizionario.internazionale.it/parola/rassegnare
5196,Alta Disponibilità,rassegnazione,,s.f.,,,,,,,,http://dizionario.internazionale.it/parola/rassegnazione
5197,Alta Disponibilità,rasserenare,,v.tr.,,,,,,,,http://dizionario.internazionale.it/parola/rasserenare
5198,Alto Uso,rassicurare,,v.tr.,,,,,,,,http://dizionario.internazionale.it/parola/rassicurare
5199,Alta Disponibilità,rastrello,,s.m.,,,,,,,,http://dizionario.internazionale.it/parola/rastrello
5200,Alta Disponibilità,rata,,s.f.,,,,,,,,http://dizionario.internazionale.it/parola/rata
5201,Alta Disponibilità,rateale,,agg.,,,,,,,,http://dizionario.internazionale.it/parola/rateale
5202,Alta Disponibilità,rattristare,,v.tr.,,,,,,,,http://dizionario.internazionale.it/parola/rattristare
5203,Alta Disponibilità,rauco,,agg.,,,,,,,,http://dizionario.internazionale.it/parola/rauco
5204,Alta Disponibilità,ravanello,,s.m.,,,,,,,,http://dizionario.internazionale.it/parola/ravanello
5205,Alto Uso,razionale,1,"agg., s.m.",,,,,,,,http://dizionario.internazionale.it/parola/razionale
5206,Alto Uso,razza,1,s.f.,,,,,,,,http://dizionario.internazionale.it/parola/razza
5207,Alta Disponibilità,razzo,1,s.m.,,,,,,,,http://dizionario.internazionale.it/parola/razzo
5208,Fondamentale,re,1,s.m.inv.,,,,,,,,http://dizionario.internazionale.it/parola/re
5209,Fondamentale,reagire,,v.intr.,,,,"finire ""isc"" conjugation",,,,http://dizionario.internazionale.it/parola/reagire
5210,Fondamentale,reale,1,"agg., s.m.",,,,,,,,http://dizionario.internazionale.it/parola/reale
5211,Alto Uso,realistico,,agg.,,,,,,,,http://dizionario.internazionale.it/parola/realistico
5212,Fondamentale,realizzare,,v.tr.,,,,,,,,http://dizionario.internazionale.it/parola/realizzare
5213,Alto Uso,realizzazione,,s.f.,,,,,,,,http://dizionario.internazionale.it/parola/realizzazione
5214,Alto Uso,realmente,1,avv.,,reale,,,,,,http://dizionario.internazionale.it/parola/realmente
5215,Fondamentale,realtà,,s.f.inv.,,,,,,,,http://dizionario.internazionale.it/parola/realta
5216,Fondamentale,reato,,s.m.,,,,,,,,http://dizionario.internazionale.it/parola/reato
5217,Fondamentale,reazione,,s.f.,,,,,,,,http://dizionario.internazionale.it/parola/reazione
5218,Fondamentale,recare,,v.tr.,,,,,,,,http://dizionario.internazionale.it/parola/recare
5219,Alto Uso,recensione,,s.f.,,,,,,,,http://dizionario.internazionale.it/parola/recensione
5220,Fondamentale,recente,,agg.,,,,,,,,http://dizionario.internazionale.it/parola/recente
5221,Alto Uso,recentemente,,avv.,,recente,,,,,,http://dizionario.internazionale.it/parola/recentemente
5222,Alta Disponibilità,recintare,,v.tr.,,,,,,,,http://dizionario.internazionale.it/parola/recintare
5223,Alta Disponibilità,recinto,,"p.pass., agg., s.m.",,,,,,,,http://dizionario.internazionale.it/parola/recinto
5224,Alta Disponibilità,recipiente,,"agg., s.m.",,,,,,,,http://dizionario.internazionale.it/parola/recipiente
5225,Alto Uso,reciproco,,"agg., s.m.",,,,,,,,http://dizionario.internazionale.it/parola/reciproco
5226,Alta Disponibilità,recita,,s.f.,,,,,,,,http://dizionario.internazionale.it/parola/recita
5227,Fondamentale,recitare,,v.tr.,,,,,,,,http://dizionario.internazionale.it/parola/recitare
5228,Alta Disponibilità,reclame,,"s.f.inv., agg.inv.",,,,,,,,http://dizionario.internazionale.it/parola/reclame
5229,Alta Disponibilità,reclamo,,s.m.,,,,,,,,http://dizionario.internazionale.it/parola/reclamo
5230,Alta Disponibilità,recluta,,s.f.,,,,,,,,http://dizionario.internazionale.it/parola/recluta
5231,Alto Uso,record,,s.m.inv.,,,,,,,,http://dizionario.internazionale.it/parola/record
5232,Fondamentale,recuperare,,v.tr.,,,,,,,,http://dizionario.internazionale.it/parola/recuperare
5233,Alto Uso,recupero,,s.m.,,,,,,,,http://dizionario.internazionale.it/parola/recupero
5234,Alto Uso,redazione,1,s.f.,,,,,,,,http://dizionario.internazionale.it/parola/redazione
5235,Alto Uso,reddito,,s.m.,,,,,,,,http://dizionario.internazionale.it/parola/reddito
5236,Alto Uso,redigere,,v.tr.,,,,,Irr PP: redatto,,,http://dizionario.internazionale.it/parola/redigere
5237,Alto Uso,referendum,,s.m.inv.,,,,,,,,http://dizionario.internazionale.it/parola/referendum
5238,Fondamentale,regalare,,v.tr.,,,,,,,,http://dizionario.internazionale.it/parola/regalare
5239,Alto Uso,regale,2,agg.,,,,,,,,http://dizionario.internazionale.it/parola/regale_2
5240,Fondamentale,regalo,,s.m.,,,,,,,,http://dizionario.internazionale.it/parola/regalo
5241,Fondamentale,reggere,,v.tr. e intr.,,,,,Irr PP: retto,,,http://dizionario.internazionale.it/parola/reggere
5242,Alta Disponibilità,reggimento,,s.m.,,,,,,,,http://dizionario.internazionale.it/parola/reggimento
5243,Alto Uso,reggiseno,,s.m.,,,,,,,,http://dizionario.internazionale.it/parola/reggiseno
5244,Alto Uso,regia,1,s.f.,,,,,,,,http://dizionario.internazionale.it/parola/regia
5245,Fondamentale,regime,1,s.m.,,,,,,,,http://dizionario.internazionale.it/parola/regime
5246,Fondamentale,regina,,s.f.,,,,,,,,http://dizionario.internazionale.it/parola/regina
5247,Alto Uso,regionale,,"agg., s.m.",,,,,,,,http://dizionario.internazionale.it/parola/regionale
5248,Fondamentale,regione,,s.f.,,,,,,,,http://dizionario.internazionale.it/parola/regione
5249,Fondamentale,regista,,s.m. e f.,,,,,,,,http://dizionario.internazionale.it/parola/regista
5250,Fondamentale,registrare,,v.tr.,,,,,,,,http://dizionario.internazionale.it/parola/registrare
5251,Alta Disponibilità,registratore,,"agg., s.m.",,,,,,,,http://dizionario.internazionale.it/parola/registratore
5252,Fondamentale,registrazione,,s.f.,,,,,,,,http://dizionario.internazionale.it/parola/registrazione
5253,Alto Uso,registro,,s.m.,,,,,,,,http://dizionario.internazionale.it/parola/registro
5254,Alto Uso,regnare,,v.intr. e tr.,,,,,,,,http://dizionario.internazionale.it/parola/regnare
5255,Fondamentale,regno,,s.m.,,,,,,,,http://dizionario.internazionale.it/parola/regno
5256,Fondamentale,regola,,s.f.,,,,,,,,http://dizionario.internazionale.it/parola/regola
5257,Alto Uso,regolamento,,s.m.,,,,,,,,http://dizionario.internazionale.it/parola/regolamento
5258,Alto Uso,regolare,1,"agg., s.m. e f.",,,,,,,,http://dizionario.internazionale.it/parola/regolare
5259,Alto Uso,regolare,2,v.tr.,,,,,,,,http://dizionario.internazionale.it/parola/regolare_2
5260,Alto Uso,regolarmente,,avv.,,regolare,,,,,,http://dizionario.internazionale.it/parola/regolarmente
5261,Alto Uso,relativamente,,avv.,,relativo,,,,,,http://dizionario.internazionale.it/parola/relativamente
5262,Fondamentale,relativo,,agg.,,,,,,,,http://dizionario.internazionale.it/parola/relativo
5263,Fondamentale,relazione,,s.f.,,,,,,,,http://dizionario.internazionale.it/parola/relazione
5264,Fondamentale,religione,,s.f.,,,,,,,,http://dizionario.internazionale.it/parola/religione
5265,Fondamentale,religioso,,"agg., s.m.",,,,,,,,http://dizionario.internazionale.it/parola/religioso
5266,Alta Disponibilità,remare,,v.intr. e tr.,,,,,,,,http://dizionario.internazionale.it/parola/remare
5267,Alta Disponibilità,remo,1,s.m.,,,,,,,,http://dizionario.internazionale.it/parola/remo
5268,Alto Uso,remoto,,agg.,,,,,,,,http://dizionario.internazionale.it/parola/remoto
5269,Fondamentale,rendere,,v.tr.,,,,,Irr PP: reso,,,http://dizionario.internazionale.it/parola/rendere
5270,Alto Uso,rene,,s.m.,,,,,,,,http://dizionario.internazionale.it/parola/rene
5271,Alto Uso,reparto,,s.m.,,,,,,,,http://dizionario.internazionale.it/parola/reparto
5272,Alto Uso,repertorio,,s.m.,,,,,,,,http://dizionario.internazionale.it/parola/repertorio
5273,Alto Uso,replica,,s.f.,,,,,,,,http://dizionario.internazionale.it/parola/replica
5274,Alto Uso,replicare,,v.tr.,,,,,,,,http://dizionario.internazionale.it/parola/replicare
5275,Alta Disponibilità,repressione,,s.f.,,,,,,,,http://dizionario.internazionale.it/parola/repressione
5276,Alta Disponibilità,reprimere,,v.tr.,,,,,Irr PP: represso,,,http://dizionario.internazionale.it/parola/reprimere
5277,Fondamentale,repubblica,,s.f.,,,,,,,,http://dizionario.internazionale.it/parola/repubblica
5278,Alto Uso,repubblicano,,"agg., s.m.",,,,,,,,http://dizionario.internazionale.it/parola/repubblicano
5279,Alto Uso,requisito,1,s.m.,,,,,,,,http://dizionario.internazionale.it/parola/requisito
5280,Alto Uso,resa,,s.f.,,,,,,,,http://dizionario.internazionale.it/parola/resa
5281,Alto Uso,residente,,"agg., s.m. e f.",,,,,,,,http://dizionario.internazionale.it/parola/residente
5282,Alto Uso,residenza,,s.f.,,,,,,,,http://dizionario.internazionale.it/parola/residenza
5283,Alto Uso,residuo,,"agg., s.m.",,,,,,,,http://dizionario.internazionale.it/parola/residuo
5284,Alto Uso,resistente,,"p.pres., agg., s.m. e f.",,resistere,,,,,,http://dizionario.internazionale.it/parola/resistente
5285,Alto Uso,resistenza,,s.f.,,,,,,,,http://dizionario.internazionale.it/parola/resistenza
5286,Fondamentale,resistere,,v.intr.,,,,,Irr PP: resistito,,,http://dizionario.internazionale.it/parola/resistere
5287,Alta Disponibilità,resoconto,,s.m.,,,,,,,,http://dizionario.internazionale.it/parola/resoconto
5288,Alto Uso,respingere,,v.tr.,,,,,Irr PP: respinto,,,http://dizionario.internazionale.it/parola/respingere
5289,Fondamentale,respirare,,v.intr. e tr.,,,,,,,,http://dizionario.internazionale.it/parola/respirare
5290,Alta Disponibilità,respirazione,,s.f.,,,,,,,,http://dizionario.internazionale.it/parola/respirazione
5291,Alto Uso,respiro,,s.m.,,,,,,,,http://dizionario.internazionale.it/parola/respiro
5292,Fondamentale,responsabile,,"agg., s.m. e f.",,,,,,,,http://dizionario.internazionale.it/parola/responsabile
5293,Fondamentale,responsabilità,,s.f.inv.,,,,,,,,http://dizionario.internazionale.it/parola/responsabilita
5294,Fondamentale,restare,,v.intr. e tr.,,,,,,Essere,a,http://dizionario.internazionale.it/parola/restare
5295,Alto Uso,restituire,,v.tr.,,,,"finire ""isc"" conjugation",,,,http://dizionario.internazionale.it/parola/restituire
5296,Fondamentale,resto,,s.m.,,,,,,,,http://dizionario.internazionale.it/parola/resto
5297,Alto Uso,restringere,,v.tr.,,,,,Irr PP: ristretto,,,http://dizionario.internazionale.it/parola/restringere
5298,Fondamentale,rete,,s.f.,,,,,,,,http://dizionario.internazionale.it/parola/rete
5299,Alto Uso,retorica,,s.f.,,,,,,,,http://dizionario.internazionale.it/parola/retorica
5300,Alto Uso,retro,1,"avv., s.m.",,,,,,,,http://dizionario.internazionale.it/parola/retro
5301,Alto Uso,retta,1,s.f.,,,,,,,,http://dizionario.internazionale.it/parola/retta
5302,Alta Disponibilità,rettangolare,,agg.,,,,,,,,http://dizionario.internazionale.it/parola/rettangolare
5303,Alta Disponibilità,rettile,,"s.m., agg.",,,,,,,,http://dizionario.internazionale.it/parola/rettile
5304,Alto Uso,retto,1,"agg., s.m.",,,,,,,,http://dizionario.internazionale.it/parola/retto
5305,Alto Uso,revisione,,s.f.,,,,,,,,http://dizionario.internazionale.it/parola/revisione
5306,Alto Uso,rialzare,,v.tr.,,,,,,,,http://dizionario.internazionale.it/parola/rialzare
5307,Alto Uso,riaprire,,v.tr. e intr.,,,,,,,,http://dizionario.internazionale.it/parola/riaprire
5308,Alto Uso,riassumere,,v.tr.,,,,,Irr PP: riassunto,,,http://dizionario.internazionale.it/parola/riassumere
5309,Alto Uso,ribadire,,v.tr.,,,,"finire ""isc"" conjugation",,,,http://dizionario.internazionale.it/parola/ribadire
5310,Alto Uso,ribattere,,v.tr. e intr.,,,,,,,,http://dizionario.internazionale.it/parola/ribattere
5311,Alto Uso,ribellare,,v.tr.,,,,,,,,http://dizionario.internazionale.it/parola/ribellare
5312,Alto Uso,ribelle,,"agg., s.m. e f.",,,,,,,,http://dizionario.internazionale.it/parola/ribelle
5313,Alto Uso,ricadere,,v.intr.,,cadere,,,,Essere,,http://dizionario.internazionale.it/parola/ricadere
5314,Alta Disponibilità,ricaduta,,s.f.,,,,,,,,http://dizionario.internazionale.it/parola/ricaduta
5315,Alta Disponibilità,ricalcare,,v.tr.,,,,,,,,http://dizionario.internazionale.it/parola/ricalcare
5316,Alta Disponibilità,ricamare,,v.tr.,,,,,,,,http://dizionario.internazionale.it/parola/ricamare
5317,Alto Uso,ricambiare,,v.tr. e intr.,,,,,,,,http://dizionario.internazionale.it/parola/ricambiare
5318,Alta Disponibilità,ricambio,,s.m.,,,,,,,,http://dizionario.internazionale.it/parola/ricambio
5319,Alta Disponibilità,ricamo,,s.m.,,,,,,,,http://dizionario.internazionale.it/parola/ricamo
5320,Alta Disponibilità,ricarica,,s.f.,,,,,,,,http://dizionario.internazionale.it/parola/ricarica
5321,Alto Uso,ricavare,,v.tr.,,,,,,,,http://dizionario.internazionale.it/parola/ricavare
5322,Alto Uso,ricchezza,,s.f.,,ricco,,,,,,http://dizionario.internazionale.it/parola/ricchezza
5323,Alta Disponibilità,riccio,1,"agg., s.m.",,,,,,,,http://dizionario.internazionale.it/parola/riccio
5324,Alta Disponibilità,ricciolo,1,"agg., s.m.",,,,,,,,http://dizionario.internazionale.it/parola/ricciolo
5325,Fondamentale,ricco,,agg.,,,,,,,,http://dizionario.internazionale.it/parola/ricco
5326,Fondamentale,ricerca,,s.f.,,,,,,,,http://dizionario.internazionale.it/parola/ricerca
5327,Alto Uso,ricercare,1,v.tr.,,,,,,,,http://dizionario.internazionale.it/parola/ricercare
5328,Alto Uso,ricercatore,,"agg., s.m.",,,,,,,,http://dizionario.internazionale.it/parola/ricercatore
5329,Fondamentale,ricetta,1,s.f.,,,,,,,,http://dizionario.internazionale.it/parola/ricetta
5330,Fondamentale,ricevere,,v.tr.,,,,,,,,http://dizionario.internazionale.it/parola/ricevere
5331,Alta Disponibilità,ricevimento,,s.m.,,,,,,,,http://dizionario.internazionale.it/parola/ricevimento
5332,Alto Uso,ricevuta,,s.f.,,,,,,,,http://dizionario.internazionale.it/parola/ricevuta
5333,Fondamentale,richiamare,,v.tr.,,,,,,,,http://dizionario.internazionale.it/parola/richiamare
5334,Alto Uso,richiamo,,s.m.,,,,,,,,http://dizionario.internazionale.it/parola/richiamo
5335,Fondamentale,richiedere,,v.tr.,,,,,Irr PP: richiesto,,,http://dizionario.internazionale.it/parola/richiedere
5336,Fondamentale,richiesta,,s.f.,,,,,,,,http://dizionario.internazionale.it/parola/richiesta
5337,Alto Uso,richiudere,,v.tr.,,,,,Irr PP: richiuso,,,http://dizionario.internazionale.it/parola/richiudere
5338,Fondamentale,ricominciare,,v.tr. e intr.,,,,,,,a,http://dizionario.internazionale.it/parola/ricominciare
5339,Alta Disponibilità,ricompensa,,s.f.,,,,,,,,http://dizionario.internazionale.it/parola/ricompensa
5340,Alta Disponibilità,ricompensare,,v.tr.,,,,,,,,http://dizionario.internazionale.it/parola/ricompensare
5341,Alta Disponibilità,riconciliarsi,,v.pronom.intr. e tr.,,,,,,,,http://dizionario.internazionale.it/parola/riconciliarsi
5342,Fondamentale,riconoscere,,v.tr.,,,,,Irr PP: riconosciuto,,di,http://dizionario.internazionale.it/parola/riconoscere
5343,Alto Uso,riconoscimento,,s.m.,,,,,,,,http://dizionario.internazionale.it/parola/riconoscimento
5344,Alta Disponibilità,ricopiare,,v.tr.,,,,,,,,http://dizionario.internazionale.it/parola/ricopiare
5345,Alto Uso,ricoprire,,v.tr.,,,,,,,,http://dizionario.internazionale.it/parola/ricoprire
5346,Fondamentale,ricordare,,v.tr.,,,,,,,di,http://dizionario.internazionale.it/parola/ricordare
5347,Fondamentale,ricordo,,s.m.,,,,,,,,http://dizionario.internazionale.it/parola/ricordo
5348,Alto Uso,ricorrere,,v.intr.,,,,,Irr PP: ricorso,Essere,,http://dizionario.internazionale.it/parola/ricorrere
5349,Alto Uso,ricorso,1,s.m.,,,,,,,,http://dizionario.internazionale.it/parola/ricorso
5350,Alto Uso,ricostruire,,v.tr.,,,,"finire ""isc"" conjugation",,,,http://dizionario.internazionale.it/parola/ricostruire
5351,Alto Uso,ricostruzione,,s.f.,,,,,,,,http://dizionario.internazionale.it/parola/ricostruzione
5352,Alta Disponibilità,ricotta,,s.f.,,,,,,,,http://dizionario.internazionale.it/parola/ricotta
5353,Alto Uso,ricoverare,,v.tr. e intr.,,,,,,,,http://dizionario.internazionale.it/parola/ricoverare
5354,Alta Disponibilità,ricovero,,s.m.,,,,,,,,http://dizionario.internazionale.it/parola/ricovero
5355,Alta Disponibilità,ricreazione,,s.f.,,,,,,,,http://dizionario.internazionale.it/parola/ricreazione
5356,Alto Uso,ridare,1,v.tr. e intr.,,,,,,,,http://dizionario.internazionale.it/parola/ridare
5357,Fondamentale,ridere,,"v.intr. e tr., s.m.",,,,,Irr PP: riso,,,http://dizionario.internazionale.it/parola/ridere
5358,Alto Uso,ridicolo,,"agg., s.m.",,,,,,,,http://dizionario.internazionale.it/parola/ridicolo
5359,Alto Uso,ridotto,,"p.pass., agg., s.m.",,,,,,,,http://dizionario.internazionale.it/parola/ridotto
5360,Fondamentale,ridurre,,v.tr.,,-durre,,-rre verb,Irr PP: ridotto,,,http://dizionario.internazionale.it/parola/ridurre
5361,Alto Uso,riduzione,,s.f.,,,,,,,,http://dizionario.internazionale.it/parola/riduzione
5362,Fondamentale,riempire,,v.tr.,,,,,,,,http://dizionario.internazionale.it/parola/riempire
5363,Fondamentale,rientrare,,v.intr. e tr.,,,,,,,,http://dizionario.internazionale.it/parola/rientrare
5364,Alto Uso,rientro,,s.m.,,,,,,,,http://dizionario.internazionale.it/parola/rientro
5365,Fondamentale,rifare,,v.tr.,,,,,,,,http://dizionario.internazionale.it/parola/rifare
5366,Fondamentale,riferimento,,s.m.,,,,,,,,http://dizionario.internazionale.it/parola/riferimento
5367,Fondamentale,riferire,1,v.tr. e intr.,,,,"finire ""isc"" conjugation",,,,http://dizionario.internazionale.it/parola/riferire
5368,Alta Disponibilità,rifinire,,v.tr. e intr.,,,,"finire ""isc"" conjugation",,,,http://dizionario.internazionale.it/parola/rifinire
5369,Fondamentale,rifiutare,1,v.tr. e intr.,,,,,,,di,http://dizionario.internazionale.it/parola/rifiutare
5370,Fondamentale,rifiuto,,s.m.,,,,,,,,http://dizionario.internazionale.it/parola/rifiuto
5371,Fondamentale,riflessione,,s.f.,,,,,,,,http://dizionario.internazionale.it/parola/riflessione
5372,Alto Uso,riflesso,1,s.m.,,,,,,,,http://dizionario.internazionale.it/parola/riflesso
5373,Fondamentale,riflettere,,v.tr. e intr.,,,,,Irr PP: riflesso,,,http://dizionario.internazionale.it/parola/riflettere
5374,Alta Disponibilità,riflettore,,"s.m., agg.",,,,,,,,http://dizionario.internazionale.it/parola/riflettore
5375,Alto Uso,riforma,,s.f.,,,,,,,,http://dizionario.internazionale.it/parola/riforma
5376,Alta Disponibilità,rifornimento,,s.m.,,,,,,,,http://dizionario.internazionale.it/parola/rifornimento
5377,Alto Uso,rifugiare,,v.tr.,,,,,,,,http://dizionario.internazionale.it/parola/rifugiare
5378,Alto Uso,rifugio,,s.m.,,,,,,,,http://dizionario.internazionale.it/parola/rifugio
5379,Fondamentale,riga,,s.f.,,,,,,,,http://dizionario.internazionale.it/parola/riga
5380,Alta Disponibilità,rigattiere,,s.m.,,,,,,,,http://dizionario.internazionale.it/parola/rigattiere
5381,Alto Uso,rigido,,agg.,,,,,,,,http://dizionario.internazionale.it/parola/rigido
5382,Alto Uso,rigore,,s.m.,,,,,,,,http://dizionario.internazionale.it/parola/rigore
5383,Alto Uso,rigoroso,,agg.,,,,,,,,http://dizionario.internazionale.it/parola/rigoroso
5384,Alta Disponibilità,rigovernare,,v.tr.,,,,,,,,http://dizionario.internazionale.it/parola/rigovernare
5385,Fondamentale,riguardare,,v.tr. e intr.,,,,,,,,http://dizionario.internazionale.it/parola/riguardare
5386,Fondamentale,riguardo,,s.m.,,,,,,,,http://dizionario.internazionale.it/parola/riguardo
5387,Alto Uso,rilasciare,1,v.tr. e intr.,,,,,,,,http://dizionario.internazionale.it/parola/rilasciare
5388,Fondamentale,rilassare,,v.tr.,,,,,,,,http://dizionario.internazionale.it/parola/rilassare
5389,Alta Disponibilità,rilegare,1,v.tr.,,,,,,,,http://dizionario.internazionale.it/parola/rilegare
5390,Alto Uso,rileggere,,v.tr.,,,,,Irr PP: riletto,,,http://dizionario.internazionale.it/parola/rileggere
5391,Alto Uso,rilevante,,"p.pres., agg.",,rilevare,,,,,,http://dizionario.internazionale.it/parola/rilevante
5392,Alto Uso,rilevare,,v.tr. e intr.,,,,,,,,http://dizionario.internazionale.it/parola/rilevare
5393,Alto Uso,rilievo,,s.m.,,,,,,,,http://dizionario.internazionale.it/parola/rilievo
5394,Alto Uso,rima,1,s.f.,,,,,,,,http://dizionario.internazionale.it/parola/rima
5395,Alto Uso,rimandare,,v.tr.,,,,,,,,http://dizionario.internazionale.it/parola/rimandare
5396,Alta Disponibilità,rimanenza,,s.f.,,,,,,,,http://dizionario.internazionale.it/parola/rimanenza
5397,Fondamentale,rimanere,,v.intr.,,,,,Irr PP: rimasto,Essere,a,http://dizionario.internazionale.it/parola/rimanere
5398,Alta Disponibilità,rimbombare,,v.intr. e tr.,,,,,,,,http://dizionario.internazionale.it/parola/rimbombare
5399,Alta Disponibilità,rimborsare,,v.tr.,,,,,,,,http://dizionario.internazionale.it/parola/rimborsare
5400,Alto Uso,rimediare,,v.intr. e tr.,,,,,,,,http://dizionario.internazionale.it/parola/rimediare
5401,Alto Uso,rimedio,,s.m.,,,,,,,,http://dizionario.internazionale.it/parola/rimedio
5402,Fondamentale,rimettere,,v.tr. e intr.,,,,,Irr PP: rimesso,,,http://dizionario.internazionale.it/parola/rimettere
5403,Alta Disponibilità,rimodernare,,v.tr.,,,,,,,,http://dizionario.internazionale.it/parola/rimodernare
5404,Alta Disponibilità,rimorchio,,s.m.,,,,,,,,http://dizionario.internazionale.it/parola/rimorchio
5405,Alto Uso,rimpiangere,,v.tr.,,,,,Irr PP: rimpianto,,di,http://dizionario.internazionale.it/parola/rimpiangere
5406,Alto Uso,rimproverare,,v.tr.,,,,,,,,http://dizionario.internazionale.it/parola/rimproverare
5407,Alta Disponibilità,rimprovero,,s.m.,,,,,,,,http://dizionario.internazionale.it/parola/rimprovero
5408,Alto Uso,rimuovere,,v.tr.,,,,,Irr PP: rimosso,,,http://dizionario.internazionale.it/parola/rimuovere
5409,Alto Uso,rinascere,,v.intr.,,,,,Irr PP: rinato,Essere,,http://dizionario.internazionale.it/parola/rinascere
5410,Alto Uso,rinascimento,,"s.m., agg.inv.",,,,,,,,http://dizionario.internazionale.it/parola/rinascimento
5411,Alta Disponibilità,rincarare,,v.tr. e intr.,,,,,,,,http://dizionario.internazionale.it/parola/rincarare
5412,Alto Uso,rinchiudere,,v.tr.,,,,,Irr PP: rinchiuso,,,http://dizionario.internazionale.it/parola/rinchiudere
5413,Alta Disponibilità,rincorsa,,s.f.,,,,,,,,http://dizionario.internazionale.it/parola/rincorsa
5414,Alta Disponibilità,rinforzo,,s.m.,,,,,,,,http://dizionario.internazionale.it/parola/rinforzo
5415,Alta Disponibilità,rinfresco,,s.m.,,,,,,,,http://dizionario.internazionale.it/parola/rinfresco
5416,Alta Disponibilità,ringhiare,,"v.intr., v.tr.",,,,,,,,http://dizionario.internazionale.it/parola/ringhiare
5417,Alta Disponibilità,ringhiera,,s.f.,,,,,,,,http://dizionario.internazionale.it/parola/ringhiera
5418,Alta Disponibilità,ringhio,,s.m.,,,,,,,,http://dizionario.internazionale.it/parola/ringhio
5419,Alta Disponibilità,ringiovanire,,v.tr. e intr.,,,,"finire ""isc"" conjugation",,,,http://dizionario.internazionale.it/parola/ringiovanire
5420,Fondamentale,ringraziare,,v.tr.,,,,,,,,http://dizionario.internazionale.it/parola/ringraziare
5421,Alta Disponibilità,rinnegare,,v.tr.,,,,,,,,http://dizionario.internazionale.it/parola/rinnegare
5422,Alto Uso,rinnovare,,"v.tr., v.intr.",,,,,,,,http://dizionario.internazionale.it/parola/rinnovare
5423,Alta Disponibilità,rinoceronte,,s.m.,,,,,,,,http://dizionario.internazionale.it/parola/rinoceronte
5424,Alto Uso,rintracciare,,v.tr.,,,,,,,,http://dizionario.internazionale.it/parola/rintracciare
5425,Alta Disponibilità,rinuncia,,s.f.,,,,,,,,http://dizionario.internazionale.it/parola/rinuncia
5426,Fondamentale,rinunciare,,v.intr. e tr.,,,,,,,a,http://dizionario.internazionale.it/parola/rinunciare
5427,Alto Uso,rinvenire,1,v.tr.,,,,,Irr PP: rinvenuto,Essere,,http://dizionario.internazionale.it/parola/rinvenire
5428,Alto Uso,rinviare,,v.tr.,,,,,,,,http://dizionario.internazionale.it/parola/rinviare
5429,Alta Disponibilità,rinvio,,s.m.,,,,,,,,http://dizionario.internazionale.it/parola/rinvio
5430,Alta Disponibilità,rione,,s.m.,,,,,,,,http://dizionario.internazionale.it/parola/rione
5431,Alta Disponibilità,riordinare,,v.tr.,,,,,,,,http://dizionario.internazionale.it/parola/riordinare
5432,Alto Uso,riparare,1,v.tr. e intr.,,,,,,,,http://dizionario.internazionale.it/parola/riparare
5433,Alto Uso,riparo,,s.m.,,,,,,,,http://dizionario.internazionale.it/parola/riparo
5434,Alto Uso,ripartire,1,v.intr.,,,,"finire ""isc"" conjugation",,Essere,,http://dizionario.internazionale.it/parola/ripartire
5435,Alto Uso,ripartire,2,v.tr.,,,,"finire ""isc"" conjugation",,Essere,,http://dizionario.internazionale.it/parola/ripartire_2
5436,Alta Disponibilità,ripensamento,,s.m.,,,,,,,,http://dizionario.internazionale.it/parola/ripensamento
5437,Alto Uso,ripensare,,"v.intr., v.tr.",,,,,,,,http://dizionario.internazionale.it/parola/ripensare
5438,Alta Disponibilità,ripetente,,"p.pres., agg., s.m. e f.",,ripetere,,,,,,http://dizionario.internazionale.it/parola/ripetente
5439,Fondamentale,ripetere,,v.tr.,,,,,,,di,http://dizionario.internazionale.it/parola/ripetere
5440,Alto Uso,ripetizione,,s.f.,,,,,,,,http://dizionario.internazionale.it/parola/ripetizione
5441,Alta Disponibilità,ripido,,agg.,,,,,,,,http://dizionario.internazionale.it/parola/ripido
5442,Alta Disponibilità,ripiego,,s.m.,,,,,,,,http://dizionario.internazionale.it/parola/ripiego
5443,Alta Disponibilità,ripieno,,"agg., s.m.",,,,,,,,http://dizionario.internazionale.it/parola/ripieno
5444,Fondamentale,riportare,,v.tr.,,,,,,,,http://dizionario.internazionale.it/parola/riportare
5445,Alto Uso,riposare,1,v.intr. e tr.,,,,,,,,http://dizionario.internazionale.it/parola/riposare
5446,Alto Uso,riposo,,"s.m., loc. di comando, s.m.inv.",,,,,,,,http://dizionario.internazionale.it/parola/riposo
5447,Fondamentale,riprendere,,v.tr. e intr.,,,,,Irr PP: ripreso,,a,http://dizionario.internazionale.it/parola/riprendere
5448,Alto Uso,ripresa,,s.f.,,,,,,,,http://dizionario.internazionale.it/parola/ripresa
5449,Alto Uso,riprodurre,,v.tr.,,-durre,,-rre verb,Irr PP: riprodotto,,,http://dizionario.internazionale.it/parola/riprodurre
5450,Fondamentale,riproduzione,,s.f.,,,,,,,,http://dizionario.internazionale.it/parola/riproduzione
5451,Alto Uso,riproporre,,v.tr.,,-porre,,-rre verb,Irr PP: riproposto,,,http://dizionario.internazionale.it/parola/riproporre
5452,Alto Uso,riprovare,1,v.tr. e intr.,,,,,,,,http://dizionario.internazionale.it/parola/riprovare
5453,Alto Uso,ripulire,,v.tr.,,,,"finire ""isc"" conjugation",,,,http://dizionario.internazionale.it/parola/ripulire
5454,Alta Disponibilità,risaia,,s.f.,,,,,,,,http://dizionario.internazionale.it/parola/risaia
5455,Fondamentale,risalire,,v.tr. e intr.,,,,,,Essere,,http://dizionario.internazionale.it/parola/risalire
5456,Alto Uso,risarcimento,,s.m.,,,,,,,,http://dizionario.internazionale.it/parola/risarcimento
5457,Alto Uso,risata,,s.f.,,,,,,,,http://dizionario.internazionale.it/parola/risata
5458,Alto Uso,riscaldamento,,s.m.,,,,,,,,http://dizionario.internazionale.it/parola/riscaldamento
5459,Alto Uso,riscaldare,,v.tr. e intr.,,,,,,,,http://dizionario.internazionale.it/parola/riscaldare
5460,Alta Disponibilità,riscattare,1,v.tr.,,,,,,,,http://dizionario.internazionale.it/parola/riscattare
5461,Alta Disponibilità,riscatto,,s.m.,,,,,,,,http://dizionario.internazionale.it/parola/riscatto
5462,Fondamentale,rischiare,,v.tr.,,,,,,,di,http://dizionario.internazionale.it/parola/rischiare
5463,Fondamentale,rischio,,s.m.,,,,,,,,http://dizionario.internazionale.it/parola/rischio
5464,Alto Uso,rischioso,,agg.,,,,,,,,http://dizionario.internazionale.it/parola/rischioso
5465,Alta Disponibilità,risciacquare,,v.tr.,,,,,,,,http://dizionario.internazionale.it/parola/risciacquare
5466,Alto Uso,riscontrare,,v.tr.,,,,,,,,http://dizionario.internazionale.it/parola/riscontrare
5467,Alto Uso,riscontro,,s.m.,,,,,,,,http://dizionario.internazionale.it/parola/riscontro
5468,Alto Uso,riscuotere,,v.tr.,,,,,Irr PP: riscosso,,,http://dizionario.internazionale.it/parola/riscuotere
5469,Alta Disponibilità,risentimento,,s.m.,,,,,,,,http://dizionario.internazionale.it/parola/risentimento
5470,Alto Uso,risentire,,v.tr. e intr.,,,,,,,,http://dizionario.internazionale.it/parola/risentire
5471,Alto Uso,riserva,,s.f.,,,,,,,,http://dizionario.internazionale.it/parola/riserva
5472,Fondamentale,riservare,,v.tr.,,,,,,,,http://dizionario.internazionale.it/parola/riservare
5473,Fondamentale,riservato,,"p.pass., agg.",,riservare,,,,,,http://dizionario.internazionale.it/parola/riservato
5474,Alto Uso,risiedere,,v.intr.,,,,,,,,http://dizionario.internazionale.it/parola/risiedere
5475,Alto Uso,riso,1,s.m.,,,,,,,,http://dizionario.internazionale.it/parola/riso
5476,Alto Uso,risoluzione,,s.f.,,,,,,,,http://dizionario.internazionale.it/parola/risoluzione
5477,Fondamentale,risolvere,,"v.tr., v.intr.",,,,,Irr PP: risolto,,,http://dizionario.internazionale.it/parola/risolvere
5478,Alto Uso,risonanza,,s.f.,,,,,,,,http://dizionario.internazionale.it/parola/risonanza
5479,Fondamentale,risorsa,,s.f.,,,,,,,,http://dizionario.internazionale.it/parola/risorsa
5480,Alto Uso,risparmiare,,v.tr.,,,,,,,,http://dizionario.internazionale.it/parola/risparmiare
5481,Alto Uso,risparmio,,s.m.,,,,,,,,http://dizionario.internazionale.it/parola/risparmio
5482,Fondamentale,rispettare,,v.tr.,,,,,,,,http://dizionario.internazionale.it/parola/rispettare
5483,Alto Uso,rispettivamente,,avv.,,rispettivo,,,,,,http://dizionario.internazionale.it/parola/rispettivamente
5484,Alto Uso,rispettivo,,agg.,,,,,,,,http://dizionario.internazionale.it/parola/rispettivo
5485,Fondamentale,rispetto,,s.m.,,,,,,,,http://dizionario.internazionale.it/parola/rispetto
5486,Alta Disponibilità,risplendere,,"v.intr., v.tr.",,,,,,,,http://dizionario.internazionale.it/parola/risplendere
5487,Fondamentale,rispondere,,v.intr. e tr.,,,,,Irr PP: risposto,,,http://dizionario.internazionale.it/parola/rispondere
5488,Fondamentale,risposta,,s.f.,,,,,,,,http://dizionario.internazionale.it/parola/risposta
5489,Alto Uso,rissa,1,s.f.,,,,,,,,http://dizionario.internazionale.it/parola/rissa
5490,Alta Disponibilità,ristampare,,v.tr.,,,,,,,,http://dizionario.internazionale.it/parola/ristampare
5491,Fondamentale,ristorante,1,s.m.,,,,,,,,http://dizionario.internazionale.it/parola/ristorante
5492,Alto Uso,ristretto,1,"p.pass., agg., s.m.",,restringere,,,,,,http://dizionario.internazionale.it/parola/ristretto
5493,Fondamentale,risultare,,v.intr. e tr.,,,,,,Essere,,http://dizionario.internazionale.it/parola/risultare
5494,Fondamentale,risultato,,"p.pass., agg., s.m.",,risultare,,,,,,http://dizionario.internazionale.it/parola/risultato
5495,Alto Uso,risvegliare,,v.tr.,,,,,,,,http://dizionario.internazionale.it/parola/risvegliare
5496,Alto Uso,risveglio,1,s.m.,,,,,,,,http://dizionario.internazionale.it/parola/risveglio
5497,Alto Uso,ritagliare,,v.tr.,,,,,,,,http://dizionario.internazionale.it/parola/ritagliare
5498,Alto Uso,ritardare,,v.intr. e tr.,,,,,,,,http://dizionario.internazionale.it/parola/ritardare
5499,Fondamentale,ritardo,,s.m.,,,,,,,,http://dizionario.internazionale.it/parola/ritardo
5500,Fondamentale,ritenere,,v.tr.,,,,,,,di,http://dizionario.internazionale.it/parola/ritenere
5501,Fondamentale,ritirare,,v.tr.,,,,,,,,http://dizionario.internazionale.it/parola/ritirare
5502,Alta Disponibilità,ritirata,,s.f.,,,,,,,,http://dizionario.internazionale.it/parola/ritirata
5503,Alto Uso,ritiro,,s.m.,,,,,,,,http://dizionario.internazionale.it/parola/ritiro
5504,Fondamentale,ritmo,,s.m.,,,,,,,,http://dizionario.internazionale.it/parola/ritmo
5505,Alto Uso,rito,,s.m.,,,,,,,,http://dizionario.internazionale.it/parola/rito
5506,Alta Disponibilità,ritoccare,,v.tr. e intr.,,,,,,,,http://dizionario.internazionale.it/parola/ritoccare
5507,Fondamentale,ritornare,,v.intr. e tr.,,,,,,,,http://dizionario.internazionale.it/parola/ritornare
5508,Alta Disponibilità,ritornello,,s.m.,,,,,,,,http://dizionario.internazionale.it/parola/ritornello
5509,Fondamentale,ritorno,,s.m.,,,,,,,,http://dizionario.internazionale.it/parola/ritorno
5510,Alto Uso,ritrarre,,v.tr. e intr.,,-trarre,,-rre verb,Irr PP: ritratto,,,http://dizionario.internazionale.it/parola/ritrarre
5511,Alto Uso,ritratto,,"p.pass., agg., s.m.",,ritrarre,,,,,,http://dizionario.internazionale.it/parola/ritratto
5512,Fondamentale,ritrovare,,v.tr.,,,,,,,,http://dizionario.internazionale.it/parola/ritrovare
5513,Alta Disponibilità,ritrovo,,s.m.,,,,,,,,http://dizionario.internazionale.it/parola/ritrovo
5514,Alta Disponibilità,ritto,,"agg., s.m., avv., prep.",,,,,,,,http://dizionario.internazionale.it/parola/ritto
5515,Alto Uso,rituale,,"agg., s.m.",,,,,,,,http://dizionario.internazionale.it/parola/rituale
5516,Fondamentale,riunione,,s.f.,,,,,,,,http://dizionario.internazionale.it/parola/riunione
5517,Fondamentale,riunire,,v.tr.,,,,"finire ""isc"" conjugation",,,,http://dizionario.internazionale.it/parola/riunire
5518,Alta Disponibilità,riunito,,"p.pass., agg., s.m.",,,,,,,,http://dizionario.internazionale.it/parola/riunito
5519,Fondamentale,riuscire,,v.intr.,,,,,,Essere,a,http://dizionario.internazionale.it/parola/riuscire
5520,Alta Disponibilità,riuscita,,s.f.,,,,,,,,http://dizionario.internazionale.it/parola/riuscita
5521,Alto Uso,riva,1,s.f.,,,,,,,,http://dizionario.internazionale.it/parola/riva
5522,Alto Uso,rivale,1,"agg., s.m. e f.",,,,,,,,http://dizionario.internazionale.it/parola/rivale
5523,Fondamentale,rivedere,,v.tr.,,,,,Irr PP: rivisto,,,http://dizionario.internazionale.it/parola/rivedere
5524,Fondamentale,rivelare,,v.tr.,,,,,,,,http://dizionario.internazionale.it/parola/rivelare
5525,Alto Uso,rivelazione,,s.f.,,,,,,,,http://dizionario.internazionale.it/parola/rivelazione
5526,Alto Uso,rivendicare,,v.tr.,,,,,,,,http://dizionario.internazionale.it/parola/rivendicare
5527,Alta Disponibilità,rivendita,,s.f.,,,,,,,,http://dizionario.internazionale.it/parola/rivendita
5528,Alta Disponibilità,rivestimento,,s.m.,,,,,,,,http://dizionario.internazionale.it/parola/rivestimento
5529,Alto Uso,rivestire,,v.tr.,,,,,,,,http://dizionario.internazionale.it/parola/rivestire
5530,Alta Disponibilità,rivincita,,s.f.,,,,,,,,http://dizionario.internazionale.it/parola/rivincita
5531,Fondamentale,rivista,,s.f.,,,,,,,,http://dizionario.internazionale.it/parola/rivista
5532,Alto Uso,rivisto,,"p.pass., agg.",,,,,,,,http://dizionario.internazionale.it/parola/rivisto
5533,Fondamentale,rivolgere,,v.tr.,,,,,Irr PP: rivolto,,,http://dizionario.internazionale.it/parola/rivolgere
5534,Alto Uso,rivolta,,s.f.,,,,,,,,http://dizionario.internazionale.it/parola/rivolta
5535,Alta Disponibilità,rivoltare,,v.tr.,,,,,,,,http://dizionario.internazionale.it/parola/rivoltare
5536,Alto Uso,rivoluzionario,,"agg., s.m.",,,,,,,,http://dizionario.internazionale.it/parola/rivoluzionario
5537,Fondamentale,rivoluzione,,s.f.,,,,,,,,http://dizionario.internazionale.it/parola/rivoluzione
5538,Fondamentale,roba,,s.f.,,,,,,,,http://dizionario.internazionale.it/parola/roba
5539,Alto Uso,robot,,s.m.inv.,,,,,,,,http://dizionario.internazionale.it/parola/robot
5540,Alto Uso,robusto,,agg.,,,,,,,,http://dizionario.internazionale.it/parola/robusto
5541,Alta Disponibilità,rocca,1,s.f.,,,,,,,,http://dizionario.internazionale.it/parola/rocca
5542,Alta Disponibilità,rocchetto,1,s.m.,,,,,,,,http://dizionario.internazionale.it/parola/rocchetto
5543,Alto Uso,roccia,,s.f.,,,,,,,,http://dizionario.internazionale.it/parola/roccia
5544,Alta Disponibilità,roccioso,,agg.,,,,,,,,http://dizionario.internazionale.it/parola/roccioso
5545,Alto Uso,rock,,"s.m.inv., agg.inv.",,,,,,,,http://dizionario.internazionale.it/parola/rock
5546,Alta Disponibilità,rodaggio,,s.m.,,,,,,,,http://dizionario.internazionale.it/parola/rodaggio
5547,Alta Disponibilità,rodere,,v.tr. e intr.,,,,,Irr PP: roso,,,http://dizionario.internazionale.it/parola/rodere
5548,Alta Disponibilità,romagnolo,,"agg., s.m.",,,Demonym,,,,,http://dizionario.internazionale.it/parola/romagnolo
5549,Fondamentale,romano,1,"agg., s.m.",,,Demonym,,,,,http://dizionario.internazionale.it/parola/romano
5550,Alto Uso,romantico,,"agg., s.m.",,,,,,,,http://dizionario.internazionale.it/parola/romantico
5551,Fondamentale,romanzo,1,s.m.,,,,,,,,http://dizionario.internazionale.it/parola/romanzo
5552,Alta Disponibilità,rombo,1,s.m.,,,,,,,,http://dizionario.internazionale.it/parola/rombo
5553,Alta Disponibilità,romeno,,"agg., s.m.",,,,,,,,http://dizionario.internazionale.it/parola/romeno
5554,Fondamentale,rompere,,v.tr. e intr.,,,,,Irr PP: rotto,,,http://dizionario.internazionale.it/parola/rompere
5555,Alta Disponibilità,rondine,,s.f.,,,,,,,,http://dizionario.internazionale.it/parola/rondine
5556,Alta Disponibilità,ronzare,,v.intr. e tr.,,,,,,,,http://dizionario.internazionale.it/parola/ronzare
5557,Alta Disponibilità,ronzio,,s.m.,,,,,,,,http://dizionario.internazionale.it/parola/ronzio
5558,Fondamentale,rosa,1,"s.f., s.m.inv., agg.inv.",,,,,,,,http://dizionario.internazionale.it/parola/rosa
5559,Alta Disponibilità,rosario,,s.m.,,,,,,,,http://dizionario.internazionale.it/parola/rosario
5560,Alta Disponibilità,rosato,,"agg., s.m.",,,,,,,,http://dizionario.internazionale.it/parola/rosato
5561,Alta Disponibilità,roseo,,"agg., s.m.",,,,,,,,http://dizionario.internazionale.it/parola/roseo
5562,Alta Disponibilità,rosetta,,s.f.,,,,,,,,http://dizionario.internazionale.it/parola/rosetta
5563,Alta Disponibilità,rosmarino,,s.m.,,,,,,,,http://dizionario.internazionale.it/parola/rosmarino
5564,Alta Disponibilità,rosolia,,s.f.,,,,,,,,http://dizionario.internazionale.it/parola/rosolia
5565,Fondamentale,rosso,,"agg., s.m.",,,Colors,,,,,http://dizionario.internazionale.it/parola/rosso
5566,Alta Disponibilità,rossore,,s.m.,,,,,,,,http://dizionario.internazionale.it/parola/rossore
5567,Alta Disponibilità,rosticceria,,s.f.,,,,,,,,http://dizionario.internazionale.it/parola/rosticceria
5568,Alta Disponibilità,rotaia,,s.f.,,,,,,,,http://dizionario.internazionale.it/parola/rotaia
5569,Alta Disponibilità,rotella,,s.f.,,,,,,,,http://dizionario.internazionale.it/parola/rotella
5570,Alta Disponibilità,rotolare,,v.tr. e intr.,,,,,,,,http://dizionario.internazionale.it/parola/rotolare
5571,Alto Uso,rotondo,,"agg., s.m.",,,,,,,,http://dizionario.internazionale.it/parola/rotondo
5572,Alto Uso,rotta,1,s.f.,,,,,,,,http://dizionario.internazionale.it/parola/rotta
5573,Alto Uso,rotto,,"p.pass., agg., s.m.",,,,,,,,http://dizionario.internazionale.it/parola/rotto
5574,Alto Uso,rottura,,s.f.,,,,,,,,http://dizionario.internazionale.it/parola/rottura
5575,Alta Disponibilità,roulotte,,s.f.inv.,,,,,,,,http://dizionario.internazionale.it/parola/roulotte
5576,Alto Uso,rovesciare,,v.tr.,,,,,,,,http://dizionario.internazionale.it/parola/rovesciare
5577,Alto Uso,rovescio,,"agg., s.m.",,,,,,,,http://dizionario.internazionale.it/parola/rovescio
5578,Alto Uso,rovina,,s.f.,,,,,,,,http://dizionario.internazionale.it/parola/rovina
5579,Fondamentale,rovinare,,v.intr. e tr.,,,,,,,,http://dizionario.internazionale.it/parola/rovinare
5580,Alta Disponibilità,rovo,,s.m.,,,,,,,,http://dizionario.internazionale.it/parola/rovo
5581,Alta Disponibilità,rozzo,,agg.,,,,,,,,http://dizionario.internazionale.it/parola/rozzo
5582,Fondamentale,rubare,,v.tr.,,,,,,,,http://dizionario.internazionale.it/parola/rubare
5583,Alta Disponibilità,rubinetto,1,s.m.,,,,,,,,http://dizionario.internazionale.it/parola/rubinetto
5584,Alto Uso,rubrica,,s.f.,,,,,,,,http://dizionario.internazionale.it/parola/rubrica
5585,Alta Disponibilità,rude,,agg.,,,,,,,,http://dizionario.internazionale.it/parola/rude
5586,Alta Disponibilità,ruga,1,s.f.,,,,,,,,http://dizionario.internazionale.it/parola/ruga
5587,Alta Disponibilità,ruggine,,"s.f., s.m.inv., agg.inv.",,,,,,,,http://dizionario.internazionale.it/parola/ruggine
5588,Alta Disponibilità,ruggire,,v.intr.,,,,"finire ""isc"" conjugation",,,,http://dizionario.internazionale.it/parola/ruggire
5589,Alta Disponibilità,ruggito,,"p.pass., s.m.",,,,,,,,http://dizionario.internazionale.it/parola/ruggito
5590,Alta Disponibilità,rullo,,s.m.,,,,,,,,http://dizionario.internazionale.it/parola/rullo
5591,Alta Disponibilità,rumeno,,"agg., s.m.",,,Demonym,,,,,http://dizionario.internazionale.it/parola/rumeno
5592,Alta Disponibilità,ruminante,,"p.pres., agg., s.m.",,ruminare,,,,,,http://dizionario.internazionale.it/parola/ruminante
5593,Fondamentale,rumore,,s.m.,,,,,,,,http://dizionario.internazionale.it/parola/rumore
5594,Fondamentale,ruolo,,s.m.,,,,,,,,http://dizionario.internazionale.it/parola/ruolo
5595,Alto Uso,ruota,,s.f.,,,,,,,,http://dizionario.internazionale.it/parola/ruota
5596,Alto Uso,ruotare,,v.intr. e tr.,,,,,,,,http://dizionario.internazionale.it/parola/ruotare
5597,Alta Disponibilità,ruscello,,s.m.,,,,,,,,http://dizionario.internazionale.it/parola/ruscello
5598,Alta Disponibilità,ruspa,1,s.f.,,,,,,,,http://dizionario.internazionale.it/parola/ruspa
5599,Alta Disponibilità,russare,,v.intr.,,,,,,,,http://dizionario.internazionale.it/parola/russare
5600,Fondamentale,russo,1,"agg., s.m.",,,Demonym,,,,,http://dizionario.internazionale.it/parola/russo
5601,Alta Disponibilità,rustico,,"agg., s.m.",,,,,,,,http://dizionario.internazionale.it/parola/rustico
5602,Alta Disponibilità,ruttare,,v.intr. e tr.,,,,,,,,http://dizionario.internazionale.it/parola/ruttare
5603,Alta Disponibilità,rutto,,s.m.,,,,,,,,http://dizionario.internazionale.it/parola/rutto
5604,Fondamentale,sabato,,s.m.,,,Days of the Week,,,,,http://dizionario.internazionale.it/parola/sabato
5605,Alto Uso,sabbia,,"s.f., s.m.inv., agg.inv.",,,,,,,,http://dizionario.internazionale.it/parola/sabbia
5606,Alta Disponibilità,sabotare,,v.tr.,,,,,,,,http://dizionario.internazionale.it/parola/sabotare
5607,Alta Disponibilità,saccheggiare,,v.tr.,,,,,,,,http://dizionario.internazionale.it/parola/saccheggiare
5608,Alto Uso,sacchetto,,s.m.,,,,,,,,http://dizionario.internazionale.it/parola/sacchetto
5609,Fondamentale,sacco,,s.m.,,,,,,,,http://dizionario.internazionale.it/parola/sacco
5610,Alto Uso,sacerdote,,s.m.,,,,,,,,http://dizionario.internazionale.it/parola/sacerdote
5611,Alto Uso,sacrificare,,v.tr. e intr.,,,,,,,,http://dizionario.internazionale.it/parola/sacrificare
5612,Alto Uso,sacrificio,,s.m.,,,,,,,,http://dizionario.internazionale.it/parola/sacrificio
5613,Alto Uso,sacro,1,"agg., s.m.",,,,,,,,http://dizionario.internazionale.it/parola/sacro
5614,Alta Disponibilità,safari,,s.m.inv.,,,,,,,,http://dizionario.internazionale.it/parola/safari
5615,Alto Uso,saga,1,s.f.,,,,,,,,http://dizionario.internazionale.it/parola/saga
5616,Alto Uso,saggezza,,s.f.,,saggio,,,,,,http://dizionario.internazionale.it/parola/saggezza
5617,Alto Uso,saggio,1,"agg., s.m.",,,,,,,,http://dizionario.internazionale.it/parola/saggio
5618,Alto Uso,saggio,2,s.m.,,,,,,,,http://dizionario.internazionale.it/parola/saggio_2
5619,Alta Disponibilità,sagra,1,s.f.,,,,,,,,http://dizionario.internazionale.it/parola/sagra
5620,Alta Disponibilità,sagrestano,,"s.m., agg.",,,,,,,,http://dizionario.internazionale.it/parola/sagrestano
5621,Fondamentale,sala,1,s.f.,,,,,,,,http://dizionario.internazionale.it/parola/sala
5622,Alta Disponibilità,salame,,s.m.,,,,,,,,http://dizionario.internazionale.it/parola/salame
5623,Alta Disponibilità,salare,,v.tr.,,,,,,,,http://dizionario.internazionale.it/parola/salare
5624,Alto Uso,salario,,"agg., s.m.",,,,,,,,http://dizionario.internazionale.it/parola/salario
5625,Alta Disponibilità,salatino,,s.m.,,,,,,,,http://dizionario.internazionale.it/parola/salatino
5626,Alto Uso,salato,,"p.pass., agg., s.m.",,salare,,,,,,http://dizionario.internazionale.it/parola/salato
5627,Alta Disponibilità,saldatura,,s.f.,,,,,,,,http://dizionario.internazionale.it/parola/saldatura
5628,Alto Uso,sale,,s.m.,,,,,,,,http://dizionario.internazionale.it/parola/sale
5629,Alta Disponibilità,salice,,s.m.,,,,,,,,http://dizionario.internazionale.it/parola/salice
5630,Alta Disponibilità,saliera,,s.f.,,,,,,,,http://dizionario.internazionale.it/parola/saliera
5631,Fondamentale,salire,1,v.intr. e tr.,,,,,,Essere,,http://dizionario.internazionale.it/parola/salire
5632,Alto Uso,salita,,s.f.,,,,,,,,http://dizionario.internazionale.it/parola/salita
5633,Alta Disponibilità,saliva,,s.f.,,,,,,,,http://dizionario.internazionale.it/parola/saliva
5634,Alta Disponibilità,salmone,1,"s.m., s.m.inv., agg.inv.",,,,,,,,http://dizionario.internazionale.it/parola/salmone
5635,Alto Uso,salone,,s.m.,,,,,,,,http://dizionario.internazionale.it/parola/salone
5636,Alto Uso,salotto,1,s.m.,,,,,,,,http://dizionario.internazionale.it/parola/salotto
5637,Alto Uso,salsa,1,s.f.,,,,,,,,http://dizionario.internazionale.it/parola/salsa
5638,Alta Disponibilità,salsiccia,,s.f.,,,,,,,,http://dizionario.internazionale.it/parola/salsiccia
5639,Fondamentale,saltare,,v.intr. e tr.,,,,,,,,http://dizionario.internazionale.it/parola/saltare
5640,Alta Disponibilità,saltellare,,v.intr.,,,,,,,,http://dizionario.internazionale.it/parola/saltellare
5641,Alto Uso,salto,1,s.m.,,,,,,,,http://dizionario.internazionale.it/parola/salto
5642,Alta Disponibilità,salume,,s.m.,,,,,,,,http://dizionario.internazionale.it/parola/salume
5643,Fondamentale,salutare,2,"v.tr., s.m.",,,,,,,,http://dizionario.internazionale.it/parola/salutare_2
5644,Fondamentale,salute,,"s.f., inter.",,,,,,,,http://dizionario.internazionale.it/parola/salute
5645,Fondamentale,saluto,,s.m.,,,,,,,,http://dizionario.internazionale.it/parola/saluto
5646,Alta Disponibilità,salvadanaio,,s.m.,,,,,,,,http://dizionario.internazionale.it/parola/salvadanaio
5647,Alta Disponibilità,salvagente,,s.m.inv.,,,,,,,,http://dizionario.internazionale.it/parola/salvagente
5648,Fondamentale,salvare,,v.tr.,,,,,,,,http://dizionario.internazionale.it/parola/salvare
5649,Alta Disponibilità,salvaslip,,s.m.inv.,,,,,,,,http://dizionario.internazionale.it/parola/salvaslip
5650,Alto Uso,salvatore,,"agg., s.m.",,,,,,,,http://dizionario.internazionale.it/parola/salvatore
5651,Alto Uso,salve,1,inter.,,,,,,,,http://dizionario.internazionale.it/parola/salve
5652,Alto Uso,salvezza,,s.f.,,salvo,,,,,,http://dizionario.internazionale.it/parola/salvezza
5653,Alta Disponibilità,salvia,,s.f.,,,,,,,,http://dizionario.internazionale.it/parola/salvia
5654,Alta Disponibilità,salvietta,,s.f.,,,,,,,,http://dizionario.internazionale.it/parola/salvietta
5655,Fondamentale,salvo,,"agg., prep.",,,,,,,,http://dizionario.internazionale.it/parola/salvo
5656,Alta Disponibilità,sandalo,1,s.m.,,,,,,,,http://dizionario.internazionale.it/parola/sandalo
5657,Fondamentale,sangue,,"s.m., agg.inv.",,,,,,,,http://dizionario.internazionale.it/parola/sangue
5658,Alta Disponibilità,sanguinare,,v.intr. e tr.,,,,,,,,http://dizionario.internazionale.it/parola/sanguinare
5659,Alta Disponibilità,sanguisuga,,s.f.,,,,,,,,http://dizionario.internazionale.it/parola/sanguisuga
5660,Alto Uso,sanità,,s.f.inv.,,,,,,,,http://dizionario.internazionale.it/parola/sanita
5661,Alta Disponibilità,sanitaria,,s.f.,,,,,,,,http://dizionario.internazionale.it/parola/sanitaria
5662,Alto Uso,sanitario,,"agg., s.m.",,,,,,,,http://dizionario.internazionale.it/parola/sanitario
5663,Fondamentale,sano,,agg.,,,,,,,,http://dizionario.internazionale.it/parola/sano
5664,Fondamentale,santo,,"agg., s.m.",,,,,,,,http://dizionario.internazionale.it/parola/santo
5665,Alto Uso,sanzione,,s.f.,,,,,,,,http://dizionario.internazionale.it/parola/sanzione
5666,Fondamentale,sapere,1,v.tr. e intr.,,,,,,,di,http://dizionario.internazionale.it/parola/sapere
5667,Alto Uso,sapere,2,s.m.,,,,,,,,http://dizionario.internazionale.it/parola/sapere_2
5668,Alta Disponibilità,sapiente,,"agg., s.m.",,,,,,,,http://dizionario.internazionale.it/parola/sapiente
5669,Alto Uso,sapone,1,s.m.,,,,,,,,http://dizionario.internazionale.it/parola/sapone
5670,Alta Disponibilità,saponetta,,s.f.,,,,,,,,http://dizionario.internazionale.it/parola/saponetta
5671,Alto Uso,sapore,,s.m.,,,,,,,,http://dizionario.internazionale.it/parola/sapore
5672,Alta Disponibilità,saporito,,"p.pass., agg.",,,,,,,,http://dizionario.internazionale.it/parola/saporito
5673,Alta Disponibilità,sardina,,s.f.,,,,,,,,http://dizionario.internazionale.it/parola/sardina
5674,Alto Uso,sardo,,"agg., s.m.",,,Demonym,,,,,http://dizionario.internazionale.it/parola/sardo
5675,Alta Disponibilità,sarto,,s.m.,,,,,,,,http://dizionario.internazionale.it/parola/sarto
5676,Alto Uso,sasso,,s.m.,,,,,,,,http://dizionario.internazionale.it/parola/sasso
5677,Alto Uso,satellite,1,s.m.,,,,,,,,http://dizionario.internazionale.it/parola/satellite
5678,Alta Disponibilità,sazio,,"p.pass., agg.",,,,,,,,http://dizionario.internazionale.it/parola/sazio
5679,Alta Disponibilità,sbadato,,"agg., s.m.",,,,,,,,http://dizionario.internazionale.it/parola/sbadato
5680,Alta Disponibilità,sbadigliare,,v.intr. e tr.,,,,,,,,http://dizionario.internazionale.it/parola/sbadigliare
5681,Alta Disponibilità,sbadiglio,,s.m.,,,,,,,,http://dizionario.internazionale.it/parola/sbadiglio
5682,Fondamentale,sbagliare,,v.intr. e tr.,,,,,,,,http://dizionario.internazionale.it/parola/sbagliare
5683,Fondamentale,sbagliato,,"p.pass., agg.",,sbagliare,,,,,,http://dizionario.internazionale.it/parola/sbagliato
5684,Alto Uso,sbaglio,,s.m.,,,,,,,,http://dizionario.internazionale.it/parola/sbaglio
5685,Alta Disponibilità,sbarbare,,v.tr.,,,,,,,,http://dizionario.internazionale.it/parola/sbarbare
5686,Alto Uso,sbarcare,1,v.tr. e intr.,,,,,,,,http://dizionario.internazionale.it/parola/sbarcare
5687,Alta Disponibilità,sbarra,,s.f.,,,,,,,,http://dizionario.internazionale.it/parola/sbarra
5688,Alta Disponibilità,sbarramento,,s.m.,,,,,,,,http://dizionario.internazionale.it/parola/sbarramento
5689,Fondamentale,sbattere,,v.tr. e intr.,,,,,,,,http://dizionario.internazionale.it/parola/sbattere
5690,Alta Disponibilità,sberla,,s.f.,,,,,,,,http://dizionario.internazionale.it/parola/sberla
5691,Alta Disponibilità,sbiadire,,v.intr. e tr.,,,,"finire ""isc"" conjugation",,,,http://dizionario.internazionale.it/parola/sbiadire
5692,Alta Disponibilità,sbiancare,,v.tr. e intr.,,,,,,,,http://dizionario.internazionale.it/parola/sbiancare
5693,Alta Disponibilità,sbigottire,,v.tr. e intr.,,,,"finire ""isc"" conjugation",,,,http://dizionario.internazionale.it/parola/sbigottire
5694,Alta Disponibilità,sbloccare,,v.tr. e intr.,,,,,,,,http://dizionario.internazionale.it/parola/sbloccare
5695,Alta Disponibilità,sboccare,,v.intr. e tr.,,,,,,,,http://dizionario.internazionale.it/parola/sboccare
5696,Alta Disponibilità,sbocciare,1,v.intr.,,,,,,,,http://dizionario.internazionale.it/parola/sbocciare
5697,Alta Disponibilità,sbocco,,s.m.,,,,,,,,http://dizionario.internazionale.it/parola/sbocco
5698,Alta Disponibilità,sbornia,,s.f.,,,,,,,,http://dizionario.internazionale.it/parola/sbornia
5699,Alta Disponibilità,sbottonare,1,v.tr.,,,,,,,,http://dizionario.internazionale.it/parola/sbottonare
5700,Alta Disponibilità,sbriciolare,,v.tr.,,,,,,,,http://dizionario.internazionale.it/parola/sbriciolare
5701,Alto Uso,sbrigare,,v.tr.,,,,,,,a,http://dizionario.internazionale.it/parola/sbrigare
5702,Alta Disponibilità,sbronza,,s.f.,,,,,,,,http://dizionario.internazionale.it/parola/sbronza
5703,Alta Disponibilità,sbronzo,,agg.,,,,,,,,http://dizionario.internazionale.it/parola/sbronzo
5704,Alta Disponibilità,sbucciare,,v.tr.,,,,,,,,http://dizionario.internazionale.it/parola/sbucciare
5705,Alta Disponibilità,sbuffare,,v.intr. e tr.,,,,,,,,http://dizionario.internazionale.it/parola/sbuffare
5706,Alta Disponibilità,scacchiera,,s.f.,,,,,,,,http://dizionario.internazionale.it/parola/scacchiera
5707,Alto Uso,scadenza,,s.f.,,,,,,,,http://dizionario.internazionale.it/parola/scadenza
5708,Alto Uso,scadere,,v.intr.,,cadere,,,,Essere,,http://dizionario.internazionale.it/parola/scadere
5709,Alto Uso,scaffale,,s.m.,,,,,,,,http://dizionario.internazionale.it/parola/scaffale
5710,Alta Disponibilità,scafo,,s.m.,,,,,,,,http://dizionario.internazionale.it/parola/scafo
5711,Fondamentale,scala,1,s.f.,,,,,,,,http://dizionario.internazionale.it/parola/scala
5712,Alto Uso,scalare,2,v.tr.,,,,,,,,http://dizionario.internazionale.it/parola/scalare_2
5713,Alta Disponibilità,scalata,,s.f.,,,,,,,,http://dizionario.internazionale.it/parola/scalata
5714,Alta Disponibilità,scaldabagno,,s.m.,,,,,,,,http://dizionario.internazionale.it/parola/scaldabagno
5715,Alto Uso,scaldare,,"v.tr., v.intr.",,,,,,,,http://dizionario.internazionale.it/parola/scaldare
5716,Alta Disponibilità,scalinata,,s.f.,,,,,,,,http://dizionario.internazionale.it/parola/scalinata
5717,Alta Disponibilità,scalino,,s.m.,,,,,,,,http://dizionario.internazionale.it/parola/scalino
5718,Alta Disponibilità,scalpello,,s.m.,,,,,,,,http://dizionario.internazionale.it/parola/scalpello
5719,Alta Disponibilità,scalzo,1,agg.,,,,,,,,http://dizionario.internazionale.it/parola/scalzo
5720,Fondamentale,scambiare,,v.tr.,,,,,,,,http://dizionario.internazionale.it/parola/scambiare
5721,Fondamentale,scambio,,s.m.,,,,,,,,http://dizionario.internazionale.it/parola/scambio
5722,Alta Disponibilità,scamorza,,s.f.,,,,,,,,http://dizionario.internazionale.it/parola/scamorza
5723,Alta Disponibilità,scampagnata,,s.f.,,,,,,,,http://dizionario.internazionale.it/parola/scampagnata
5724,Alta Disponibilità,scampo,2,s.m.,,,,,,,,http://dizionario.internazionale.it/parola/scampo_2
5725,Alta Disponibilità,scandalizzare,,v.tr.,,,,,,,,http://dizionario.internazionale.it/parola/scandalizzare
5726,Alto Uso,scandalo,,s.m.,,,,,,,,http://dizionario.internazionale.it/parola/scandalo
5727,Alto Uso,scandire,,v.tr.,,,,"finire ""isc"" conjugation",,,,http://dizionario.internazionale.it/parola/scandire
5728,Alta Disponibilità,scansare,,v.tr.,,,,,,,,http://dizionario.internazionale.it/parola/scansare
5729,Alta Disponibilità,scapito,,s.m.,,,,,,,,http://dizionario.internazionale.it/parola/scapito
5730,Alta Disponibilità,scappamento,,s.m.,,,,,,,,http://dizionario.internazionale.it/parola/scappamento
5731,Fondamentale,scappare,,v.intr.,,,,,,,,http://dizionario.internazionale.it/parola/scappare
5732,Alta Disponibilità,scappatoia,,s.f.,,,,,,,,http://dizionario.internazionale.it/parola/scappatoia
5733,Alta Disponibilità,scarabocchiare,,v.tr.,,,,,,,,http://dizionario.internazionale.it/parola/scarabocchiare
5734,Alta Disponibilità,scarabocchio,,s.m.,,,,,,,,http://dizionario.internazionale.it/parola/scarabocchio
5735,Alta Disponibilità,scarafaggio,,s.m.,,,,,,,,http://dizionario.internazionale.it/parola/scarafaggio
5736,Alta Disponibilità,scarcerare,,v.tr.,,,,,,,,http://dizionario.internazionale.it/parola/scarcerare
5737,Fondamentale,scaricare,,v.tr.,,,,,,,,http://dizionario.internazionale.it/parola/scaricare
5738,Alta Disponibilità,scaricatore,,s.m.,,,,,,,,http://dizionario.internazionale.it/parola/scaricatore
5739,Alto Uso,scarico,1,s.m.,,,,,,,,http://dizionario.internazionale.it/parola/scarico
5740,Alta Disponibilità,scarlattina,,s.f.,,,,,,,,http://dizionario.internazionale.it/parola/scarlattina
5741,Fondamentale,scarpa,1,s.f.,,,,,,,,http://dizionario.internazionale.it/parola/scarpa
5742,Alta Disponibilità,scarpiera,,s.f.,,,,,,,,http://dizionario.internazionale.it/parola/scarpiera
5743,Alta Disponibilità,scarpone,,s.m.,,,,,,,,http://dizionario.internazionale.it/parola/scarpone
5744,Alto Uso,scarso,,agg.,,,,,,,,http://dizionario.internazionale.it/parola/scarso
5745,Alto Uso,scartare,1,v.tr.,,,,,,,,http://dizionario.internazionale.it/parola/scartare
5746,Alto Uso,scatenare,,v.tr.,,,,,,,,http://dizionario.internazionale.it/parola/scatenare
5747,Fondamentale,scatola,,s.f.,,,,,,,,http://dizionario.internazionale.it/parola/scatola
5748,Fondamentale,scattare,,v.intr. e tr.,,,,,,,,http://dizionario.internazionale.it/parola/scattare
5749,Alto Uso,scatto,,s.m.,,,,,,,,http://dizionario.internazionale.it/parola/scatto
5750,Alta Disponibilità,scavalcare,,"v.tr., v.intr.",,,,,,,,http://dizionario.internazionale.it/parola/scavalcare
5751,Alto Uso,scavare,,v.tr.,,,,,,,,http://dizionario.internazionale.it/parola/scavare
5752,Alta Disponibilità,scavo,,s.m.,,,,,,,,http://dizionario.internazionale.it/parola/scavo
5753,Fondamentale,scegliere,,v.tr.,,,,,Irr PP: scelto,,,http://dizionario.internazionale.it/parola/scegliere
5754,Fondamentale,scelta,,s.f.,,,,,,,,http://dizionario.internazionale.it/parola/scelta
5755,Alto Uso,scemo,,"p.pass., agg., s.m.",,,,,,,,http://dizionario.internazionale.it/parola/scemo
5756,Fondamentale,scena,,s.f.,,,,,,,,http://dizionario.internazionale.it/parola/scena
5757,Alto Uso,scenario,,s.m.,,,,,,,,http://dizionario.internazionale.it/parola/scenario
5758,Fondamentale,scendere,,v.intr. e tr.,,,,,Irr PP: sceso,Essere,,http://dizionario.internazionale.it/parola/scendere
5759,Alto Uso,sceneggiatura,,s.f.,,,,,,,,http://dizionario.internazionale.it/parola/sceneggiatura
5760,Alta Disponibilità,sceriffo,1,s.m.,,,,,,,,http://dizionario.internazionale.it/parola/sceriffo
5761,Alto Uso,scheda,,s.f.,,,,,,,,http://dizionario.internazionale.it/parola/scheda
5762,Alta Disponibilità,schedario,,s.m.,,,,,,,,http://dizionario.internazionale.it/parola/schedario
5763,Alta Disponibilità,scheggia,,s.f.,,,,,,,,http://dizionario.internazionale.it/parola/scheggia
5764,Alta Disponibilità,scheletro,,s.m.,,,,,,,,http://dizionario.internazionale.it/parola/scheletro
5765,Alto Uso,schema,,s.m.,,,,,,,,http://dizionario.internazionale.it/parola/schema
5766,Fondamentale,schermo,,s.m.,,,,,,,,http://dizionario.internazionale.it/parola/schermo
5767,Fondamentale,scherzare,,"v.intr., v.tr.",,,,,,,,http://dizionario.internazionale.it/parola/scherzare
5768,Alto Uso,scherzo,,s.m.,,,,,,,,http://dizionario.internazionale.it/parola/scherzo
5769,Alta Disponibilità,scherzoso,,agg.,,,,,,,,http://dizionario.internazionale.it/parola/scherzoso
5770,Alto Uso,schiacciare,,v.tr.,,,,,,,,http://dizionario.internazionale.it/parola/schiacciare
5771,Alta Disponibilità,schiacciato,,"p.pass., agg.",,schiacciare,,,,,,http://dizionario.internazionale.it/parola/schiacciato
5772,Alto Uso,schiaffo,,s.m.,,,,,,,,http://dizionario.internazionale.it/parola/schiaffo
5773,Alto Uso,schiavo,,"agg., s.m.",,,,,,,,http://dizionario.internazionale.it/parola/schiavo
5774,Fondamentale,schiena,,s.f.,,,,,,,,http://dizionario.internazionale.it/parola/schiena
5775,Alto Uso,schierare,,v.tr.,,,,,,,,http://dizionario.internazionale.it/parola/schierare
5776,Alta Disponibilità,schietto,,agg.,,,,,,,,http://dizionario.internazionale.it/parola/schietto
5777,Fondamentale,schifo,1,"s.m., agg.",,,,,,,,http://dizionario.internazionale.it/parola/schifo
5778,Alta Disponibilità,schiuma,,s.f.,,,,,,,,http://dizionario.internazionale.it/parola/schiuma
5779,Alto Uso,schizzare,,v.intr. e tr.,,,,,,,,http://dizionario.internazionale.it/parola/schizzare
5780,Alto Uso,schizzo,,s.m.,,,,,,,,http://dizionario.internazionale.it/parola/schizzo
5781,Alto Uso,sci,,s.m.inv.,,,,,,,,http://dizionario.internazionale.it/parola/sci
5782,Alto Uso,scia,,s.f.,,,,,,,,http://dizionario.internazionale.it/parola/scia
5783,Alta Disponibilità,sciacquare,,"v.tr., v.intr.",,,,,,,,http://dizionario.internazionale.it/parola/sciacquare
5784,Alta Disponibilità,scialle,,s.m.,,,,,,,,http://dizionario.internazionale.it/parola/scialle
5785,Alta Disponibilità,sciame,,s.m.,,,,,,,,http://dizionario.internazionale.it/parola/sciame
5786,Alta Disponibilità,sciare,1,v.intr.,,,,,,,,http://dizionario.internazionale.it/parola/sciare
5787,Alta Disponibilità,sciarpa,,s.f.,,,,,,,,http://dizionario.internazionale.it/parola/sciarpa
5788,Alta Disponibilità,sciatore,,s.m.,,,,,,,,http://dizionario.internazionale.it/parola/sciatore
5789,Fondamentale,scientifico,,"agg., s.m.",,,,,,,,http://dizionario.internazionale.it/parola/scientifico
5790,Fondamentale,scienza,,s.f.,,,,,,,,http://dizionario.internazionale.it/parola/scienza
5791,Alto Uso,scienziato,,"s.m., agg.",,,,,,,,http://dizionario.internazionale.it/parola/scienziato
5792,Alto Uso,scimmia,,s.f.,,,,,,,,http://dizionario.internazionale.it/parola/scimmia
5793,Alto Uso,scintilla,,s.f.,,,,,,,,http://dizionario.internazionale.it/parola/scintilla
5794,Alto Uso,sciocchezza,,s.f.,,,,,,,,http://dizionario.internazionale.it/parola/sciocchezza
5795,Alto Uso,sciocco,,"agg., s.m.",,,,,,,,http://dizionario.internazionale.it/parola/sciocco
5796,Alto Uso,sciogliere,,v.tr. e intr.,,,,,Irr PP: sciolto,,,http://dizionario.internazionale.it/parola/sciogliere
5797,Alta Disponibilità,scioperare,,v.intr. e tr.,,,,,,,,http://dizionario.internazionale.it/parola/scioperare
5798,Alto Uso,sciopero,,s.m.,,,,,,,,http://dizionario.internazionale.it/parola/sciopero
5799,Alta Disponibilità,scirocco,,s.m.,,,,,,,,http://dizionario.internazionale.it/parola/scirocco
5800,Alta Disponibilità,sciroppo,,s.m.,,,,,,,,http://dizionario.internazionale.it/parola/sciroppo
5801,Alto Uso,scivolare,,v.intr.,,,,,,,,http://dizionario.internazionale.it/parola/scivolare
5802,Alta Disponibilità,scivolata,,s.f.,,,,,,,,http://dizionario.internazionale.it/parola/scivolata
5803,Alta Disponibilità,scivolo,,s.m.,,,,,,,,http://dizionario.internazionale.it/parola/scivolo
5804,Alta Disponibilità,scocciare,1,v.tr.,,,,,,,,http://dizionario.internazionale.it/parola/scocciare
5805,Alta Disponibilità,scodella,,s.f.,,,,,,,,http://dizionario.internazionale.it/parola/scodella
5806,Alta Disponibilità,scodinzolare,,v.intr.,,,,,,,,http://dizionario.internazionale.it/parola/scodinzolare
5807,Alta Disponibilità,scoglio,1,s.m.,,,,,,,,http://dizionario.internazionale.it/parola/scoglio
5808,Alta Disponibilità,scoiattolo,,s.m.,,,,,,,,http://dizionario.internazionale.it/parola/scoiattolo
5809,Alta Disponibilità,scolapiatti,,s.m.inv.,,,,,,,,http://dizionario.internazionale.it/parola/scolapiatti
5810,Alta Disponibilità,scolaro,,s.m.,,,,,,,,http://dizionario.internazionale.it/parola/scolaro
5811,Alto Uso,scolastico,,"agg., s.m.",,,,,,,,http://dizionario.internazionale.it/parola/scolastico
5812,Alta Disponibilità,scolpire,,v.tr.,,,,"finire ""isc"" conjugation",,,,http://dizionario.internazionale.it/parola/scolpire
5813,Alto Uso,scommessa,,s.f.,,,,,,,,http://dizionario.internazionale.it/parola/scommessa
5814,Alto Uso,scommettere,1,v.tr.,,,,,Irr PP: scommesso,,,http://dizionario.internazionale.it/parola/scommettere
5815,Alta Disponibilità,scomodo,2,agg.,,,,,,,,http://dizionario.internazionale.it/parola/scomodo_2
5816,Fondamentale,scomparire,,v.intr.,,,,,,Essere,,http://dizionario.internazionale.it/parola/scomparire
5817,Alto Uso,scomparsa,1,s.f.,,,,,,,,http://dizionario.internazionale.it/parola/scomparsa
5818,Alta Disponibilità,scompartimento,,s.m.,,,,,,,,http://dizionario.internazionale.it/parola/scompartimento
5819,Alto Uso,sconfiggere,1,v.tr.,,,,,Irr PP: sconfitto,,,http://dizionario.internazionale.it/parola/sconfiggere
5820,Alto Uso,sconfitta,1,s.f.,,,,,,,,http://dizionario.internazionale.it/parola/sconfitta
5821,Alta Disponibilità,scongelare,,v.tr.,,,,,,,,http://dizionario.internazionale.it/parola/scongelare
5822,Fondamentale,sconosciuto,,"p.pass., agg.",,sconoscere,,,,,,http://dizionario.internazionale.it/parola/sconosciuto
5823,Alta Disponibilità,sconsigliare,,v.tr.,,,,,,,,http://dizionario.internazionale.it/parola/sconsigliare
5824,Alto Uso,scontato,,"p.pass., agg.",,scontare,,,,,,http://dizionario.internazionale.it/parola/scontato
5825,Alta Disponibilità,scontento,2,agg.,,,,,,,,http://dizionario.internazionale.it/parola/scontento_2
5826,Alto Uso,sconto,,s.m.,,,,,,,,http://dizionario.internazionale.it/parola/sconto
5827,Alto Uso,scontrare,,v.tr.,,,,,,,,http://dizionario.internazionale.it/parola/scontrare
5828,Alto Uso,scontro,,s.m.,,,,,,,,http://dizionario.internazionale.it/parola/scontro
5829,Alto Uso,sconvolgere,,v.tr.,,,,,Irr PP: sconvolto,,,http://dizionario.internazionale.it/parola/sconvolgere
5830,Alta Disponibilità,scopa,1,s.f.,,,,,,,,http://dizionario.internazionale.it/parola/scopa
5831,Alto Uso,scopare,,v.tr. e intr.,,,,,,,,http://dizionario.internazionale.it/parola/scopare
5832,Fondamentale,scoperta,,s.f.,,,,,,,,http://dizionario.internazionale.it/parola/scoperta
5833,Fondamentale,scopo,1,s.m.,,,,,,,,http://dizionario.internazionale.it/parola/scopo
5834,Fondamentale,scoppiare,1,"v.intr., v.tr.",,,,,,,,http://dizionario.internazionale.it/parola/scoppiare
5835,Fondamentale,scoprire,,v.tr.,,,,,Irr PP: scoperto,,,http://dizionario.internazionale.it/parola/scoprire
5836,Alto Uso,scordare,1,v.tr.,,,,,,,,http://dizionario.internazionale.it/parola/scordare
5837,Alto Uso,scorgere,,v.tr.,,,,,Irr PP: scorto,,,http://dizionario.internazionale.it/parola/scorgere
5838,Alta Disponibilità,scorpione,,"s.m., s.m.inv.",,,,,,,,http://dizionario.internazionale.it/parola/scorpione
5839,Fondamentale,scorrere,,v.intr. e tr.,,,,,Irr PP: scorso,,,http://dizionario.internazionale.it/parola/scorrere
5840,Alta Disponibilità,scorretto,,agg.,,,,,,,,http://dizionario.internazionale.it/parola/scorretto
5841,Fondamentale,scorso,,"p.pass., agg., s.m.",,,,,,,,http://dizionario.internazionale.it/parola/scorso
5842,Alto Uso,scorta,,s.f.,,,,,,,,http://dizionario.internazionale.it/parola/scorta
5843,Alta Disponibilità,scortese,,agg.,,,,,,,,http://dizionario.internazionale.it/parola/scortese
5844,Alta Disponibilità,scossa,,s.f.,,,,,,,,http://dizionario.internazionale.it/parola/scossa
5845,Alta Disponibilità,scout,,"s.m. e f.inv., agg.inv.",,,,,,,,http://dizionario.internazionale.it/parola/scout
5846,Alta Disponibilità,scozzese,,"agg., s.m. e f.",,,,,,,,http://dizionario.internazionale.it/parola/scozzese
5847,Alta Disponibilità,screpolare,,v.tr. e intr.,,,,,,,,http://dizionario.internazionale.it/parola/screpolare
5848,Alta Disponibilità,scricchiolare,,v.intr.,,,,,,,,http://dizionario.internazionale.it/parola/scricchiolare
5849,Alto Uso,scritta,,s.f.,,,,,,,,http://dizionario.internazionale.it/parola/scritta
5850,Alto Uso,scritto,,"p.pass., agg., s.m.",,,,,,,,http://dizionario.internazionale.it/parola/scritto
5851,Fondamentale,scrittore,,s.m.,,,,,,,,http://dizionario.internazionale.it/parola/scrittore
5852,Fondamentale,scrittura,,s.f.,,,,,,,,http://dizionario.internazionale.it/parola/scrittura
5853,Alto Uso,scrivania,,s.f.,,,,,,,,http://dizionario.internazionale.it/parola/scrivania
5854,Fondamentale,scrivere,,v.tr.,,,,,Irr PP: scritto,,,http://dizionario.internazionale.it/parola/scrivere
5855,Alta Disponibilità,scrofa,,s.f.,,,,,,,,http://dizionario.internazionale.it/parola/scrofa
5856,Alta Disponibilità,scrupolo,,s.m.,,,,,,,,http://dizionario.internazionale.it/parola/scrupolo
5857,Alta Disponibilità,scudetto,,s.m.,,,,,,,,http://dizionario.internazionale.it/parola/scudetto
5858,Alto Uso,scudo,,s.m.,,,,,,,,http://dizionario.internazionale.it/parola/scudo
5859,Alta Disponibilità,scultore,,s.m.,,,,,,,,http://dizionario.internazionale.it/parola/scultore
5860,Alto Uso,scultura,,s.f.,,,,,,,,http://dizionario.internazionale.it/parola/scultura
5861,Fondamentale,scuola,,s.f.,,,,,,,,http://dizionario.internazionale.it/parola/scuola
5862,Alto Uso,scuotere,,v.tr.,,,,,Irr PP: scosso,,,http://dizionario.internazionale.it/parola/scuotere
5863,Alta Disponibilità,scure,,s.f.,,,,,,,,http://dizionario.internazionale.it/parola/scure
5864,Alta Disponibilità,scurire,,v.tr. e intr.,,,,"finire ""isc"" conjugation",,,,http://dizionario.internazionale.it/parola/scurire
5865,Alto Uso,scuro,1,"agg., s.m., avv.",,,,,,,,http://dizionario.internazionale.it/parola/scuro
5866,Fondamentale,scusa,,s.f.,,,,,,,,http://dizionario.internazionale.it/parola/scusa
5867,Fondamentale,scusare,,v.tr. e intr.,,,,,,,,http://dizionario.internazionale.it/parola/scusare
5868,Alta Disponibilità,sdebitarsi,,v.pronom.intr.,,,,,,,,http://dizionario.internazionale.it/parola/sdebitarsi
5869,Alta Disponibilità,sdegnare,,v.tr.,,,,,,,,http://dizionario.internazionale.it/parola/sdegnare
5870,Alto Uso,sdraiare,,v.tr.,,,,,,,,http://dizionario.internazionale.it/parola/sdraiare
5871,Alta Disponibilità,sdraiato,,"p.pass., agg.",,sdraiare,,,,,,http://dizionario.internazionale.it/parola/sdraiato
5872,Fondamentale,se,1,pron.pers. di terza pers.m. e f.sing. e pl.,Pronoun,,Pron. Pers.,,,,,http://dizionario.internazionale.it/parola/se
5873,Fondamentale,se,2,"cong., s.m.inv.",Conjunction,,,,,,,http://dizionario.internazionale.it/parola/se_2
5874,Alto Uso,sebbene,,cong.,,,,,,,,http://dizionario.internazionale.it/parola/sebbene
5875,Alto Uso,seccare,,v.tr. e intr.,,,,,,,,http://dizionario.internazionale.it/parola/seccare
5876,Alta Disponibilità,seccatura,,s.f.,,,,,,,,http://dizionario.internazionale.it/parola/seccatura
5877,Alto Uso,secchio,,s.m.,,,,,,,,http://dizionario.internazionale.it/parola/secchio
5878,Alto Uso,secchione,,s.m.,,,,,,,,http://dizionario.internazionale.it/parola/secchione
5879,Fondamentale,secco,,"agg., s.m.",,,,,,,,http://dizionario.internazionale.it/parola/secco
5880,Fondamentale,secolo,,s.m.,,,,,,,,http://dizionario.internazionale.it/parola/secolo
5881,Alto Uso,seconda,1,s.f.,,,,,,,,http://dizionario.internazionale.it/parola/seconda
5882,Alto Uso,secondario,,"agg., s.m.",,,,,,,,http://dizionario.internazionale.it/parola/secondario
5883,Fondamentale,secondo,1,"agg.num.ord., s.m., avv.",,,Numbers,,,,,http://dizionario.internazionale.it/parola/secondo
5884,Fondamentale,secondo,2,"prep., cong.",,,,,,,,http://dizionario.internazionale.it/parola/secondo_2
5885,Alta Disponibilità,sedano,,s.m.,,,,,,,,http://dizionario.internazionale.it/parola/sedano
5886,Fondamentale,sede,,s.f.,,,,,,,,http://dizionario.internazionale.it/parola/sede
5887,Fondamentale,sedere,1,v.intr. e tr.,,,,,,,,http://dizionario.internazionale.it/parola/sedere
5888,Fondamentale,sedia,,s.f.,,,,,,,,http://dizionario.internazionale.it/parola/sedia
5889,Alto Uso,sedici,,"agg.num.card.inv., s.m.inv., s.f.pl., s.m.pl.",,,Numbers,,,,,http://dizionario.internazionale.it/parola/sedici
5890,Alto Uso,sedile,,s.m.,,,,,,,,http://dizionario.internazionale.it/parola/sedile
5891,Alto Uso,sedurre,,v.tr.,,-durre,,-rre verb,Irr PP: sedotto,,,http://dizionario.internazionale.it/parola/sedurre
5892,Alto Uso,seduta,,s.f.,,,,,,,,http://dizionario.internazionale.it/parola/seduta
5893,Alta Disponibilità,seduttore,,"agg., s.m.",,,,,,,,http://dizionario.internazionale.it/parola/seduttore
5894,Alta Disponibilità,seggiolino,,s.m.,,,,,,,,http://dizionario.internazionale.it/parola/seggiolino
5895,Alta Disponibilità,seggiovia,,s.f.,,,,,,,,http://dizionario.internazionale.it/parola/seggiovia
5896,Alta Disponibilità,segheria,,s.f.,,,,,,,,http://dizionario.internazionale.it/parola/segheria
5897,Alto Uso,segmento,,s.m.,,,,,,,,http://dizionario.internazionale.it/parola/segmento
5898,Fondamentale,segnalare,,v.tr.,,,,,,,,http://dizionario.internazionale.it/parola/segnalare
5899,Alto Uso,segnalazione,,s.f.,,,,,,,,http://dizionario.internazionale.it/parola/segnalazione
5900,Fondamentale,segnale,,s.m.,,,,,,,,http://dizionario.internazionale.it/parola/segnale
5901,Fondamentale,segnare,,v.tr.,,,,,,,,http://dizionario.internazionale.it/parola/segnare
5902,Fondamentale,segno,,s.m.,,,,,,,,http://dizionario.internazionale.it/parola/segno
5903,Alto Uso,segretaria,,s.f.,,,,,,,,http://dizionario.internazionale.it/parola/segretaria
5904,Alto Uso,segretario,,s.m.,,,,,,,,http://dizionario.internazionale.it/parola/segretario
5905,Alto Uso,segreteria,,s.f.,,,,,,,,http://dizionario.internazionale.it/parola/segreteria
5906,Fondamentale,segreto,1,s.m.,,,,,,,,http://dizionario.internazionale.it/parola/segreto
5907,Fondamentale,segreto,2,"agg., s.m., avv.",,,,,,,,http://dizionario.internazionale.it/parola/segreto_2
5908,Fondamentale,seguente,,"p.pres., agg., s.m. e f.",,seguire,,,,,,http://dizionario.internazionale.it/parola/seguente
5909,Fondamentale,seguire,,v.tr. e intr.,,,,,,,,http://dizionario.internazionale.it/parola/seguire
5910,Fondamentale,seguito,1,s.m.,,,,,,,,http://dizionario.internazionale.it/parola/seguito
5911,Fondamentale,sei,,"agg.num.card.inv., s.m.inv., s.f.pl.",,,Numbers,,,,,http://dizionario.internazionale.it/parola/sei
5912,Alto Uso,selezionare,,v.tr.,,,,,,,,http://dizionario.internazionale.it/parola/selezionare
5913,Alto Uso,selezione,,s.f.,,,,,,,,http://dizionario.internazionale.it/parola/selezione
5914,Alta Disponibilità,selva,,s.f.,,,,,,,,http://dizionario.internazionale.it/parola/selva
5915,Alta Disponibilità,selvaggina,,s.f.,,,,,,,,http://dizionario.internazionale.it/parola/selvaggina
5916,Alto Uso,selvaggio,,"agg., s.m.",,,,,,,,http://dizionario.internazionale.it/parola/selvaggio
5917,Alta Disponibilità,semaforo,,s.m.,,,,,,,,http://dizionario.internazionale.it/parola/semaforo
5918,Alto Uso,semantico,,agg.,,,,,,,,http://dizionario.internazionale.it/parola/semantico
5919,Fondamentale,sembrare,,v.intr.,,,,,,Essere,,http://dizionario.internazionale.it/parola/sembrare
5920,Alto Uso,seme,,s.m.,,,,,,,,http://dizionario.internazionale.it/parola/seme
5921,Alta Disponibilità,semestre,,s.m.,,,,,,,,http://dizionario.internazionale.it/parola/semestre
5922,Alta Disponibilità,semifreddo,,"agg., s.m.",,,,,,,,http://dizionario.internazionale.it/parola/semifreddo
5923,Alto Uso,seminare,,v.tr.,,,,,,,,http://dizionario.internazionale.it/parola/seminare
5924,Alto Uso,semmai,,"cong., avv.",,,,,,,,http://dizionario.internazionale.it/parola/semmai
5925,Alta Disponibilità,semolino,,s.m.,,,,,,,,http://dizionario.internazionale.it/parola/semolino
5926,Fondamentale,semplice,,"agg., s.m.",,,,,,,,http://dizionario.internazionale.it/parola/semplice
5927,Fondamentale,semplicemente,,avv.,,semplice,,,,,,http://dizionario.internazionale.it/parola/semplicemente
5928,Alto Uso,semplicità,,s.f.inv.,,,,,,,,http://dizionario.internazionale.it/parola/semplicita
5929,Alto Uso,semplificare,,v.tr.,,,,,,,,http://dizionario.internazionale.it/parola/semplificare
5930,Fondamentale,sempre,,avv.,,,,,,,,http://dizionario.internazionale.it/parola/sempre
5931,Alta Disponibilità,senape,,"s.f., s.m.inv., agg.inv.",,,,,,,,http://dizionario.internazionale.it/parola/senape
5932,Alto Uso,senato,1,s.m.,,,,,,,,http://dizionario.internazionale.it/parola/senato
5933,Alto Uso,senatore,,s.m.,,,,,,,,http://dizionario.internazionale.it/parola/senatore
5934,Alto Uso,sennò,,avv.,,,,,,,,http://dizionario.internazionale.it/parola/senno
5935,Fondamentale,seno,1,s.m.,,,,,,,,http://dizionario.internazionale.it/parola/seno
5936,Fondamentale,sensazione,,s.f.,,,,,,,,http://dizionario.internazionale.it/parola/sensazione
5937,Alto Uso,sensibile,,"agg., s.m., s.f.",,,,,,,,http://dizionario.internazionale.it/parola/sensibile
5938,Alto Uso,sensibilità,,s.f.inv.,,,,,,,,http://dizionario.internazionale.it/parola/sensibilita
5939,Fondamentale,senso,,s.m.,,,,,,,,http://dizionario.internazionale.it/parola/senso
5940,Alto Uso,sensuale,,agg.,,,,,,,,http://dizionario.internazionale.it/parola/sensuale
5941,Fondamentale,sentenza,,s.f.,,,,,,,,http://dizionario.internazionale.it/parola/sentenza
5942,Alto Uso,sentiero,,s.m.,,,,,,,,http://dizionario.internazionale.it/parola/sentiero
5943,Alto Uso,sentimentale,,"agg., s.m. e f.",,,,,,,,http://dizionario.internazionale.it/parola/sentimentale
5944,Fondamentale,sentimento,,s.m.,,,,,,,,http://dizionario.internazionale.it/parola/sentimento
5945,Fondamentale,sentire,1,"v.tr., v.intr.",,,,,,,,http://dizionario.internazionale.it/parola/sentire
5946,Alto Uso,sentito,,"p.pass., agg.",,,,,,,,http://dizionario.internazionale.it/parola/sentito
5947,Fondamentale,senza,,"prep., cong., inter.",,,,,,,,http://dizionario.internazionale.it/parola/senza
5948,Fondamentale,separare,,v.tr.,,,,,,,,http://dizionario.internazionale.it/parola/separare
5949,Alto Uso,separato,,"p.pass., agg., s.m.",,separare,,,,,,http://dizionario.internazionale.it/parola/separato
5950,Alto Uso,separazione,,s.f.,,,,,,,,http://dizionario.internazionale.it/parola/separazione
5951,Alto Uso,sepolto,,"p.pass., agg., s.m.",,,,,,,,http://dizionario.internazionale.it/parola/sepolto
5952,Alto Uso,seppellire,,v.tr.,,,,"finire ""isc"" conjugation",,,,http://dizionario.internazionale.it/parola/seppellire
5953,Alta Disponibilità,seppia,,"s.f., agg.inv., s.m.inv.",,,,,,,,http://dizionario.internazionale.it/parola/seppia
5954,Alto Uso,sequenza,,s.f.,,,,,,,,http://dizionario.internazionale.it/parola/sequenza
5955,Alto Uso,sequestrare,,v.tr.,,,,,,,,http://dizionario.internazionale.it/parola/sequestrare
5956,Alto Uso,sequestro,,s.m.,,,,,,,,http://dizionario.internazionale.it/parola/sequestro
5957,Fondamentale,sera,,s.f.,,,,,,,,http://dizionario.internazionale.it/parola/sera
5958,Fondamentale,serata,,s.f.,,,,,,,,http://dizionario.internazionale.it/parola/serata
5959,Alta Disponibilità,serbo,1,"agg., s.m.",,,Demonym,,,,,http://dizionario.internazionale.it/parola/serbo
5960,Alta Disponibilità,serenata,,s.f.,,,,,,,,http://dizionario.internazionale.it/parola/serenata
5961,Alto Uso,serenità,,s.f.inv.,,,,,,,,http://dizionario.internazionale.it/parola/serenita
5962,Fondamentale,sereno,,"agg., s.m.",,,,,,,,http://dizionario.internazionale.it/parola/sereno
5963,Alto Uso,sergente,,s.m.,,,,,,,,http://dizionario.internazionale.it/parola/sergente
5964,Alto Uso,seriamente,,avv.,,serio,,,,,,http://dizionario.internazionale.it/parola/seriamente
5965,Fondamentale,serie,,s.f.inv.,,,,,,,,http://dizionario.internazionale.it/parola/serie
5966,Alta Disponibilità,serietà,,s.f.inv.,,,,,,,,http://dizionario.internazionale.it/parola/serieta
5967,Fondamentale,serio,,"agg., s.m.",,,,,,,,http://dizionario.internazionale.it/parola/serio
5968,Alto Uso,serpente,,s.m.,,,,,,,,http://dizionario.internazionale.it/parola/serpente
5969,Alto Uso,serra,1,s.f.,,,,,,,,http://dizionario.internazionale.it/parola/serra
5970,Fondamentale,servire,,v.tr. e intr.,,,,,,,,http://dizionario.internazionale.it/parola/servire
5971,Fondamentale,servizio,,s.m.,,,,,,,,http://dizionario.internazionale.it/parola/servizio
5972,Alto Uso,servo,,"s.m., agg.",,,,,,,,http://dizionario.internazionale.it/parola/servo
5973,Alto Uso,sessanta,,"agg.num.card.inv., s.m.inv.",,,Numbers,,,,,http://dizionario.internazionale.it/parola/sessanta
5974,Fondamentale,sesso,,s.m.,,,,,,,,http://dizionario.internazionale.it/parola/sesso
5975,Fondamentale,sessuale,,agg.,,,,,,,,http://dizionario.internazionale.it/parola/sessuale
5976,Alto Uso,sesto,1,"agg.num.ord., s.m.",,,Numbers,,,,,http://dizionario.internazionale.it/parola/sesto
5977,Alto Uso,set,,s.m.inv.,,,,,,,,http://dizionario.internazionale.it/parola/set
5978,Alto Uso,seta,,s.f.,,,,,,,,http://dizionario.internazionale.it/parola/seta
5979,Alto Uso,sete,,s.f.,,,,,,,,http://dizionario.internazionale.it/parola/sete
5980,Alto Uso,setta,,s.f.,,,,,,,,http://dizionario.internazionale.it/parola/setta
5981,Alto Uso,settanta,,"agg.num.card.inv., s.m.inv., s.m.pl.",,,Numbers,,,,,http://dizionario.internazionale.it/parola/settanta
5982,Fondamentale,sette,,"agg.num.card.inv., s.m.inv., s.f.pl.",,,Numbers,,,,,http://dizionario.internazionale.it/parola/sette
5983,Fondamentale,settembre,,s.m.,,,Months of the Year,,,,,http://dizionario.internazionale.it/parola/settembre
5984,Alta Disponibilità,settentrione,,s.m.,,,,,,,,http://dizionario.internazionale.it/parola/settentrione
5985,Fondamentale,settimana,1,s.f.,,,,,,,,http://dizionario.internazionale.it/parola/settimana
5986,Alto Uso,settimanale,,"agg., s.m.",,,,,,,,http://dizionario.internazionale.it/parola/settimanale
5987,Alto Uso,settimo,1,"agg.num.ord., s.m.",,,Numbers,,,,,http://dizionario.internazionale.it/parola/settimo
5988,Fondamentale,settore,1,s.m.,,,,,,,,http://dizionario.internazionale.it/parola/settore
5989,Alto Uso,severo,,agg.,,,,,,,,http://dizionario.internazionale.it/parola/severo
5990,Alto Uso,sexy,,agg.inv.,,,,,,,,http://dizionario.internazionale.it/parola/sexy
5991,Fondamentale,sezione,,s.f.,,,,,,,,http://dizionario.internazionale.it/parola/sezione
5992,Alto Uso,sfera,,s.f.,,,,,,,,http://dizionario.internazionale.it/parola/sfera
5993,Fondamentale,sfida,1,s.f.,,,,,,,,http://dizionario.internazionale.it/parola/sfida
5994,Alto Uso,sfidare,,v.tr.,,,,,,,,http://dizionario.internazionale.it/parola/sfidare
5995,Alta Disponibilità,sfiducia,,s.f.,,,,,,,,http://dizionario.internazionale.it/parola/sfiducia
5996,Alto Uso,sfigato,,"agg., s.m.",,,,,,,,http://dizionario.internazionale.it/parola/sfigato
5997,Alto Uso,sfilare,2,v.intr.,,,,,,,,http://dizionario.internazionale.it/parola/sfilare_2
5998,Alto Uso,sfilata,,s.f.,,,,,,,,http://dizionario.internazionale.it/parola/sfilata
5999,Alta Disponibilità,sfinire,,v.tr.,,,,"finire ""isc"" conjugation",,,,http://dizionario.internazionale.it/parola/sfinire
6000,Alto Uso,sfiorare,,v.tr.,,,,,,,,http://dizionario.internazionale.it/parola/sfiorare
6001,Alta Disponibilità,sfociare,,v.intr. e tr.,,,,,,,,http://dizionario.internazionale.it/parola/sfociare
6002,Alto Uso,sfogare,,v.tr. e intr.,,,,,,,,http://dizionario.internazionale.it/parola/sfogare
6003,Alta Disponibilità,sfoglia,1,s.f.,,,,,,,,http://dizionario.internazionale.it/parola/sfoglia
6004,Alto Uso,sfogliare,2,v.tr.,,,,,,,,http://dizionario.internazionale.it/parola/sfogliare_2
6005,Alto Uso,sfogo,,s.m.,,,,,,,,http://dizionario.internazionale.it/parola/sfogo
6006,Alta Disponibilità,sfollamento,,s.m.,,,,,,,,http://dizionario.internazionale.it/parola/sfollamento
6007,Alta Disponibilità,sfollare,,v.intr. e tr.,,,,,,,,http://dizionario.internazionale.it/parola/sfollare
6008,Alto Uso,sfondare,,v.tr. e intr.,,,,,,,,http://dizionario.internazionale.it/parola/sfondare
6009,Alto Uso,sfondo,,s.m.,,,,,,,,http://dizionario.internazionale.it/parola/sfondo
6010,Alta Disponibilità,sfortunato,,agg.,,,,,,,,http://dizionario.internazionale.it/parola/sfortunato
6011,Alto Uso,sforzare,1,v.tr. e intr.,,,,,,,,http://dizionario.internazionale.it/parola/sforzare
6012,Fondamentale,sforzo,1,s.m.,,,,,,,,http://dizionario.internazionale.it/parola/sforzo
6013,Alta Disponibilità,sfrenato,,"p.pass., agg.",,sfrenare,,,,,,http://dizionario.internazionale.it/parola/sfrenato
6014,Fondamentale,sfruttare,,v.tr.,,,,,,,,http://dizionario.internazionale.it/parola/sfruttare
6015,Fondamentale,sfuggire,,v.tr. e intr.,,,,,,Essere,,http://dizionario.internazionale.it/parola/sfuggire
6016,Alta Disponibilità,sgabello,,s.m.,,,,,,,,http://dizionario.internazionale.it/parola/sgabello
6017,Alta Disponibilità,sganciare,,v.tr.,,,,,,,,http://dizionario.internazionale.it/parola/sganciare
6018,Alta Disponibilità,sgarbato,,"agg., s.m.",,,,,,,,http://dizionario.internazionale.it/parola/sgarbato
6019,Alta Disponibilità,sgarbo,,s.m.,,,,,,,,http://dizionario.internazionale.it/parola/sgarbo
6020,Alta Disponibilità,sgombro,1,s.m.,,,,,,,,http://dizionario.internazionale.it/parola/sgombro
6021,Alta Disponibilità,sgomento,1,s.m.,,,,,,,,http://dizionario.internazionale.it/parola/sgomento
6022,Alta Disponibilità,sgonfiare,1,v.tr.,,,,,,,,http://dizionario.internazionale.it/parola/sgonfiare
6023,Alta Disponibilità,sgozzare,1,v.tr.,,,,,,,,http://dizionario.internazionale.it/parola/sgozzare
6024,Alta Disponibilità,sgrassare,,v.tr.,,,,,,,,http://dizionario.internazionale.it/parola/sgrassare
6025,Alta Disponibilità,sgrassatore,,s.m.,,,,,,,,http://dizionario.internazionale.it/parola/sgrassatore
6026,Alta Disponibilità,sgridare,1,v.tr.,,,,,,,,http://dizionario.internazionale.it/parola/sgridare
6027,Fondamentale,sguardo,,s.m.,,,,,,,,http://dizionario.internazionale.it/parola/sguardo
6028,Alta Disponibilità,shampoo,,s.m.inv.,,,,,,,,http://dizionario.internazionale.it/parola/shampoo
6029,Alto Uso,share,,s.m.inv.,,,,,,,,http://dizionario.internazionale.it/parola/share
6030,Alto Uso,shopping,,s.m.inv.,,,,,,,,http://dizionario.internazionale.it/parola/shopping
6031,Alta Disponibilità,shorts,,s.m.pl.,,,,,,,,http://dizionario.internazionale.it/parola/shorts
6032,Alto Uso,show,,s.m.inv.,,,,,,,,http://dizionario.internazionale.it/parola/show
6033,Fondamentale,si,2,pron.pers. di terza pers.m. e f.sing. e pl.,,,Pron. Pers.,,,,,http://dizionario.internazionale.it/parola/si_2
6034,Fondamentale,sì,1,"avv., s.m.inv., agg.inv.",,,,,,,,http://dizionario.internazionale.it/parola/si
6035,Fondamentale,sia,,cong.,,,,e … e / sia … sia,,,,http://dizionario.internazionale.it/parola/sia
6036,Alta Disponibilità,siamese,,"agg., s.m. e f.",,,Demonym,,,,,http://dizionario.internazionale.it/parola/siamese
6037,Alto Uso,sicché,,cong.,,,,,,,,http://dizionario.internazionale.it/parola/sicche
6038,Alta Disponibilità,siccità,,s.f.inv.,,,,,,,,http://dizionario.internazionale.it/parola/siccita
6039,Fondamentale,siccome,,"cong., avv.",,,,,,,,http://dizionario.internazionale.it/parola/siccome
6040,Alto Uso,siciliano,,"agg., s.m.",,,Demonym,,,,,http://dizionario.internazionale.it/parola/siciliano
6041,Fondamentale,sicuramente,,avv.,,sicuro,,,,,,http://dizionario.internazionale.it/parola/sicuramente
6042,Fondamentale,sicurezza,,s.f.,,sicuro,,,,,,http://dizionario.internazionale.it/parola/sicurezza
6043,Fondamentale,sicuro,,"agg., s.m., avv.",,,,,,,,http://dizionario.internazionale.it/parola/sicuro
6044,Alta Disponibilità,siepe,,s.f.,,,,,,,,http://dizionario.internazionale.it/parola/siepe
6045,Fondamentale,sigaretta,,s.f.,,,,,,,,http://dizionario.internazionale.it/parola/sigaretta
6046,Alta Disponibilità,sigaro,,s.m.,,,,,,,,http://dizionario.internazionale.it/parola/sigaro
6047,Alto Uso,sigla,,s.f.,,,,,,,,http://dizionario.internazionale.it/parola/sigla
6048,Fondamentale,significare,,v.tr.,,,,,,,,http://dizionario.internazionale.it/parola/significare
6049,Alto Uso,significativo,,agg.,,,,,,,,http://dizionario.internazionale.it/parola/significativo
6050,Fondamentale,significato,,"p.pass., s.m.",,significare,,,,,,http://dizionario.internazionale.it/parola/significato
6051,Fondamentale,signora,,s.f.,,,,,,,,http://dizionario.internazionale.it/parola/signora
6052,Fondamentale,signore,,s.m.,,,,,,,,http://dizionario.internazionale.it/parola/signore
6053,Fondamentale,signorina,,s.f.,,,,,,,,http://dizionario.internazionale.it/parola/signorina
6054,Fondamentale,silenzio,,s.m.,,,,,,,,http://dizionario.internazionale.it/parola/silenzio
6055,Alto Uso,silenzioso,,agg.,,,,,,,,http://dizionario.internazionale.it/parola/silenzioso
6056,Alta Disponibilità,sillaba,,s.f.,,,,,,,,http://dizionario.internazionale.it/parola/sillaba
6057,Alto Uso,simbolico,,agg.,,,,,,,,http://dizionario.internazionale.it/parola/simbolico
6058,Fondamentale,simbolo,,s.m.,,,,,,,,http://dizionario.internazionale.it/parola/simbolo
6059,Fondamentale,simile,,"agg., agg.dimostr., s.m. e f., s.m., avv.",,,,,,,,http://dizionario.internazionale.it/parola/simile
6060,Alto Uso,simpatia,,s.f.,,,,,,,,http://dizionario.internazionale.it/parola/simpatia
6061,Fondamentale,simpatico,1,agg.,,,,,,,,http://dizionario.internazionale.it/parola/simpatico
6062,Alto Uso,simulare,,v.tr.,,,,,,,,http://dizionario.internazionale.it/parola/simulare
6063,Alto Uso,sinceramente,,avv.,,sincero,,,,,,http://dizionario.internazionale.it/parola/sinceramente
6064,Alto Uso,sincero,1,agg.,,,,,,,,http://dizionario.internazionale.it/parola/sincero
6065,Alto Uso,sindacale,1,agg.,,,,,,,,http://dizionario.internazionale.it/parola/sindacale
6066,Alto Uso,sindacato,1,s.m.,,,,,,,,http://dizionario.internazionale.it/parola/sindacato
6067,Alto Uso,sindaco,,s.m.,,,,,,,,http://dizionario.internazionale.it/parola/sindaco
6068,Alto Uso,sindrome,,s.f.,,,,,,,,http://dizionario.internazionale.it/parola/sindrome
6069,Alto Uso,single,,s.m. e f.inv.,,,,,,,,http://dizionario.internazionale.it/parola/single
6070,Alto Uso,singolare,,"agg., s.m.",,,,,,,,http://dizionario.internazionale.it/parola/singolare
6071,Fondamentale,singolo,,"agg., s.m.",,,,,,,,http://dizionario.internazionale.it/parola/singolo
6072,Fondamentale,sinistra,,s.f.,,,,,,,,http://dizionario.internazionale.it/parola/sinistra
6073,Fondamentale,sinistro,,"agg., s.m.",,,,,,,,http://dizionario.internazionale.it/parola/sinistro
6074,Fondamentale,sino,,"prep., avv.",,,,,,,,http://dizionario.internazionale.it/parola/sino
6075,Alto Uso,sinonimo,,s.m.,,,,,,,,http://dizionario.internazionale.it/parola/sinonimo
6076,Alto Uso,sintesi,,s.f.inv.,,,,,,,,http://dizionario.internazionale.it/parola/sintesi
6077,Alto Uso,sintetico,,agg.,,,,,,,,http://dizionario.internazionale.it/parola/sintetico
6078,Alto Uso,sintetizzare,,v.tr.,,,,,,,,http://dizionario.internazionale.it/parola/sintetizzare
6079,Alto Uso,sintomo,,s.m.,,,,,,,,http://dizionario.internazionale.it/parola/sintomo
6080,Alto Uso,sir,,s.m.inv.,,,,,,,,http://dizionario.internazionale.it/parola/sir
6081,Alta Disponibilità,siriano,,"agg., s.m.",,,Demonym,,,,,http://dizionario.internazionale.it/parola/siriano
6082,Alta Disponibilità,siringa,,s.f.,,,,,,,,http://dizionario.internazionale.it/parola/siringa
6083,Fondamentale,sistema,,s.m.,,,,,,,,http://dizionario.internazionale.it/parola/sistema
6084,Fondamentale,sistemare,,v.tr.,,,,,,,,http://dizionario.internazionale.it/parola/sistemare
6085,Fondamentale,sito,1,s.m.,,,,,,,,http://dizionario.internazionale.it/parola/sito
6086,Fondamentale,sito,3,agg.,,,,,,,,http://dizionario.internazionale.it/parola/sito_3
6087,Alto Uso,situare,,v.tr.,,,,,,,,http://dizionario.internazionale.it/parola/situare
6088,Fondamentale,situazione,,s.f.,,,,,,,,http://dizionario.internazionale.it/parola/situazione
6089,Alta Disponibilità,slacciare,,v.tr.,,,,,,,,http://dizionario.internazionale.it/parola/slacciare
6090,Alta Disponibilità,slanciato,,"p.pass., agg.",,slanciare,,,,,,http://dizionario.internazionale.it/parola/slanciato
6091,Alta Disponibilità,slavo,,"agg., s.m.",,,Demonym,,,,,http://dizionario.internazionale.it/parola/slavo
6092,Alta Disponibilità,slegare,,v.tr.,,,,,,,,http://dizionario.internazionale.it/parola/slegare
6093,Alta Disponibilità,slip,,s.m.inv.,,,,,,,,http://dizionario.internazionale.it/parola/slip
6094,Alta Disponibilità,slitta,,s.f.,,,,,,,,http://dizionario.internazionale.it/parola/slitta
6095,Alto Uso,slogan,,s.m.inv.,,,,,,,,http://dizionario.internazionale.it/parola/slogan
6096,Alta Disponibilità,slogare,,v.tr.,,,,,,,,http://dizionario.internazionale.it/parola/slogare
6097,Alta Disponibilità,slogatura,,s.f.,,,,,,,,http://dizionario.internazionale.it/parola/slogatura
6098,Alta Disponibilità,slovacco,,"agg., s.m.",,,Demonym,,,,,http://dizionario.internazionale.it/parola/slovacco
6099,Alta Disponibilità,sloveno,,"agg., s.m.",,,Demonym,,,,,http://dizionario.internazionale.it/parola/sloveno
6100,Alta Disponibilità,smacchiare,1,v.tr.,,,,,,,,http://dizionario.internazionale.it/parola/smacchiare
6101,Alta Disponibilità,smacchiatore,,"agg., s.m.",,,,,,,,http://dizionario.internazionale.it/parola/smacchiatore
6102,Alto Uso,smaltimento,,s.m.,,,,,,,,http://dizionario.internazionale.it/parola/smaltimento
6103,Alta Disponibilità,smalto,,s.m.,,,,,,,,http://dizionario.internazionale.it/parola/smalto
6104,Alta Disponibilità,smascherare,,v.tr.,,,,,,,,http://dizionario.internazionale.it/parola/smascherare
6105,Alto Uso,smentire,,v.tr.,,,,"finire ""isc"" conjugation",,,,http://dizionario.internazionale.it/parola/smentire
6106,Fondamentale,smettere,,v.tr. e intr.,,,,,Irr PP: smesso,,di,http://dizionario.internazionale.it/parola/smettere
6107,Alta Disponibilità,smisurato,,"p.pass., agg.",,smisurare,,,,,,http://dizionario.internazionale.it/parola/smisurato
6108,Alta Disponibilità,smog,,s.m.inv.,,,,,,,,http://dizionario.internazionale.it/parola/smog
6109,Alto Uso,smontare,,v.tr. e intr.,,,,,,,,http://dizionario.internazionale.it/parola/smontare
6110,Alta Disponibilità,smorfia,1,s.f.,,,,,,,,http://dizionario.internazionale.it/parola/smorfia
6111,Alta Disponibilità,smuovere,,v.tr.,,,,,Irr PP: smosso,,,http://dizionario.internazionale.it/parola/smuovere
6112,Alta Disponibilità,snack,,s.m.inv.,,,,,,,,http://dizionario.internazionale.it/parola/snack
6113,Alta Disponibilità,sneaker,,s.m.inv.,,,,,,,,http://dizionario.internazionale.it/parola/sneaker
6114,Alta Disponibilità,snello,,agg.,,,,,,,,http://dizionario.internazionale.it/parola/snello
6115,Alta Disponibilità,soccorrere,,v.tr. e intr.,,,,,Irr PP: soccorso,,,http://dizionario.internazionale.it/parola/soccorrere
6116,Alto Uso,soccorso,1,s.m.,,,,,,,,http://dizionario.internazionale.it/parola/soccorso
6117,Alta Disponibilità,socialdemocratico,,"agg., s.m.",,,,,,,,http://dizionario.internazionale.it/parola/socialdemocratico
6118,Fondamentale,sociale,,"agg., s.m.",,,,,,,,http://dizionario.internazionale.it/parola/sociale
6119,Alto Uso,socialista,,"agg., s.m. e f.",,,,,,,,http://dizionario.internazionale.it/parola/socialista
6120,Fondamentale,società,,s.f.inv.,,,,,,,,http://dizionario.internazionale.it/parola/societa
6121,Alta Disponibilità,socievole,,agg.,,,,,,,,http://dizionario.internazionale.it/parola/socievole
6122,Alto Uso,socio,,s.m.,,,,,,,,http://dizionario.internazionale.it/parola/socio
6123,Fondamentale,soddisfare,,v.tr. e intr.,,,,,,,,http://dizionario.internazionale.it/parola/soddisfare
6124,Alto Uso,soddisfatto,,"p.pass., agg.",,,,,,,,http://dizionario.internazionale.it/parola/soddisfatto
6125,Fondamentale,soddisfazione,,s.f.,,,,,,,,http://dizionario.internazionale.it/parola/soddisfazione
6126,Alto Uso,sodo,,"agg., s.m., avv.",,,,,,,,http://dizionario.internazionale.it/parola/sodo
6127,Alta Disponibilità,sofà,,s.m.inv.,,,,,,,,http://dizionario.internazionale.it/parola/sofa
6128,Fondamentale,sofferenza,,s.f.,,,,,,,,http://dizionario.internazionale.it/parola/sofferenza
6129,Alto Uso,soffermare,,v.tr.,,,,,,,,http://dizionario.internazionale.it/parola/soffermare
6130,Alto Uso,soffiare,,"v.intr., v.tr.",,,,,,,,http://dizionario.internazionale.it/parola/soffiare
6131,Alta Disponibilità,soffice,,agg.,,,,,,,,http://dizionario.internazionale.it/parola/soffice
6132,Alta Disponibilità,soffitta,,s.f.,,,,,,,,http://dizionario.internazionale.it/parola/soffitta
6133,Alto Uso,soffitto,,s.m.,,,,,,,,http://dizionario.internazionale.it/parola/soffitto
6134,Alto Uso,soffocare,,v.tr. e intr.,,,,,,,,http://dizionario.internazionale.it/parola/soffocare
6135,Alta Disponibilità,soffriggere,,v.tr. e intr.,,,,,Irr PP: soffritto,,,http://dizionario.internazionale.it/parola/soffriggere
6136,Fondamentale,soffrire,,v.tr. e intr.,,,,,Irr PP: sofferto,,,http://dizionario.internazionale.it/parola/soffrire
6137,Alto Uso,sofisticato,,"p.pass., agg.",,sofisticare,,,,,,http://dizionario.internazionale.it/parola/sofisticato
6138,Alto Uso,software,,s.m.inv.,,,,,,,,http://dizionario.internazionale.it/parola/software
6139,Alto Uso,soggettivo,,agg.,,,,,,,,http://dizionario.internazionale.it/parola/soggettivo
6140,Fondamentale,soggetto,1,s.m.,,,,,,,,http://dizionario.internazionale.it/parola/soggetto
6141,Alto Uso,soggetto,2,agg.,,,,,,,,http://dizionario.internazionale.it/parola/soggetto_2
6142,Alta Disponibilità,soggezione,,s.f.,,,,,,,,http://dizionario.internazionale.it/parola/soggezione
6143,Fondamentale,soggiorno,,s.m.,,,,,,,,http://dizionario.internazionale.it/parola/soggiorno
6144,Alto Uso,soglia,,s.f.,,,,,,,,http://dizionario.internazionale.it/parola/soglia
6145,Alta Disponibilità,sogliola,,s.f.,,,,,,,,http://dizionario.internazionale.it/parola/sogliola
6146,Fondamentale,sognare,,v.tr. e intr.,,,,,,,di,http://dizionario.internazionale.it/parola/sognare
6147,Fondamentale,sogno,,s.m.,,,,,,,,http://dizionario.internazionale.it/parola/sogno
6148,Alta Disponibilità,sol,1,s.m.inv.,,,,,,,,http://dizionario.internazionale.it/parola/sol
6149,Alta Disponibilità,solaio,,s.m.,,,,,,,,http://dizionario.internazionale.it/parola/solaio
6150,Fondamentale,solamente,,"avv., cong.",,solo,,,,,,http://dizionario.internazionale.it/parola/solamente
6151,Alto Uso,solare,1,"agg., s.m.",,,,,,,,http://dizionario.internazionale.it/parola/solare
6152,Alto Uso,solco,,s.m.,,,,,,,,http://dizionario.internazionale.it/parola/solco
6153,Fondamentale,soldato,,s.m.,,,,,,,,http://dizionario.internazionale.it/parola/soldato
6154,Fondamentale,soldo,,s.m.,,,,,,,,http://dizionario.internazionale.it/parola/soldo
6155,Fondamentale,sole,,s.m.,,,,,,,,http://dizionario.internazionale.it/parola/sole
6156,Alto Uso,solenne,,agg.,,,,,,,,http://dizionario.internazionale.it/parola/solenne
6157,Alto Uso,solidarietà,,s.f.inv.,,,,,,,,http://dizionario.internazionale.it/parola/solidarieta
6158,Alto Uso,solido,1,"agg., s.m.",,,,,,,,http://dizionario.internazionale.it/parola/solido
6159,Alto Uso,solitamente,,avv.,,solito,,,,,,http://dizionario.internazionale.it/parola/solitamente
6160,Alto Uso,solitario,,"agg., s.m.",,,,,,,,http://dizionario.internazionale.it/parola/solitario
6161,Fondamentale,solito,,"agg., s.m.",,,,,,,,http://dizionario.internazionale.it/parola/solito
6162,Alto Uso,solitudine,,s.f.,,,,,,,,http://dizionario.internazionale.it/parola/solitudine
6163,Alta Disponibilità,solletico,,s.m.,,,,,,,,http://dizionario.internazionale.it/parola/solletico
6164,Fondamentale,sollevare,,v.tr.,,,,,,,,http://dizionario.internazionale.it/parola/sollevare
6165,Alto Uso,sollievo,,s.m.,,,,,,,,http://dizionario.internazionale.it/parola/sollievo
6166,Fondamentale,solo,,"agg., s.m., avv., cong.",,,,,,,,http://dizionario.internazionale.it/parola/solo
6167,Fondamentale,soltanto,,"avv., cong.",,,,,,,,http://dizionario.internazionale.it/parola/soltanto
6168,Fondamentale,soluzione,,s.f.,,,,,,,,http://dizionario.internazionale.it/parola/soluzione
6169,Alto Uso,somigliare,,v.intr. e tr.,,,,,,,,http://dizionario.internazionale.it/parola/somigliare
6170,Fondamentale,somma,,s.f.,,,,,,,,http://dizionario.internazionale.it/parola/somma
6171,Alto Uso,sommare,,v.tr. e intr.,,,,,,,,http://dizionario.internazionale.it/parola/sommare
6172,Fondamentale,sondaggio,,s.m.,,,,,,,,http://dizionario.internazionale.it/parola/sondaggio
6173,Fondamentale,sonno,,s.m.,,,,,,,,http://dizionario.internazionale.it/parola/sonno
6174,Alto Uso,sonoro,,"agg., s.m.",,,,,,,,http://dizionario.internazionale.it/parola/sonoro
6175,Alta Disponibilità,soppalco,,s.m.,,,,,,,,http://dizionario.internazionale.it/parola/soppalco
6176,Fondamentale,sopportare,,v.tr.,,,,,,,,http://dizionario.internazionale.it/parola/sopportare
6177,Fondamentale,sopra,,"prep., avv., agg.inv., s.m.inv.",,,,,,,,http://dizionario.internazionale.it/parola/sopra
6178,Alta Disponibilità,soprabito,,s.m.,,,,,,,,http://dizionario.internazionale.it/parola/soprabito
6179,Alta Disponibilità,sopracciglio,,s.m.,,,,Irregular Plural,,,,http://dizionario.internazionale.it/parola/sopracciglio
6180,Alta Disponibilità,soprammobile,,s.m.,,,,,,,,http://dizionario.internazionale.it/parola/soprammobile
6181,Alta Disponibilità,soprannome,,s.m.,,,,,,,,http://dizionario.internazionale.it/parola/soprannome
6182,Fondamentale,soprattutto,,avv.,,,,,,,,http://dizionario.internazionale.it/parola/soprattutto
6183,Alta Disponibilità,sopravvalutare,,v.tr.,,,,,,,,http://dizionario.internazionale.it/parola/sopravvalutare
6184,Alto Uso,sopravvivenza,,s.f.,,,,,,,,http://dizionario.internazionale.it/parola/sopravvivenza
6185,Fondamentale,sopravvivere,,v.intr.,,,,,,,,http://dizionario.internazionale.it/parola/sopravvivere
6186,Alta Disponibilità,sorcio,,s.m.,,,,,,,,http://dizionario.internazionale.it/parola/sorcio
6187,Alto Uso,sordo,,"agg., s.m.",,,,,,,,http://dizionario.internazionale.it/parola/sordo
6188,Fondamentale,sorella,,s.f.,,,Family,,,,,http://dizionario.internazionale.it/parola/sorella
6189,Alto Uso,sorgente,,"p.pres., agg., s.f., s.m.",,sorgere,,,,,,http://dizionario.internazionale.it/parola/sorgente
6190,Alto Uso,sorgere,,v.intr.,,,,,Irr PP: sorto,Essere,,http://dizionario.internazionale.it/parola/sorgere
6191,Alta Disponibilità,sorpassare,,v.tr.,,,,,,,,http://dizionario.internazionale.it/parola/sorpassare
6192,Alta Disponibilità,sorpasso,,s.m.,,,,,,,,http://dizionario.internazionale.it/parola/sorpasso
6193,Alto Uso,sorprendente,,"p.pres., agg.",,sorprendere,,,,,,http://dizionario.internazionale.it/parola/sorprendente
6194,Alto Uso,sorprendere,,v.tr.,,,,,Irr PP: sorpreso,,,http://dizionario.internazionale.it/parola/sorprendere
6195,Fondamentale,sorpresa,,s.f.,,,,,,,,http://dizionario.internazionale.it/parola/sorpresa
6196,Alta Disponibilità,sorridente,,"p.pres., agg.",,sorridere,,,,,,http://dizionario.internazionale.it/parola/sorridente
6197,Fondamentale,sorridere,,v.intr. e tr.,,,,,Irr PP: sorriso,,,http://dizionario.internazionale.it/parola/sorridere
6198,Fondamentale,sorriso,1,s.m.,,,,,,,,http://dizionario.internazionale.it/parola/sorriso
6199,Alta Disponibilità,sorso,,s.m.,,,,,,,,http://dizionario.internazionale.it/parola/sorso
6200,Fondamentale,sorta,1,s.f.,,,,,,,,http://dizionario.internazionale.it/parola/sorta
6201,Alto Uso,sorte,1,s.f.,,,,,,,,http://dizionario.internazionale.it/parola/sorte
6202,Alta Disponibilità,sorteggiare,,v.tr.,,,,,,,,http://dizionario.internazionale.it/parola/sorteggiare
6203,Alta Disponibilità,sorteggio,,s.m.,,,,,,,,http://dizionario.internazionale.it/parola/sorteggio
6204,Alto Uso,sorvegliare,,v.tr.,,,,,,,,http://dizionario.internazionale.it/parola/sorvegliare
6205,Alto Uso,sospendere,,v.tr.,,,,,Irr PP: sospeso,,,http://dizionario.internazionale.it/parola/sospendere
6206,Alto Uso,sospensione,,s.f.,,,,,,,,http://dizionario.internazionale.it/parola/sospensione
6207,Alto Uso,sospeso,,"p.pass., agg., s.m.",,,,,,,,http://dizionario.internazionale.it/parola/sospeso
6208,Alto Uso,sospettare,,v.tr. e intr.,,,,,,,di,http://dizionario.internazionale.it/parola/sospettare
6209,Fondamentale,sospetto,1,s.m.,,,,,,,,http://dizionario.internazionale.it/parola/sospetto
6210,Fondamentale,sospetto,2,"agg., s.m.",,,,,,,,http://dizionario.internazionale.it/parola/sospetto_2
6211,Alto Uso,sospirare,,v.intr. e tr.,,,,,,,,http://dizionario.internazionale.it/parola/sospirare
6212,Alto Uso,sospiro,,s.m.,,,,,,,,http://dizionario.internazionale.it/parola/sospiro
6213,Alto Uso,sosta,,s.f.,,,,,,,,http://dizionario.internazionale.it/parola/sosta
6214,Fondamentale,sostanza,,s.f.,,,,,,,,http://dizionario.internazionale.it/parola/sostanza
6215,Alto Uso,sostanzialmente,,avv.,,sostanziale,,,,,,http://dizionario.internazionale.it/parola/sostanzialmente
6216,Alta Disponibilità,sostare,,v.intr. e tr.,,,,,,,,http://dizionario.internazionale.it/parola/sostare
6217,Alto Uso,sostegno,,s.m.,,,,,,,,http://dizionario.internazionale.it/parola/sostegno
6218,Fondamentale,sostenere,,v.tr.,,,,,,,di,http://dizionario.internazionale.it/parola/sostenere
6219,Alto Uso,sostenitore,,"agg., s.m.",,,,,,,,http://dizionario.internazionale.it/parola/sostenitore
6220,Fondamentale,sostituire,,v.tr.,,,,"finire ""isc"" conjugation",,,,http://dizionario.internazionale.it/parola/sostituire
6221,Alto Uso,sostituzione,,s.f.,,,,,,,,http://dizionario.internazionale.it/parola/sostituzione
6222,Alta Disponibilità,sottaceto,,"agg.inv., avv., s.m.",,,,,,,,http://dizionario.internazionale.it/parola/sottaceto
6223,Alto Uso,sotterraneo,,"agg., s.m.",,,,,,,,http://dizionario.internazionale.it/parola/sotterraneo
6224,Fondamentale,sottile,,"agg., s.m., avv.",,,,,,,,http://dizionario.internazionale.it/parola/sottile
6225,Alta Disponibilità,sottinteso,,"p.pass., agg., s.m.",,,,,,,,http://dizionario.internazionale.it/parola/sottinteso
6226,Fondamentale,sotto,,"prep., avv., agg.inv., s.m.inv.",,,,,,,,http://dizionario.internazionale.it/parola/sotto
6227,Alto Uso,sottofondo,,s.m.,,,,,,,,http://dizionario.internazionale.it/parola/sottofondo
6228,Fondamentale,sottolineare,,v.tr.,,,,,,,,http://dizionario.internazionale.it/parola/sottolineare
6229,Alta Disponibilità,sottolio,,"avv., agg.inv.",,,,,,,,http://dizionario.internazionale.it/parola/sottolio
6230,Alta Disponibilità,sottomarino,,"agg., s.m.",,,,,,,,http://dizionario.internazionale.it/parola/sottomarino
6231,Alta Disponibilità,sottopassaggio,,s.m.,,,,,,,,http://dizionario.internazionale.it/parola/sottopassaggio
6232,Fondamentale,sottoporre,,v.tr.,,-porre,,-rre verb,Irr PP: sottoposto,,,http://dizionario.internazionale.it/parola/sottoporre
6233,Alto Uso,sottoscrivere,,v.tr. e intr.,,,,,Irr PP: sottoscritto,,,http://dizionario.internazionale.it/parola/sottoscrivere
6234,Alto Uso,sottovalutare,,v.tr.,,,,,,,,http://dizionario.internazionale.it/parola/sottovalutare
6235,Alto Uso,sottrarre,,v.tr.,,-trarre,,-rre verb,Irr PP: sottratto,,,http://dizionario.internazionale.it/parola/sottrarre
6236,Alto Uso,sovietico,,"agg., s.m.",,,Demonym,,,,,http://dizionario.internazionale.it/parola/sovietico
6237,Alto Uso,sovrano,,"agg., s.m.",,,,,,,,http://dizionario.internazionale.it/parola/sovrano
6238,Alto Uso,sovrapporre,,v.tr.,,-porre,,-rre verb,Irr PP: sovrapposto,,,http://dizionario.internazionale.it/parola/sovrapporre
6239,Alto Uso,spaccare,1,v.tr.,,,,,,,,http://dizionario.internazionale.it/parola/spaccare
6240,Alta Disponibilità,spaccatura,,s.f.,,,,,,,,http://dizionario.internazionale.it/parola/spaccatura
6241,Alto Uso,spacciare,,v.tr.,,,,,,,,http://dizionario.internazionale.it/parola/spacciare
6242,Alta Disponibilità,spacciatore,,s.m.,,,,,,,,http://dizionario.internazionale.it/parola/spacciatore
6243,Alta Disponibilità,spaccio,,s.m.,,,,,,,,http://dizionario.internazionale.it/parola/spaccio
6244,Alto Uso,spada,,s.f.,,,,,,,,http://dizionario.internazionale.it/parola/spada
6245,Alto Uso,spaghetto,1,s.m.,,,,,,,,http://dizionario.internazionale.it/parola/spaghetto
6246,Fondamentale,spagnolo,,"agg., s.m.",,,Demonym,,,,,http://dizionario.internazionale.it/parola/spagnolo
6247,Alta Disponibilità,spago,1,s.m.,,,,,,,,http://dizionario.internazionale.it/parola/spago
6248,Alto Uso,spalancare,,v.tr.,,,,,,,,http://dizionario.internazionale.it/parola/spalancare
6249,Fondamentale,spalla,,s.f.,,,,,,,,http://dizionario.internazionale.it/parola/spalla
6250,Alta Disponibilità,spalmabile,,agg.,,spalmare,,,,,,http://dizionario.internazionale.it/parola/spalmabile
6251,Alta Disponibilità,spalmare,,v.tr.,,,,,,,,http://dizionario.internazionale.it/parola/spalmare
6252,Alto Uso,spam,,s.m.inv.,,,,,,,,http://dizionario.internazionale.it/parola/spam
6253,Fondamentale,sparare,1,v.intr. e tr.,,,,,,,,http://dizionario.internazionale.it/parola/sparare
6254,Alta Disponibilità,sparecchiare,,v.tr.,,,,,,,,http://dizionario.internazionale.it/parola/sparecchiare
6255,Alto Uso,spargere,,v.tr.,,,,,Irr PP: sparso,,,http://dizionario.internazionale.it/parola/spargere
6256,Fondamentale,sparire,,v.intr.,,,,"finire ""isc"" conjugation",,Essere,,http://dizionario.internazionale.it/parola/sparire
6257,Alto Uso,sparo,1,s.m.,,,,,,,,http://dizionario.internazionale.it/parola/sparo
6258,Alto Uso,sparso,,"p.pass., agg.",,,,,,,,http://dizionario.internazionale.it/parola/sparso
6259,Alto Uso,spassare,1,v.tr.,,,,,,,,http://dizionario.internazionale.it/parola/spassare
6260,Alta Disponibilità,spasso,,s.m.,,,,,,,,http://dizionario.internazionale.it/parola/spasso
6261,Alta Disponibilità,spavaldo,,agg.,,,,,,,,http://dizionario.internazionale.it/parola/spavaldo
6262,Fondamentale,spaventare,,v.tr.,,,,,,,,http://dizionario.internazionale.it/parola/spaventare
6263,Alto Uso,spaventato,,"p.pass., agg.",,spaventare,,,,,,http://dizionario.internazionale.it/parola/spaventato
6264,Alto Uso,spaventoso,,agg.,,,,,,,,http://dizionario.internazionale.it/parola/spaventoso
6265,Alto Uso,spaziale,,agg.,,,,,,,,http://dizionario.internazionale.it/parola/spaziale
6266,Fondamentale,spazio,,s.m.,,,,,,,,http://dizionario.internazionale.it/parola/spazio
6267,Alta Disponibilità,spazioso,,agg.,,,,,,,,http://dizionario.internazionale.it/parola/spazioso
6268,Alto Uso,spazzare,,v.tr.,,,,,,,,http://dizionario.internazionale.it/parola/spazzare
6269,Alto Uso,spazzatura,,s.f.,,,,,,,,http://dizionario.internazionale.it/parola/spazzatura
6270,Alta Disponibilità,spazzino,,s.m.,,,,,,,,http://dizionario.internazionale.it/parola/spazzino
6271,Alta Disponibilità,spazzola,,s.f.,,,,,,,,http://dizionario.internazionale.it/parola/spazzola
6272,Alta Disponibilità,spazzolare,,v.tr.,,,,,,,,http://dizionario.internazionale.it/parola/spazzolare
6273,Alta Disponibilità,spazzolino,,s.m.,,,,,,,,http://dizionario.internazionale.it/parola/spazzolino
6274,Alta Disponibilità,spazzolone,,s.m.,,,,,,,,http://dizionario.internazionale.it/parola/spazzolone
6275,Alta Disponibilità,specchiarsi,,v.pronom.intr.,,,,,,,,http://dizionario.internazionale.it/parola/specchiarsi
6276,Fondamentale,specchio,,s.m.,,,,,,,,http://dizionario.internazionale.it/parola/specchio
6277,Fondamentale,speciale,,"agg., s.m., s.f.",,,,,,,,http://dizionario.internazionale.it/parola/speciale
6278,Alto Uso,specialista,,s.m. e f.,,,,,,,,http://dizionario.internazionale.it/parola/specialista
6279,Alto Uso,specializzato,,"p.pass., agg., s.m.",,specializzare,,,,,,http://dizionario.internazionale.it/parola/specializzato
6280,Alto Uso,specialmente,,avv.,,speciale,,,,,,http://dizionario.internazionale.it/parola/specialmente
6281,Fondamentale,specie,,"s.f., avv.",,,,,,,,http://dizionario.internazionale.it/parola/specie
6282,Alto Uso,specificare,,v.tr.,,,,,,,,http://dizionario.internazionale.it/parola/specificare
6283,Fondamentale,specifico,,"agg., s.m.",,,,,,,,http://dizionario.internazionale.it/parola/specifico
6284,Alta Disponibilità,speck,,s.m.inv.,,,,,,,,http://dizionario.internazionale.it/parola/speck
6285,Alto Uso,spedire,,v.tr.,,,,"finire ""isc"" conjugation",,,,http://dizionario.internazionale.it/parola/spedire
6286,Alto Uso,spedizione,,s.f.,,,,,,,,http://dizionario.internazionale.it/parola/spedizione
6287,Fondamentale,spegnere,,v.tr.,,,,,Irr PP: spento,,,http://dizionario.internazionale.it/parola/spegnere
6288,Alta Disponibilità,spellare,,v.tr.,,,,,,,,http://dizionario.internazionale.it/parola/spellare
6289,Fondamentale,spendere,,v.tr.,,,,,Irr PP: speso,,,http://dizionario.internazionale.it/parola/spendere
6290,Alta Disponibilità,spennare,,v.tr.,,,,,,,,http://dizionario.internazionale.it/parola/spennare
6291,Alta Disponibilità,spensierato,,agg.,,,,,,,,http://dizionario.internazionale.it/parola/spensierato
6292,Alto Uso,spento,,"p.pass., agg.",,,,,,,,http://dizionario.internazionale.it/parola/spento
6293,Fondamentale,speranza,,s.f.,,,,,,,,http://dizionario.internazionale.it/parola/speranza
6294,Fondamentale,sperare,1,v.tr. e intr.,,,,,,,di,http://dizionario.internazionale.it/parola/sperare
6295,Alto Uso,sperimenale,,agg.,,,,,,,,http://dizionario.internazionale.it/parola/sperimenale
6296,Alto Uso,sperimentare,,v.tr.,,,,,,,,http://dizionario.internazionale.it/parola/sperimentare
6297,Alto Uso,sperimentazione,,s.f.,,,,,,,,http://dizionario.internazionale.it/parola/sperimentazione
6298,Alta Disponibilità,sperone,,s.m.,,,,,,,,http://dizionario.internazionale.it/parola/sperone
6299,Fondamentale,spesa,,s.f.,,,,,,,,http://dizionario.internazionale.it/parola/spesa
6300,Alto Uso,spesso,1,agg.,,,,,,,,http://dizionario.internazionale.it/parola/spesso
6301,Fondamentale,spesso,2,avv.,,,,,,,,http://dizionario.internazionale.it/parola/spesso_2
6302,Alto Uso,spessore,,s.m.,,,,,,,,http://dizionario.internazionale.it/parola/spessore
6303,Alto Uso,spettacolare,,agg.,,,,,,,,http://dizionario.internazionale.it/parola/spettacolare
6304,Fondamentale,spettacolo,,s.m.,,,,,,,,http://dizionario.internazionale.it/parola/spettacolo
6305,Alto Uso,spettare,,v.intr.,,,,,,,,http://dizionario.internazionale.it/parola/spettare
6306,Alto Uso,spettatore,,s.m.,,,,,,,,http://dizionario.internazionale.it/parola/spettatore
6307,Alta Disponibilità,spettinare,,v.tr.,,,,,,,,http://dizionario.internazionale.it/parola/spettinare
6308,Alto Uso,spettro,,s.m.,,,,,,,,http://dizionario.internazionale.it/parola/spettro
6309,Alta Disponibilità,spezia,,s.f.,,,,,,,,http://dizionario.internazionale.it/parola/spezia
6310,Alto Uso,spezzare,,v.tr.,,,,,,,,http://dizionario.internazionale.it/parola/spezzare
6311,Alto Uso,spia,,s.f.,,,,,,,,http://dizionario.internazionale.it/parola/spia
6312,Alto Uso,spiacere,1,v.intr.,,,,,,,,http://dizionario.internazionale.it/parola/spiacere
6313,Fondamentale,spiaggia,,s.f.,,,,,,,,http://dizionario.internazionale.it/parola/spiaggia
6314,Alta Disponibilità,spianare,,v.tr. e intr.,,,,,,,,http://dizionario.internazionale.it/parola/spianare
6315,Alto Uso,spiare,,v.tr.,,,,,,,,http://dizionario.internazionale.it/parola/spiare
6316,Alta Disponibilità,spiazzo,,s.m.,,,,,,,,http://dizionario.internazionale.it/parola/spiazzo
6317,Alto Uso,spiccare,,v.tr. e intr.,,,,,,,,http://dizionario.internazionale.it/parola/spiccare
6318,Alta Disponibilità,spicciolo,,"agg., s.m.",,,,,,,,http://dizionario.internazionale.it/parola/spicciolo
6319,Alta Disponibilità,spiedino,,s.m.,,,,,,,,http://dizionario.internazionale.it/parola/spiedino
6320,Alta Disponibilità,spiedo,,s.m.,,,,,,,,http://dizionario.internazionale.it/parola/spiedo
6321,Fondamentale,spiegare,,v.tr.,,,,,,,,http://dizionario.internazionale.it/parola/spiegare
6322,Fondamentale,spiegazione,,s.f.,,,,,,,,http://dizionario.internazionale.it/parola/spiegazione
6323,Alto Uso,spietato,,agg.,,,,,,,,http://dizionario.internazionale.it/parola/spietato
6324,Alta Disponibilità,spiga,,s.f.,,,,,,,,http://dizionario.internazionale.it/parola/spiga
6325,Alta Disponibilità,spigolo,,s.m.,,,,,,,,http://dizionario.internazionale.it/parola/spigolo
6326,Alta Disponibilità,spillo,1,s.m.,,,,,,,,http://dizionario.internazionale.it/parola/spillo
6327,Alto Uso,spina,,s.f.,,,,,,,,http://dizionario.internazionale.it/parola/spina
6328,Alta Disponibilità,spinacio,,s.m.,,,,,,,,http://dizionario.internazionale.it/parola/spinacio
6329,Fondamentale,spingere,,v.tr. e intr.,,,,,Irr PP: spinto,,,http://dizionario.internazionale.it/parola/spingere
6330,Alto Uso,spinta,,s.f.,,,,,,,,http://dizionario.internazionale.it/parola/spinta
6331,Alta Disponibilità,spionaggio,,s.m.,,,,,,,,http://dizionario.internazionale.it/parola/spionaggio
6332,Fondamentale,spirito,,s.m.,,,,,,,,http://dizionario.internazionale.it/parola/spirito
6333,Alta Disponibilità,spiritoso,,agg.,,,,,,,,http://dizionario.internazionale.it/parola/spiritoso
6334,Alto Uso,spirituale,,"agg., s.m.",,,,,,,,http://dizionario.internazionale.it/parola/spirituale
6335,Alta Disponibilità,splendente,,"p.pres., agg.",,splendere,,,,,,http://dizionario.internazionale.it/parola/splendente
6336,Alto Uso,splendere,,v.intr.,,,,,,,,http://dizionario.internazionale.it/parola/splendere
6337,Alto Uso,splendido,,agg.,,,,,,,,http://dizionario.internazionale.it/parola/splendido
6338,Alto Uso,splendore,,s.m.,,,,,,,,http://dizionario.internazionale.it/parola/splendore
6339,Alto Uso,spogliare,,v.tr.,,,,,,,,http://dizionario.internazionale.it/parola/spogliare
6340,Alta Disponibilità,spogliatoio,,s.m.,,,,,,,,http://dizionario.internazionale.it/parola/spogliatoio
6341,Alta Disponibilità,spoglio,1,s.m.,,,,,,,,http://dizionario.internazionale.it/parola/spoglio
6342,Alta Disponibilità,spolverare,,v.tr.,,,,,,,,http://dizionario.internazionale.it/parola/spolverare
6343,Alto Uso,sponda,,s.f.,,,,,,,,http://dizionario.internazionale.it/parola/sponda
6344,Alto Uso,spontaneo,,agg.,,,,,,,,http://dizionario.internazionale.it/parola/spontaneo
6345,Alto Uso,sporcare,,v.tr.,,,,,,,,http://dizionario.internazionale.it/parola/sporcare
6346,Alta Disponibilità,sporcizia,,s.f.,,,,,,,,http://dizionario.internazionale.it/parola/sporcizia
6347,Fondamentale,sporco,,"agg., s.m.",,,,,,,,http://dizionario.internazionale.it/parola/sporco
6348,Alta Disponibilità,sporgente,,"p.pres., agg., s.m.",,sporgere,,,,,,http://dizionario.internazionale.it/parola/sporgente
6349,Alto Uso,sporgere,,v.tr. e intr.,,,,,Irr PP: sporto,,,http://dizionario.internazionale.it/parola/sporgere
6350,Fondamentale,sport,,"s.m.inv., agg.inv.",,,,,,,,http://dizionario.internazionale.it/parola/sport
6351,Alto Uso,sportello,,s.m.,,,,,,,,http://dizionario.internazionale.it/parola/sportello
6352,Fondamentale,sportivo,,"agg., s.m.",,,,,,,,http://dizionario.internazionale.it/parola/sportivo
6353,Fondamentale,sposare,,v.tr. e intr.,,,,,,,,http://dizionario.internazionale.it/parola/sposare
6354,Alto Uso,sposato,,"p.pass., agg., s.m.",,sposare,,,,,,http://dizionario.internazionale.it/parola/sposato
6355,Alto Uso,sposo,,s.m.,,,,,,,,http://dizionario.internazionale.it/parola/sposo
6356,Alto Uso,spostamento,,s.m.,,,,,,,,http://dizionario.internazionale.it/parola/spostamento
6357,Fondamentale,spostare,,v.tr.,,,,,,,,http://dizionario.internazionale.it/parola/spostare
6358,Alto Uso,spot,1,s.m.inv.,,,,,,,,http://dizionario.internazionale.it/parola/spot
6359,Alta Disponibilità,spranga,,s.f.,,,,,,,,http://dizionario.internazionale.it/parola/spranga
6360,Alta Disponibilità,spray,,"agg.inv., s.m.inv.",,,,,,,,http://dizionario.internazionale.it/parola/spray
6361,Alto Uso,sprecare,,v.tr.,,,,,,,,http://dizionario.internazionale.it/parola/sprecare
6362,Alta Disponibilità,spreco,,s.m.,,,,,,,,http://dizionario.internazionale.it/parola/spreco
6363,Alta Disponibilità,spremere,,v.tr.,,,,,,,,http://dizionario.internazionale.it/parola/spremere
6364,Alta Disponibilità,spremuta,,s.f.,,,,,,,,http://dizionario.internazionale.it/parola/spremuta
6365,Alto Uso,sprofondare,,v.intr. e tr.,,,,,,,,http://dizionario.internazionale.it/parola/sprofondare
6366,Alta Disponibilità,sproposito,,s.m.,,,,,,,,http://dizionario.internazionale.it/parola/sproposito
6367,Alta Disponibilità,spruzzare,,v.tr.,,,,,,,,http://dizionario.internazionale.it/parola/spruzzare
6368,Alta Disponibilità,spuma,,s.f.,,,,,,,,http://dizionario.internazionale.it/parola/spuma
6369,Alta Disponibilità,spumante,,"p.pres., agg., s.m.",,spumare,,,,,,http://dizionario.internazionale.it/parola/spumante
6370,Alto Uso,spuntare,1,v.tr. e intr.,,,,,,,,http://dizionario.internazionale.it/parola/spuntare
6371,Alta Disponibilità,spuntino,,s.m.,,,,,,,,http://dizionario.internazionale.it/parola/spuntino
6372,Alto Uso,spunto,1,s.m.,,,,,,,,http://dizionario.internazionale.it/parola/spunto
6373,Alto Uso,sputare,,v.intr. e tr.,,,,,,,,http://dizionario.internazionale.it/parola/sputare
6374,Alta Disponibilità,sputo,,s.m.,,,,,,,,http://dizionario.internazionale.it/parola/sputo
6375,Fondamentale,squadra,1,s.f.,,,,,,,,http://dizionario.internazionale.it/parola/squadra
6376,Alta Disponibilità,squallido,,agg.,,,,,,,,http://dizionario.internazionale.it/parola/squallido
6377,Alta Disponibilità,squalo,,s.m.,,,,,,,,http://dizionario.internazionale.it/parola/squalo
6378,Alta Disponibilità,squarcio,,s.m.,,,,,,,,http://dizionario.internazionale.it/parola/squarcio
6379,Alto Uso,squillare,,v.intr. e tr.,,,,,,,,http://dizionario.internazionale.it/parola/squillare
6380,Alta Disponibilità,squisito,,agg.,,,,,,,,http://dizionario.internazionale.it/parola/squisito
6381,Alto Uso,stabile,,"agg., s.m., s.f.",,,,,,,,http://dizionario.internazionale.it/parola/stabile
6382,Fondamentale,stabilire,,v.tr.,,,,"finire ""isc"" conjugation",,,di,http://dizionario.internazionale.it/parola/stabilire
6383,Alto Uso,stabilità,,s.f.inv.,,,,,,,,http://dizionario.internazionale.it/parola/stabilita
6384,Fondamentale,staccare,,v.tr. e intr.,,,,,,,,http://dizionario.internazionale.it/parola/staccare
6385,Alta Disponibilità,stacco,1,s.m.,,,,,,,,http://dizionario.internazionale.it/parola/stacco
6386,Alto Uso,stadio,,s.m.,,,,,,,,http://dizionario.internazionale.it/parola/stadio
6387,Alta Disponibilità,staffa,,s.f.,,,,,,,,http://dizionario.internazionale.it/parola/staffa
6388,Fondamentale,stagione,,s.f.,,,,,,,,http://dizionario.internazionale.it/parola/stagione
6389,Alta Disponibilità,stagno,1,s.m.,,,,,,,,http://dizionario.internazionale.it/parola/stagno
6390,Alto Uso,stalla,,s.f.,,,,,,,,http://dizionario.internazionale.it/parola/stalla
6391,Alta Disponibilità,stallone,,s.m.,,,,,,,,http://dizionario.internazionale.it/parola/stallone
6392,Alto Uso,stamattina,,avv.,,,,,,,,http://dizionario.internazionale.it/parola/stamattina
6393,Fondamentale,stampa,,s.f.,,,,,,,,http://dizionario.internazionale.it/parola/stampa
6394,Alto Uso,stampare,,v.tr.,,,,,,,,http://dizionario.internazionale.it/parola/stampare
6395,Alta Disponibilità,stampatello,,s.m.,,,,,,,,http://dizionario.internazionale.it/parola/stampatello
6396,Alto Uso,stampato,,"p.pass., agg., s.m.",,stampare,,,,,,http://dizionario.internazionale.it/parola/stampato
6397,Alta Disponibilità,stampella,,s.f.,,,,,,,,http://dizionario.internazionale.it/parola/stampella
6398,Alta Disponibilità,stampo,,s.m.,,,,,,,,http://dizionario.internazionale.it/parola/stampo
6399,Alto Uso,stancare,,"v.tr., v.intr.",,,,,,,di,http://dizionario.internazionale.it/parola/stancare
6400,Alto Uso,stanchezza,,s.f.,,stanco,,,,,,http://dizionario.internazionale.it/parola/stanchezza
6401,Fondamentale,stanco,,agg.,,,,,,,,http://dizionario.internazionale.it/parola/stanco
6402,Alto Uso,standard,,"s.m.inv., agg.inv.",,,,,,,,http://dizionario.internazionale.it/parola/standard
6403,Alta Disponibilità,stanga,,s.f.,,,,,,,,http://dizionario.internazionale.it/parola/stanga
6404,Alto Uso,stanotte,,avv.,,,,,,,,http://dizionario.internazionale.it/parola/stanotte
6405,Fondamentale,stanza,1,s.f.,,,,,,,,http://dizionario.internazionale.it/parola/stanza
6406,Alto Uso,star,,s.f.inv.,,,,,,,,http://dizionario.internazionale.it/parola/star
6407,Fondamentale,stare,,v.intr.,,,,,,,a,http://dizionario.internazionale.it/parola/stare
6408,Fondamentale,stasera,,avv.,,,,,,,,http://dizionario.internazionale.it/parola/stasera
6409,Alto Uso,statale,,"agg., s.m. e f.",,,,,,,,http://dizionario.internazionale.it/parola/statale
6410,Alto Uso,statistica,1,s.f.,,,,,,,,http://dizionario.internazionale.it/parola/statistica
6411,Alto Uso,statistico,,"agg., s.m.",,,,,,,,http://dizionario.internazionale.it/parola/statistico
6412,Fondamentale,stato,1,s.m.,,,,,,,,http://dizionario.internazionale.it/parola/stato
6413,Fondamentale,stato,2,s.m.,,,,,,,,http://dizionario.internazionale.it/parola/stato_2
6414,Alto Uso,statua,,s.f.,,,,,,,,http://dizionario.internazionale.it/parola/statua
6415,Alto Uso,statunitense,,"agg., s.m. e f.",,,,,,,,http://dizionario.internazionale.it/parola/statunitense
6416,Alto Uso,status,1,"s.m.inv., lat.",,,,,,,,http://dizionario.internazionale.it/parola/status
6417,Alto Uso,stavolta,,avv.,,,,,,,,http://dizionario.internazionale.it/parola/stavolta
6418,Fondamentale,stazione,,s.f.,,,,,,,,http://dizionario.internazionale.it/parola/stazione
6419,Fondamentale,stella,1,s.f.,,,,,,,,http://dizionario.internazionale.it/parola/stella
6420,Alto Uso,stellare,1,agg.,,,,,,,,http://dizionario.internazionale.it/parola/stellare
6421,Alto Uso,stendere,1,v.tr.,,,,,Irr PP: steso,,,http://dizionario.internazionale.it/parola/stendere
6422,Alta Disponibilità,stendibiancheria,,s.m.inv.,,,,,,,,http://dizionario.internazionale.it/parola/stendibiancheria
6423,Alta Disponibilità,stereo,1,"agg.inv., s.m.inv.",,,,,,,,http://dizionario.internazionale.it/parola/stereo
6424,Alto Uso,sterlina,,s.f.,,,,,,,,http://dizionario.internazionale.it/parola/sterlina
6425,Alta Disponibilità,sterzare,1,v.intr.,,,,,,,,http://dizionario.internazionale.it/parola/sterzare
6426,Alta Disponibilità,sterzo,1,s.m.,,,,,,,,http://dizionario.internazionale.it/parola/sterzo
6427,Fondamentale,stesso,,"agg.dimostr., pron.dimostr.m.",,,,,,,,http://dizionario.internazionale.it/parola/stesso
6428,Fondamentale,stile,,s.m.,,,,,,,,http://dizionario.internazionale.it/parola/stile
6429,Alto Uso,stima,,s.f.,,,,,,,,http://dizionario.internazionale.it/parola/stima
6430,Alto Uso,stimare,,v.tr.,,,,,,,,http://dizionario.internazionale.it/parola/stimare
6431,Alto Uso,stimolare,,v.tr.,,,,,,,,http://dizionario.internazionale.it/parola/stimolare
6432,Alto Uso,stimolo,,s.m.,,,,,,,,http://dizionario.internazionale.it/parola/stimolo
6433,Alta Disponibilità,stinco,,s.m.,,,,,,,,http://dizionario.internazionale.it/parola/stinco
6434,Alta Disponibilità,stipendiare,,v.tr.,,,,,,,,http://dizionario.internazionale.it/parola/stipendiare
6435,Fondamentale,stipendio,,s.m.,,,,,,,,http://dizionario.internazionale.it/parola/stipendio
6436,Alto Uso,stirare,,v.tr.,,,,,,,,http://dizionario.internazionale.it/parola/stirare
6437,Alta Disponibilità,stivaletto,,s.m.,,,,,,,,http://dizionario.internazionale.it/parola/stivaletto
6438,Alto Uso,stoffa,,s.f.,,,,,,,,http://dizionario.internazionale.it/parola/stoffa
6439,Alto Uso,stomaco,,s.m.,,,,,,,,http://dizionario.internazionale.it/parola/stomaco
6440,Alta Disponibilità,stonare,1,v.tr. e intr.,,,,,,,,http://dizionario.internazionale.it/parola/stonare
6441,Alta Disponibilità,stop,1,"loc. di comando, s.m.inv.",,,,,,,,http://dizionario.internazionale.it/parola/stop
6442,Alta Disponibilità,stoppa,,s.f.,,,,,,,,http://dizionario.internazionale.it/parola/stoppa
6443,Alta Disponibilità,storcere,,v.tr.,,,,,Irr PP: storto,,,http://dizionario.internazionale.it/parola/storcere
6444,Fondamentale,storia,,s.f.,,,,,,,,http://dizionario.internazionale.it/parola/storia
6445,Fondamentale,storico,,"agg., s.m.",,,,,,,,http://dizionario.internazionale.it/parola/storico
6446,Alta Disponibilità,stornello,1,s.m.,,,,,,,,http://dizionario.internazionale.it/parola/stornello
6447,Alta Disponibilità,storta,,s.f.,,,,,,,,http://dizionario.internazionale.it/parola/storta
6448,Alto Uso,storto,,"p.pass., agg., avv., s.m.",,,,,,,,http://dizionario.internazionale.it/parola/storto
6449,Alta Disponibilità,stoviglia,,s.f.,,,,,,,,http://dizionario.internazionale.it/parola/stoviglia
6450,Alta Disponibilità,stracchino,,s.m.,,,,,,,,http://dizionario.internazionale.it/parola/stracchino
6451,Alto Uso,straccio,1,s.m.,,,,,,,,http://dizionario.internazionale.it/parola/straccio
6452,Fondamentale,strada,,s.f.,,,,,,,,http://dizionario.internazionale.it/parola/strada
6453,Alto Uso,stradale,,"agg., s.m. e f.",,,,,,,,http://dizionario.internazionale.it/parola/stradale
6454,Alto Uso,strage,,s.f.,,,,,,,,http://dizionario.internazionale.it/parola/strage
6455,Alta Disponibilità,strangolare,,v.tr.,,,,,,,,http://dizionario.internazionale.it/parola/strangolare
6456,Fondamentale,straniero,,"agg., s.m.",,,,,,,,http://dizionario.internazionale.it/parola/straniero
6457,Fondamentale,strano,,agg.,,,,,,,,http://dizionario.internazionale.it/parola/strano
6458,Fondamentale,straordinario,,"agg., s.m.",,,,,,,,http://dizionario.internazionale.it/parola/straordinario
6459,Alto Uso,strappare,,"v.tr., v.intr.",,,,,,,,http://dizionario.internazionale.it/parola/strappare
6460,Fondamentale,strategia,,s.f.,,,,,,,,http://dizionario.internazionale.it/parola/strategia
6461,Alto Uso,strategico,,agg.,,,,,,,,http://dizionario.internazionale.it/parola/strategico
6462,Alto Uso,strato,,s.m.,,,,,,,,http://dizionario.internazionale.it/parola/strato
6463,Fondamentale,strega,,s.f.,,,,,,,,http://dizionario.internazionale.it/parola/strega
6464,Alto Uso,stregare,,v.tr.,,,,,,,,http://dizionario.internazionale.it/parola/stregare
6465,Alta Disponibilità,stregone,,s.m.,,,,,,,,http://dizionario.internazionale.it/parola/stregone
6466,Alto Uso,stress,,s.m.inv.,,,,,,,,http://dizionario.internazionale.it/parola/stress
6467,Alto Uso,stretta,,s.f.,,,,,,,,http://dizionario.internazionale.it/parola/stretta
6468,Alto Uso,strettamente,,avv.,,stretto,,,,,,http://dizionario.internazionale.it/parola/strettamente
6469,Fondamentale,stretto,,"p.pass., agg., s.m.",,stringere,,,,,,http://dizionario.internazionale.it/parola/stretto
6470,Alto Uso,strillare,,v.intr. e tr.,,,,,,,,http://dizionario.internazionale.it/parola/strillare
6471,Alta Disponibilità,strillo,,s.m.,,,,,,,,http://dizionario.internazionale.it/parola/strillo
6472,Alta Disponibilità,stringa,,s.f.,,,,,,,,http://dizionario.internazionale.it/parola/stringa
6473,Fondamentale,stringere,,v.tr. e intr.,,,,,Irr PP: stretto,,,http://dizionario.internazionale.it/parola/stringere
6474,Alto Uso,striscia,,s.f.,,,,,,,,http://dizionario.internazionale.it/parola/striscia
6475,Alto Uso,strisciare,,v.intr. e tr.,,,,,,,,http://dizionario.internazionale.it/parola/strisciare
6476,Alta Disponibilità,strofinaccio,,s.m.,,,,,,,,http://dizionario.internazionale.it/parola/strofinaccio
6477,Alto Uso,stronzata,,s.f.,,,,,,,,http://dizionario.internazionale.it/parola/stronzata
6478,Fondamentale,stronzo,,"s.m., agg.",,,,,,,,http://dizionario.internazionale.it/parola/stronzo
6479,Fondamentale,strumento,,s.m.,,,,,,,,http://dizionario.internazionale.it/parola/strumento
6480,Alta Disponibilità,strutto,,"p.pass., agg., s.m.",,,,,,,,http://dizionario.internazionale.it/parola/strutto
6481,Fondamentale,struttura,,s.f.,,,,,,,,http://dizionario.internazionale.it/parola/struttura
6482,Alto Uso,strutturale,,agg.,,,,,,,,http://dizionario.internazionale.it/parola/strutturale
6483,Alta Disponibilità,struzzo,,s.m.,,,,,,,,http://dizionario.internazionale.it/parola/struzzo
6484,Fondamentale,studente,,s.m.,,,,,,,,http://dizionario.internazionale.it/parola/studente
6485,Fondamentale,studiare,,v.tr.,,,,,,,,http://dizionario.internazionale.it/parola/studiare
6486,Fondamentale,studio,,s.m.,,,,,,,,http://dizionario.internazionale.it/parola/studio
6487,Alto Uso,studioso,,"agg., s.m.",,,,,,,,http://dizionario.internazionale.it/parola/studioso
6488,Alta Disponibilità,stufa,,s.f.,,,,,,,,http://dizionario.internazionale.it/parola/stufa
6489,Alta Disponibilità,stuoia,,s.f.,,,,,,,,http://dizionario.internazionale.it/parola/stuoia
6490,Alto Uso,stupefacente,,"p.pres., agg., s.m.",,stupefare,,,,,,http://dizionario.internazionale.it/parola/stupefacente
6491,Alto Uso,stupendo,,agg.,,,,,,,,http://dizionario.internazionale.it/parola/stupendo
6492,Fondamentale,stupido,,"agg., s.m.",,,,,,,,http://dizionario.internazionale.it/parola/stupido
6493,Alto Uso,stupire,,v.tr. e intr.,,,,"finire ""isc"" conjugation",,,,http://dizionario.internazionale.it/parola/stupire
6494,Alto Uso,stupito,,"p.pass., agg.",,,,,,,,http://dizionario.internazionale.it/parola/stupito
6495,Alto Uso,stupore,,s.m.,,,,,,,,http://dizionario.internazionale.it/parola/stupore
6496,Alta Disponibilità,stuzzicadenti,,s.m.inv.,,,,,,,,http://dizionario.internazionale.it/parola/stuzzicadenti
6497,Alta Disponibilità,stuzzicare,,v.tr.,,,,,,,,http://dizionario.internazionale.it/parola/stuzzicare
6498,Alto Uso,style,,s.m.,,,,,,,,http://dizionario.internazionale.it/parola/style
6499,Fondamentale,su,,"prep., avv., inter., s.m.inv.",,,Prepositions,,,,,http://dizionario.internazionale.it/parola/su
6500,Fondamentale,subire,,v.tr.,,,,"finire ""isc"" conjugation",,,,http://dizionario.internazionale.it/parola/subire
6501,Fondamentale,subito,1,avv.,,,,,,,,http://dizionario.internazionale.it/parola/subito
6502,Fondamentale,succedere,,v.intr.,,,,,Irr PP: successo,Essere,,http://dizionario.internazionale.it/parola/succedere
6503,Alto Uso,successione,,s.f.,,,,,,,,http://dizionario.internazionale.it/parola/successione
6504,Alto Uso,successivamente,,avv.,,successivo,,,,,,http://dizionario.internazionale.it/parola/successivamente
6505,Fondamentale,successivo,,agg.,,,,,,,,http://dizionario.internazionale.it/parola/successivo
6506,Fondamentale,successo,1,s.m.,,,,,,,,http://dizionario.internazionale.it/parola/successo
6507,Alto Uso,succhiare,,v.tr.,,,,,,,,http://dizionario.internazionale.it/parola/succhiare
6508,Alto Uso,succo,,s.m.,,,,,,,,http://dizionario.internazionale.it/parola/succo
6509,Fondamentale,sud,,"s.m.inv., agg.inv.",,,,,,,,http://dizionario.internazionale.it/parola/sud
6510,Alta Disponibilità,sudamericano,,"agg., s.m.",,,Demonym,,,,,http://dizionario.internazionale.it/parola/sudamericano
6511,Alto Uso,sudare,,v.intr. e tr.,,,,,,,,http://dizionario.internazionale.it/parola/sudare
6512,Alta Disponibilità,sudato,,"p.pass., agg.",,sudare,,,,,,http://dizionario.internazionale.it/parola/sudato
6513,Alto Uso,suddito,,"s.m., agg.",,,,,,,,http://dizionario.internazionale.it/parola/suddito
6514,Alto Uso,suddividere,,v.tr.,,,,,Irr PP: suddiviso,,,http://dizionario.internazionale.it/parola/suddividere
6515,Alta Disponibilità,sudicio,,"agg., s.m.",,,,,,,,http://dizionario.internazionale.it/parola/sudicio
6516,Alto Uso,sudore,,s.m.,,,,,,,,http://dizionario.internazionale.it/parola/sudore
6517,Alta Disponibilità,sudtirolese,,"agg., s.m. e f.",,,Demonym,,,,,http://dizionario.internazionale.it/parola/sudtirolese
6518,Fondamentale,sufficiente,,agg.,,,,,,,,http://dizionario.internazionale.it/parola/sufficiente
6519,Alto Uso,suggerimento,,s.m.,,,,,,,,http://dizionario.internazionale.it/parola/suggerimento
6520,Fondamentale,suggerire,,v.tr.,,,,"finire ""isc"" conjugation",,,,http://dizionario.internazionale.it/parola/suggerire
6521,Alto Uso,suggestivo,,agg.,,,,,,,,http://dizionario.internazionale.it/parola/suggestivo
6522,Alta Disponibilità,sughero,,s.m.,,,,,,,,http://dizionario.internazionale.it/parola/sughero
6523,Alto Uso,sugo,,s.m.,,,,,,,,http://dizionario.internazionale.it/parola/sugo
6524,Alto Uso,suicidio,,s.m.,,,,,,,,http://dizionario.internazionale.it/parola/suicidio
6525,Alta Disponibilità,suino,,"s.m., agg.",,,,,,,,http://dizionario.internazionale.it/parola/suino
6526,Fondamentale,suo,,"agg.poss. di terza pers.sing., pron.poss. di terza pers.sing.",,,Possessives,,,,,http://dizionario.internazionale.it/parola/suo
6527,Alta Disponibilità,suocera,,s.f.,,,,,,,,http://dizionario.internazionale.it/parola/suocera
6528,Alta Disponibilità,suocero,,s.m.,,,,,,,,http://dizionario.internazionale.it/parola/suocero
6529,Alta Disponibilità,suola,,s.f.,,,,,,,,http://dizionario.internazionale.it/parola/suola
6530,Alto Uso,suolo,,s.m.,,,,,,,,http://dizionario.internazionale.it/parola/suolo
6531,Fondamentale,suonare,,v.tr. e intr.,,,,,,,,http://dizionario.internazionale.it/parola/suonare
6532,Fondamentale,suono,,s.m.,,,,,,,,http://dizionario.internazionale.it/parola/suono
6533,Fondamentale,suora,,s.f.,,,,,,,,http://dizionario.internazionale.it/parola/suora
6534,Alto Uso,super,1,"agg.inv., s.m. e f.inv.",,,,,,,,http://dizionario.internazionale.it/parola/super
6535,Fondamentale,superare,,v.tr.,,,,,,,,http://dizionario.internazionale.it/parola/superare
6536,Alta Disponibilità,superbia,,s.f.,,,,,,,,http://dizionario.internazionale.it/parola/superbia
6537,Alto Uso,superficiale,,agg.,,,,,,,,http://dizionario.internazionale.it/parola/superficiale
6538,Fondamentale,superficie,,s.f.,,,,,,,,http://dizionario.internazionale.it/parola/superficie
6539,Fondamentale,superiore,,"agg., s.m.",,,,,,,,http://dizionario.internazionale.it/parola/superiore
6540,Alto Uso,supermercato,,s.m.,,,,,,,,http://dizionario.internazionale.it/parola/supermercato
6541,Alto Uso,supporre,,v.tr.,,-porre,,-rre verb,Irr PP: supposto,,di,http://dizionario.internazionale.it/parola/supporre
6542,Alto Uso,supportare,,v.tr.,,,,,,,,http://dizionario.internazionale.it/parola/supportare
6543,Fondamentale,supporto,,s.m.,,,,,,,,http://dizionario.internazionale.it/parola/supporto
6544,Alto Uso,supremo,,agg.,,,,,,,,http://dizionario.internazionale.it/parola/supremo
6545,Alta Disponibilità,surgelato,,"p.pass., agg., s.m.",,surgelare,,,,,,http://dizionario.internazionale.it/parola/surgelato
6546,Alto Uso,suscitare,,v.tr. e intr.,,,,,,,,http://dizionario.internazionale.it/parola/suscitare
6547,Alta Disponibilità,susina,,s.f.,,,,,,,,http://dizionario.internazionale.it/parola/susina
6548,Alta Disponibilità,susino,,s.m.,,,,,,,,http://dizionario.internazionale.it/parola/susino
6549,Alta Disponibilità,susseguirsi,,v.pronom.intr.,,,,,,,,http://dizionario.internazionale.it/parola/susseguirsi
6550,Alto Uso,sussurrare,,v.tr. e intr.,,,,,,,,http://dizionario.internazionale.it/parola/sussurrare
6551,Alto Uso,svanire,,v.intr.,,,,"finire ""isc"" conjugation",,,,http://dizionario.internazionale.it/parola/svanire
6552,Alta Disponibilità,svedese,,"agg., s.m. e f.",,,Demonym,,,,,http://dizionario.internazionale.it/parola/svedese
6553,Alta Disponibilità,sveglia,,s.f.,,,,,,,,http://dizionario.internazionale.it/parola/sveglia
6554,Fondamentale,svegliare,,v.tr.,,,,,,,,http://dizionario.internazionale.it/parola/svegliare
6555,Alta Disponibilità,svegliarsi,,v.pronom.intr.,,,,,,,,http://dizionario.internazionale.it/parola/svegliarsi
6556,Alto Uso,sveglio,,"p.pass., agg.",,,,,,,,http://dizionario.internazionale.it/parola/sveglio
6557,Alto Uso,svelare,,v.tr.,,,,,,,,http://dizionario.internazionale.it/parola/svelare
6558,Alta Disponibilità,svelto,1,agg.,,,,,,,,http://dizionario.internazionale.it/parola/svelto
6559,Alto Uso,svenire,,v.intr.,,,,,Irr PP: svenuto,Essere,,http://dizionario.internazionale.it/parola/svenire
6560,Alta Disponibilità,sventola,,s.f.,,,,,,,,http://dizionario.internazionale.it/parola/sventola
6561,Fondamentale,sviluppare,,"v.tr., v.intr.",,,,,,,,http://dizionario.internazionale.it/parola/sviluppare
6562,Alto Uso,sviluppato,,"p.pass., agg.",,sviluppare,,,,,,http://dizionario.internazionale.it/parola/sviluppato
6563,Fondamentale,sviluppo,,s.m.,,,,,,,,http://dizionario.internazionale.it/parola/sviluppo
6564,Alto Uso,svizzero,,"agg., s.m.",,,Demonym,,,,,http://dizionario.internazionale.it/parola/svizzero
6565,Alta Disponibilità,svolazzare,,v.intr. e tr.,,,,,,,,http://dizionario.internazionale.it/parola/svolazzare
6566,Fondamentale,svolgere,,v.tr.,,,,,Irr PP: svolto,,,http://dizionario.internazionale.it/parola/svolgere
6567,Alta Disponibilità,svolgimento,,s.m.,,,,,,,,http://dizionario.internazionale.it/parola/svolgimento
6568,Alto Uso,svolta,,s.f.,,,,,,,,http://dizionario.internazionale.it/parola/svolta
6569,Alto Uso,svuotare,,v.tr.,,,,,,,,http://dizionario.internazionale.it/parola/svuotare
6570,Alta Disponibilità,tabaccaio,,s.m.,,,,,,,,http://dizionario.internazionale.it/parola/tabaccaio
6571,Alto Uso,tabella,,s.f.,,,,,,,,http://dizionario.internazionale.it/parola/tabella
6572,Alta Disponibilità,tacca,,s.f.,,,,,,,,http://dizionario.internazionale.it/parola/tacca
6573,Alta Disponibilità,tacchino,,s.m.,,,,,,,,http://dizionario.internazionale.it/parola/tacchino
6574,Alto Uso,tacco,,s.m.,,,,,,,,http://dizionario.internazionale.it/parola/tacco
6575,Fondamentale,tacere,,"v.intr. e tr., s.m.",,,,,,,,http://dizionario.internazionale.it/parola/tacere
6576,Alto Uso,tag,1,"s.m.inv., s.f.inv.",,,,,,,,http://dizionario.internazionale.it/parola/tag
6577,Alto Uso,taglia,1,s.f.,,,,,,,,http://dizionario.internazionale.it/parola/taglia
6578,Fondamentale,tagliare,,v.tr. e intr.,,,,,,,,http://dizionario.internazionale.it/parola/tagliare
6579,Alta Disponibilità,tagliatella,,s.f.,,,,,,,,http://dizionario.internazionale.it/parola/tagliatella
6580,Alto Uso,tagliato,,"p.pass., agg.",,tagliare,,,,,,http://dizionario.internazionale.it/parola/tagliato
6581,Alta Disponibilità,tagliere,,s.m.,,,,,,,,http://dizionario.internazionale.it/parola/tagliere
6582,Fondamentale,taglio,,s.m.,,,,,,,,http://dizionario.internazionale.it/parola/taglio
6583,Alta Disponibilità,tagliola,1,s.f.,,,,,,,,http://dizionario.internazionale.it/parola/tagliola
6584,Alta Disponibilità,talco,,s.m.,,,,,,,,http://dizionario.internazionale.it/parola/talco
6585,Fondamentale,tale,,"agg.dimostr., agg.indef., pron.dimostr., pron.indef., avv.",,,,,,,,http://dizionario.internazionale.it/parola/tale
6586,Alta Disponibilità,taleggio,,s.m.,,,,,,,,http://dizionario.internazionale.it/parola/taleggio
6587,Alto Uso,talento,,s.m.,,,,,,,,http://dizionario.internazionale.it/parola/talento
6588,Fondamentale,talmente,,avv.,,tale,,,,,,http://dizionario.internazionale.it/parola/talmente
6589,Alta Disponibilità,talpa,,"s.f., agg.inv., s.m.inv.",,,,,,,,http://dizionario.internazionale.it/parola/talpa
6590,Alto Uso,talvolta,,avv.,,,,,,,,http://dizionario.internazionale.it/parola/talvolta
6591,Alta Disponibilità,tamburo,,s.m.,,,,,,,,http://dizionario.internazionale.it/parola/tamburo
6592,Alta Disponibilità,tamponare,,v.tr.,,,,,,,,http://dizionario.internazionale.it/parola/tamponare
6593,Alto Uso,tangente,,"p.pres., agg., s.f.",,tangere,,,,,,http://dizionario.internazionale.it/parola/tangente
6594,Fondamentale,tanto,,"agg.indef., pron.indef., pron.dimostr., s.m.inv., avv., cong.",,,,,,,,http://dizionario.internazionale.it/parola/tanto
6595,Alto Uso,tappa,,s.f.,,,,,,,,http://dizionario.internazionale.it/parola/tappa
6596,Alto Uso,tappare,,v.tr.,,,,,,,,http://dizionario.internazionale.it/parola/tappare
6597,Alta Disponibilità,tappetino,,s.m.,,,,,,,,http://dizionario.internazionale.it/parola/tappetino
6598,Alto Uso,tappeto,,s.m.,,,,,,,,http://dizionario.internazionale.it/parola/tappeto
6599,Alta Disponibilità,tappezzare,,v.tr.,,,,,,,,http://dizionario.internazionale.it/parola/tappezzare
6600,Alta Disponibilità,tappo,,s.m.,,,,,,,,http://dizionario.internazionale.it/parola/tappo
6601,Alta Disponibilità,tarallo,,s.m.,,,,,,,,http://dizionario.internazionale.it/parola/tarallo
6602,Alta Disponibilità,tarantella,,s.f.,,,,,,,,http://dizionario.internazionale.it/parola/tarantella
6603,Fondamentale,tardi,,avv.,,,,,,,,http://dizionario.internazionale.it/parola/tardi
6604,Fondamentale,tardo,,"agg., avv.",,,,,,,,http://dizionario.internazionale.it/parola/tardo
6605,Alto Uso,targa,,s.f.,,,,,,,,http://dizionario.internazionale.it/parola/targa
6606,Alto Uso,tariffa,,s.f.,,,,,,,,http://dizionario.internazionale.it/parola/tariffa
6607,Alta Disponibilità,tarlo,,s.m.,,,,,,,,http://dizionario.internazionale.it/parola/tarlo
6608,Alta Disponibilità,tartaruga,,s.f.,,,,,,,,http://dizionario.internazionale.it/parola/tartaruga
6609,Alta Disponibilità,tartufo,1,s.m.,,,,,,,,http://dizionario.internazionale.it/parola/tartufo
6610,Fondamentale,tasca,,s.f.,,,,,,,,http://dizionario.internazionale.it/parola/tasca
6611,Fondamentale,tassa,,s.f.,,,,,,,,http://dizionario.internazionale.it/parola/tassa
6612,Alta Disponibilità,tassare,,v.tr.,,,,,,,,http://dizionario.internazionale.it/parola/tassare
6613,Alta Disponibilità,tassello,1,s.m.,,,,,,,,http://dizionario.internazionale.it/parola/tassello
6614,Alto Uso,tasso,1,s.m.,,,,,,,,http://dizionario.internazionale.it/parola/tasso
6615,Alto Uso,tastiera,,s.f.,,,,,,,,http://dizionario.internazionale.it/parola/tastiera
6616,Alto Uso,tasto,,s.m.,,,,,,,,http://dizionario.internazionale.it/parola/tasto
6617,Alta Disponibilità,tatto,,s.m.,,,,,,,,http://dizionario.internazionale.it/parola/tatto
6618,Alto Uso,tatuaggio,,s.m.,,,,,,,,http://dizionario.internazionale.it/parola/tatuaggio
6619,Alta Disponibilità,taverna,,s.f.,,,,,,,,http://dizionario.internazionale.it/parola/taverna
6620,Fondamentale,tavola,,s.f.,,,,,,,,http://dizionario.internazionale.it/parola/tavola
6621,Alta Disponibilità,tavoletta,1,s.f.,,,,,,,,http://dizionario.internazionale.it/parola/tavoletta
6622,Alto Uso,tavolino,,s.m.,,,,,,,,http://dizionario.internazionale.it/parola/tavolino
6623,Fondamentale,tavolo,,s.m.,,,,,,,,http://dizionario.internazionale.it/parola/tavolo
6624,Alto Uso,taxi,,s.m.inv.,,,,,,,,http://dizionario.internazionale.it/parola/taxi
6625,Alto Uso,tazza,,s.f.,,,,,,,,http://dizionario.internazionale.it/parola/tazza
6626,Fondamentale,te,1,pron.pers. di seconda pers.sing.,,,Pron. Pers.,,,,,http://dizionario.internazionale.it/parola/te
6627,Alto Uso,tè,,s.m.inv.,,,,,,,,http://dizionario.internazionale.it/parola/tè
6628,Alto Uso,team,,s.m.inv.,,,,,,,,http://dizionario.internazionale.it/parola/team
6629,Alto Uso,teatrale,,agg.,,,,,,,,http://dizionario.internazionale.it/parola/teatrale
6630,Fondamentale,teatro,,s.m.,,,,,,,,http://dizionario.internazionale.it/parola/teatro
6631,Fondamentale,tecnica,1,s.f.,,,,,,,,http://dizionario.internazionale.it/parola/tecnica
6632,Alto Uso,tecnicamente,,avv.,,tecnico,,,,,,http://dizionario.internazionale.it/parola/tecnicamente
6633,Fondamentale,tecnico,,"agg., s.m.",,,,,,,,http://dizionario.internazionale.it/parola/tecnico
6634,Fondamentale,tecnologia,,s.f.,,,,,,,,http://dizionario.internazionale.it/parola/tecnologia
6635,Alto Uso,tecnologico,,agg.,,,,,,,,http://dizionario.internazionale.it/parola/tecnologico
6636,Fondamentale,tedesco,,"agg., s.m.",,,Demonym,,,,,http://dizionario.internazionale.it/parola/tedesco
6637,Alta Disponibilità,tegame,,s.m.,,,,,,,,http://dizionario.internazionale.it/parola/tegame
6638,Alta Disponibilità,teglia,,s.f.,,,,,,,,http://dizionario.internazionale.it/parola/teglia
6639,Alta Disponibilità,tegola,,s.f.,,,,,,,,http://dizionario.internazionale.it/parola/tegola
6640,Alto Uso,tela,1,s.f.,,,,,,,,http://dizionario.internazionale.it/parola/tela
6641,Alta Disponibilità,telaio,,s.m.,,,,,,,,http://dizionario.internazionale.it/parola/telaio
6642,Alto Uso,telecamera,,s.f.,,,,,,,,http://dizionario.internazionale.it/parola/telecamera
6643,Alta Disponibilità,telecomandato,,"p.pass., agg.",,telecomandare,,,,,,http://dizionario.internazionale.it/parola/telecomandato
6644,Alta Disponibilità,telecronaca,,s.f.,,,,,,,,http://dizionario.internazionale.it/parola/telecronaca
6645,Alta Disponibilità,telecronista,,s.m. e f.,,,,,,,,http://dizionario.internazionale.it/parola/telecronista
6646,Alto Uso,telefilm,,s.m.inv.,,,,,,,,http://dizionario.internazionale.it/parola/telefilm
6647,Fondamentale,telefonare,,v.intr. e tr.,,,,,,,,http://dizionario.internazionale.it/parola/telefonare
6648,Fondamentale,telefonata,,s.f.,,,,,,,,http://dizionario.internazionale.it/parola/telefonata
6649,Fondamentale,telefonico,,agg.,,,,,,,,http://dizionario.internazionale.it/parola/telefonico
6650,Alto Uso,telefonino,,s.m.,,,,,,,,http://dizionario.internazionale.it/parola/telefonino
6651,Fondamentale,telefono,,s.m.,,,,,,,,http://dizionario.internazionale.it/parola/telefono
6652,Alto Uso,telegiornale,,s.m.,,,,,,,,http://dizionario.internazionale.it/parola/telegiornale
6653,Alta Disponibilità,telegrafico,,agg.,,,,,,,,http://dizionario.internazionale.it/parola/telegrafico
6654,Alta Disponibilità,telegrafo,,s.m.,,,,,,,,http://dizionario.internazionale.it/parola/telegrafo
6655,Alta Disponibilità,telegramma,,s.m.,,,,,,,,http://dizionario.internazionale.it/parola/telegramma
6656,Alto Uso,telescopio,,s.m.,,,,,,,,http://dizionario.internazionale.it/parola/telescopio
6657,Fondamentale,televisione,,s.f.,,,,,,,,http://dizionario.internazionale.it/parola/televisione
6658,Fondamentale,televisivo,,agg.,,,,,,,,http://dizionario.internazionale.it/parola/televisivo
6659,Alto Uso,televisore,,s.m.,,,,,,,,http://dizionario.internazionale.it/parola/televisore
6660,Fondamentale,tema,1,s.m.,,,,,,,,http://dizionario.internazionale.it/parola/tema
6661,Fondamentale,temere,,v.tr. e intr.,,,,,,,di,http://dizionario.internazionale.it/parola/temere
6662,Fondamentale,temperatura,,s.f.,,,,,,,,http://dizionario.internazionale.it/parola/temperatura
6663,Alto Uso,tempesta,,s.f.,,,,,,,,http://dizionario.internazionale.it/parola/tempesta
6664,Alto Uso,tempio,,s.m.,,,,,,,,http://dizionario.internazionale.it/parola/tempio
6665,Fondamentale,tempo,,s.m.,,,,,,,,http://dizionario.internazionale.it/parola/tempo
6666,Alto Uso,temporale,1,s.m.,,,,,,,,http://dizionario.internazionale.it/parola/temporale
6667,Alto Uso,temporaneo,,agg.,,,,,,,,http://dizionario.internazionale.it/parola/temporaneo
6668,Alta Disponibilità,tenaglia,,s.f.,,,,,,,,http://dizionario.internazionale.it/parola/tenaglia
6669,Fondamentale,tenda,1,s.f.,,,,,,,,http://dizionario.internazionale.it/parola/tenda
6670,Fondamentale,tendenza,,s.f.,,,,,,,,http://dizionario.internazionale.it/parola/tendenza
6671,Fondamentale,tendere,,v.tr. e intr.,,,,,Irr PP: teso,,a,http://dizionario.internazionale.it/parola/tendere
6672,Alta Disponibilità,tenebra,,s.f.,,,,,,,,http://dizionario.internazionale.it/parola/tenebra
6673,Alto Uso,tenente,1,s.m.,,,,,,,,http://dizionario.internazionale.it/parola/tenente
6674,Fondamentale,tenere,,v.tr. e intr.,,,,,,,,http://dizionario.internazionale.it/parola/tenere
6675,Alto Uso,tenerezza,,s.f.,,tenero,,,,,,http://dizionario.internazionale.it/parola/tenerezza
6676,Alto Uso,tenero,,"agg., s.m.",,,,,,,,http://dizionario.internazionale.it/parola/tenero
6677,Alto Uso,tennis,,s.m.inv.,,,,,,,,http://dizionario.internazionale.it/parola/tennis
6678,Fondamentale,tensione,,s.f.,,,,,,,,http://dizionario.internazionale.it/parola/tensione
6679,Fondamentale,tentare,,v.tr.,,,,,,,di,http://dizionario.internazionale.it/parola/tentare
6680,Fondamentale,tentativo,,s.m.,,,,,,,,http://dizionario.internazionale.it/parola/tentativo
6681,Alto Uso,tentazione,,s.f.,,,,,,,,http://dizionario.internazionale.it/parola/tentazione
6682,Alto Uso,tenuta,1,s.f.,,,,,,,,http://dizionario.internazionale.it/parola/tenuta
6683,Alto Uso,teologia,,s.f.,,,,,,,,http://dizionario.internazionale.it/parola/teologia
6684,Alto Uso,teologo,,s.m.,,,,,,,,http://dizionario.internazionale.it/parola/teologo
6685,Fondamentale,teoria,,s.f.,,,,,,,,http://dizionario.internazionale.it/parola/teoria
6686,Alto Uso,teorico,1,"agg., s.m.",,,,,,,,http://dizionario.internazionale.it/parola/teorico
6687,Fondamentale,terapia,,s.f.,,,,,,,,http://dizionario.internazionale.it/parola/terapia
6688,Alta Disponibilità,tergicristallo,,s.m.,,,,,,,,http://dizionario.internazionale.it/parola/tergicristallo
6689,Alto Uso,terminale,,"agg., s.m.",,,,,,,,http://dizionario.internazionale.it/parola/terminale
6690,Fondamentale,terminare,,v.tr. e intr.,,,,,,,di,http://dizionario.internazionale.it/parola/terminare
6691,Fondamentale,termine,,s.m.,,,,,,,,http://dizionario.internazionale.it/parola/termine
6692,Alta Disponibilità,termosifone,,s.m.,,,,,,,,http://dizionario.internazionale.it/parola/termosifone
6693,Fondamentale,terra,,s.f.,,,,,,,,http://dizionario.internazionale.it/parola/terra
6694,Alto Uso,terrazzo,,s.m.,,,,,,,,http://dizionario.internazionale.it/parola/terrazzo
6695,Alto Uso,terremoto,,s.m.,,,,,,,,http://dizionario.internazionale.it/parola/terremoto
6696,Fondamentale,terreno,1,s.m.,,,,,,,,http://dizionario.internazionale.it/parola/terreno
6697,Alto Uso,terrestre,,"agg., s.m. e f.",,,,,,,,http://dizionario.internazionale.it/parola/terrestre
6698,Fondamentale,terribile,,agg.,,,,,,,,http://dizionario.internazionale.it/parola/terribile
6699,Alta Disponibilità,terriccio,,s.m.,,,,,,,,http://dizionario.internazionale.it/parola/terriccio
6700,Alto Uso,territoriale,,"agg., s.m.",,,,,,,,http://dizionario.internazionale.it/parola/territoriale
6701,Fondamentale,territorio,,s.m.,,,,,,,,http://dizionario.internazionale.it/parola/territorio
6702,Alto Uso,terrore,,s.m.,,,,,,,,http://dizionario.internazionale.it/parola/terrore
6703,Alto Uso,terrorismo,,s.m.,,,,,,,,http://dizionario.internazionale.it/parola/terrorismo
6704,Alto Uso,terrorista,,"agg., s.m. e f.",,,,,,,,http://dizionario.internazionale.it/parola/terrorista
6705,Alto Uso,terrorizzare,,v.tr.,,,,,,,,http://dizionario.internazionale.it/parola/terrorizzare
6706,Fondamentale,terzo,,"agg.num.ord., s.m.",,,Numbers,,,,,http://dizionario.internazionale.it/parola/terzo
6707,Alto Uso,teschio,,s.m.,,,,,,,,http://dizionario.internazionale.it/parola/teschio
6708,Fondamentale,tesi,1,s.f.inv.,,,,,,,,http://dizionario.internazionale.it/parola/tesi
6709,Alto Uso,teso,,"p.pass., agg.",,,,,,,,http://dizionario.internazionale.it/parola/teso
6710,Fondamentale,tesoro,,s.m.,,,,,,,,http://dizionario.internazionale.it/parola/tesoro
6711,Alto Uso,tessera,,s.f.,,,,,,,,http://dizionario.internazionale.it/parola/tessera
6712,Alta Disponibilità,tessile,,"agg., s.m. e f.",,,,,,,,http://dizionario.internazionale.it/parola/tessile
6713,Alto Uso,tessuto,,"p.pass., agg., s.m.",,tessere,,,,,,http://dizionario.internazionale.it/parola/tessuto
6714,Fondamentale,test,,s.m.inv.,,,,,,,,http://dizionario.internazionale.it/parola/test
6715,Fondamentale,testa,1,s.f.,,,,,,,,http://dizionario.internazionale.it/parola/testa
6716,Alto Uso,testamento,,s.m.,,,,,,,,http://dizionario.internazionale.it/parola/testamento
6717,Alto Uso,testare,2,v.tr.,,,,,,,,http://dizionario.internazionale.it/parola/testare_2
6718,Fondamentale,testimone,,"s.m. e f., s.m.",,,,,,,,http://dizionario.internazionale.it/parola/testimone
6719,Alto Uso,testimonianza,,s.f.,,,,,,,,http://dizionario.internazionale.it/parola/testimonianza
6720,Alto Uso,testimoniare,,v.tr. e intr.,,,,,,,,http://dizionario.internazionale.it/parola/testimoniare
6721,Fondamentale,testo,1,s.m.,,,,,,,,http://dizionario.internazionale.it/parola/testo
6722,Alto Uso,tetta,,s.f.,,,,,,,,http://dizionario.internazionale.it/parola/tetta
6723,Fondamentale,tetto,,s.m.,,,,,,,,http://dizionario.internazionale.it/parola/tetto
6724,Alta Disponibilità,tettoia,,s.f.,,,,,,,,http://dizionario.internazionale.it/parola/tettoia
6725,Alto Uso,TG,,sigla,,,,,,,,http://dizionario.internazionale.it/parola/TG
6726,Alta Disponibilità,thermos,,s.m.inv.,,,,,,,,http://dizionario.internazionale.it/parola/thermos
6727,Fondamentale,ti,1,pron.pers. di seconda pers.sing.,Pronoun,,Pron. Pers.,,,,,http://dizionario.internazionale.it/parola/ti
6728,Alta Disponibilità,ti,2,s.f. e m.inv.,Letter,,Letters of the Alphabet,,,,,http://dizionario.internazionale.it/parola/ti_2
6729,Alta Disponibilità,tic,2,s.m.inv.,,,,,,,,http://dizionario.internazionale.it/parola/tic_2
6730,Alta Disponibilità,ticchettio,,s.m.,,,,,,,,http://dizionario.internazionale.it/parola/ticchettio
6731,Alto Uso,tifare,,v.intr.,,,,,,,,http://dizionario.internazionale.it/parola/tifare
6732,Alta Disponibilità,tifo,,s.m.,,,,,,,,http://dizionario.internazionale.it/parola/tifo
6733,Alto Uso,tifoso,,"agg., s.m.",,,,,,,,http://dizionario.internazionale.it/parola/tifoso
6734,Alto Uso,tigre,,s.f.,,,,,,,,http://dizionario.internazionale.it/parola/tigre
6735,Alta Disponibilità,timbro,,s.m.,,,,,,,,http://dizionario.internazionale.it/parola/timbro
6736,Alta Disponibilità,timidezza,,s.f.,,timido,,,,,,http://dizionario.internazionale.it/parola/timidezza
6737,Alto Uso,timido,,"agg., s.m.",,,,,,,,http://dizionario.internazionale.it/parola/timido
6738,Alta Disponibilità,timone,,s.m.,,,,,,,,http://dizionario.internazionale.it/parola/timone
6739,Alta Disponibilità,timoniere,,s.m.,,,,,,,,http://dizionario.internazionale.it/parola/timoniere
6740,Alto Uso,timore,,s.m.,,,,,,,,http://dizionario.internazionale.it/parola/timore
6741,Alta Disponibilità,tinello,,s.m.,,,,,,,,http://dizionario.internazionale.it/parola/tinello
6742,Alta Disponibilità,tino,1,s.m.,,,,,,,,http://dizionario.internazionale.it/parola/tino
6743,Fondamentale,tipico,1,agg.,,,,,,,,http://dizionario.internazionale.it/parola/tipico
6744,Fondamentale,tipo,,s.m.,,,,,,,,http://dizionario.internazionale.it/parola/tipo
6745,Alto Uso,tipologia,,s.f.,,,,,,,,http://dizionario.internazionale.it/parola/tipologia
6746,Alta Disponibilità,tiramisù,,s.m.inv.,,,,,,,,http://dizionario.internazionale.it/parola/tiramisù
6747,Alta Disponibilità,tiranno,,"s.m., agg.",,,,,,,,http://dizionario.internazionale.it/parola/tiranno
6748,Fondamentale,tirare,,v.tr. e intr.,,,,,,,,http://dizionario.internazionale.it/parola/tirare
6749,Alto Uso,tiro,1,s.m.,,,,,,,,http://dizionario.internazionale.it/parola/tiro
6750,Alto Uso,tirocinio,,s.m.,,,,,,,,http://dizionario.internazionale.it/parola/tirocinio
6751,Alta Disponibilità,tirrenico,,agg.,,,,,,,,http://dizionario.internazionale.it/parola/tirrenico
6752,Alta Disponibilità,tisana,,s.f.,,,,,,,,http://dizionario.internazionale.it/parola/tisana
6753,Alto Uso,titolare,1,"agg., s.m. e f.",,,,,,,,http://dizionario.internazionale.it/parola/titolare
6754,Fondamentale,titolo,,s.m.,,,,,,,,http://dizionario.internazionale.it/parola/titolo
6755,Fondamentale,tivù,,s.f.inv.,,,,,,,,http://dizionario.internazionale.it/parola/tivù
6756,Alto Uso,tizio,1,s.m.,,,,,,,,http://dizionario.internazionale.it/parola/tizio
6757,Alta Disponibilità,toast,,s.m.inv.,,,,,,,,http://dizionario.internazionale.it/parola/toast
6758,Fondamentale,toccare,,v.tr. e intr.,,,,,,,,http://dizionario.internazionale.it/parola/toccare
6759,Alto Uso,tocco,1,s.m.,,,,,,,,http://dizionario.internazionale.it/parola/tocco
6760,Fondamentale,togliere,,v.tr.,,,,,Irr PP: tolto,,,http://dizionario.internazionale.it/parola/togliere
6761,Alta Disponibilità,toilette,,s.f.inv.,,,,,,,,http://dizionario.internazionale.it/parola/toilette
6762,Alta Disponibilità,toletta,,s.f.,,,,,,,,http://dizionario.internazionale.it/parola/toletta
6763,Alto Uso,tolleranza,,s.f.,,,,,,,,http://dizionario.internazionale.it/parola/tolleranza
6764,Alto Uso,tollerare,,v.tr.,,,,,,,,http://dizionario.internazionale.it/parola/tollerare
6765,Alto Uso,tomba,,s.f.,,,,,,,,http://dizionario.internazionale.it/parola/tomba
6766,Alta Disponibilità,tombola,1,s.f.,,,,,,,,http://dizionario.internazionale.it/parola/tombola
6767,Alta Disponibilità,tonaca,,s.f.,,,,,,,,http://dizionario.internazionale.it/parola/tonaca
6768,Alto Uso,tondo,,"agg., s.m.",,,,,,,,http://dizionario.internazionale.it/parola/tondo
6769,Alto Uso,tonnellata,,s.f.,,,,,,,,http://dizionario.internazionale.it/parola/tonnellata
6770,Alta Disponibilità,tonno,,s.m.,,,,,,,,http://dizionario.internazionale.it/parola/tonno
6771,Fondamentale,tono,1,s.m.,,,,,,,,http://dizionario.internazionale.it/parola/tono
6772,Alta Disponibilità,tonsilla,,s.f.,,,,,,,,http://dizionario.internazionale.it/parola/tonsilla
6773,Alto Uso,top,1,s.m.inv.,,,,,,,,http://dizionario.internazionale.it/parola/top
6774,Alto Uso,topo,,"s.m., s.m.inv., agg.inv.",,,,,,,,http://dizionario.internazionale.it/parola/topo
6775,Alta Disponibilità,toppa,,s.f.,,,,,,,,http://dizionario.internazionale.it/parola/toppa
6776,Alta Disponibilità,torbido,,"agg., s.m.",,,,,,,,http://dizionario.internazionale.it/parola/torbido
6777,Alto Uso,torcere,1,v.tr. e intr.,,,,,Irr PP: torto,,,http://dizionario.internazionale.it/parola/torcere
6778,Alta Disponibilità,torcia,,s.f.,,,,,,,,http://dizionario.internazionale.it/parola/torcia
6779,Alta Disponibilità,torcicollo,,s.m.,,,,,,,,http://dizionario.internazionale.it/parola/torcicollo
6780,Alta Disponibilità,tordo,,s.m.,,,,,,,,http://dizionario.internazionale.it/parola/tordo
6781,Alta Disponibilità,torero,,s.m.,,,,,,,,http://dizionario.internazionale.it/parola/torero
6782,Alta Disponibilità,torinese,,"agg., s.m. e f.",,,Demonym,,,,,http://dizionario.internazionale.it/parola/torinese
6783,Alto Uso,tormentare,,v.tr.,,,,,,,,http://dizionario.internazionale.it/parola/tormentare
6784,Alta Disponibilità,tornaconto,,s.m.,,,,,,,,http://dizionario.internazionale.it/parola/tornaconto
6785,Fondamentale,tornare,,v.intr. e tr.,,,,,,Essere,a,http://dizionario.internazionale.it/parola/tornare
6786,Alto Uso,torneo,,s.m.,,,,,,,,http://dizionario.internazionale.it/parola/torneo
6787,Alta Disponibilità,tornio,,s.m.,,,,,,,,http://dizionario.internazionale.it/parola/tornio
6788,Alto Uso,toro,1,"s.m., s.m.inv.",,,,,,,,http://dizionario.internazionale.it/parola/toro
6789,Alto Uso,torre,1,s.f.,,,,,,,,http://dizionario.internazionale.it/parola/torre
6790,Alta Disponibilità,torrone,,s.m.,,,,,,,,http://dizionario.internazionale.it/parola/torrone
6791,Alto Uso,torta,1,s.f.,,,,,,,,http://dizionario.internazionale.it/parola/torta
6792,Alta Disponibilità,tortellino,,s.m.,,,,,,,,http://dizionario.internazionale.it/parola/tortellino
6793,Alto Uso,torto,1,s.m.,,,,,,,,http://dizionario.internazionale.it/parola/torto
6794,Alta Disponibilità,tortora,,"s.f., agg.inv., s.m.inv.",,,,,,,,http://dizionario.internazionale.it/parola/tortora
6795,Alta Disponibilità,tosare,,v.tr.,,,,,,,,http://dizionario.internazionale.it/parola/tosare
6796,Alto Uso,toscano,,"agg., s.m.",,,Demonym,,,,,http://dizionario.internazionale.it/parola/toscano
6797,Alto Uso,tosse,,s.f.,,,,,,,,http://dizionario.internazionale.it/parola/tosse
6798,Alto Uso,tossico,1,"agg., s.m.",,,,,,,,http://dizionario.internazionale.it/parola/tossico
6799,Alta Disponibilità,tossire,,v.intr.,,,,"finire ""isc"" conjugation",,,,http://dizionario.internazionale.it/parola/tossire
6800,Alta Disponibilità,tostapane,,s.m.inv.,,,,,,,,http://dizionario.internazionale.it/parola/tostapane
6801,Fondamentale,totale,,"agg., s.m.",,,,,,,,http://dizionario.internazionale.it/parola/totale
6802,Alto Uso,totalmente,,avv.,,totale,,,,,,http://dizionario.internazionale.it/parola/totalmente
6803,Alto Uso,tour,,s.m.inv.,,,,,,,,http://dizionario.internazionale.it/parola/tour
6804,Alto Uso,tovaglia,,s.f.,,,,,,,,http://dizionario.internazionale.it/parola/tovaglia
6805,Alta Disponibilità,tovaglietta,,s.f.,,,,,,,,http://dizionario.internazionale.it/parola/tovaglietta
6806,Alta Disponibilità,tovagliolo,,s.m.,,,,,,,,http://dizionario.internazionale.it/parola/tovagliolo
6807,Fondamentale,tra,,prep.,,,Prepositions,,,,,http://dizionario.internazionale.it/parola/tra
6808,Alta Disponibilità,traballare,,v.intr.,,,,,,,,http://dizionario.internazionale.it/parola/traballare
6809,Alta Disponibilità,traboccare,1,"v.intr., v.tr.",,,,,,,,http://dizionario.internazionale.it/parola/traboccare
6810,Alta Disponibilità,trabocchetto,,s.m.,,,,,,,,http://dizionario.internazionale.it/parola/trabocchetto
6811,Fondamentale,traccia,,s.f.,,,,,,,,http://dizionario.internazionale.it/parola/traccia
6812,Alto Uso,tracciare,,v.tr.,,,,,,,,http://dizionario.internazionale.it/parola/tracciare
6813,Alto Uso,tradimento,,s.m.,,,,,,,,http://dizionario.internazionale.it/parola/tradimento
6814,Alto Uso,tradire,,v.tr.,,,,"finire ""isc"" conjugation",,,,http://dizionario.internazionale.it/parola/tradire
6815,Fondamentale,tradizionale,,agg.,,,,,,,,http://dizionario.internazionale.it/parola/tradizionale
6816,Fondamentale,tradizione,,s.f.,,,,,,,,http://dizionario.internazionale.it/parola/tradizione
6817,Fondamentale,tradurre,,v.tr.,,-durre,,-rre verb,Irr PP: tradotto,,,http://dizionario.internazionale.it/parola/tradurre
6818,Fondamentale,traduzione,,s.f.,,,,,,,,http://dizionario.internazionale.it/parola/traduzione
6819,Fondamentale,traffico,,s.m.,,,,,,,,http://dizionario.internazionale.it/parola/traffico
6820,Alta Disponibilità,trafila,,s.f.,,,,,,,,http://dizionario.internazionale.it/parola/trafila
6821,Alta Disponibilità,traforo,,s.m.,,,,,,,,http://dizionario.internazionale.it/parola/traforo
6822,Alto Uso,tragedia,,s.f.,,,,,,,,http://dizionario.internazionale.it/parola/tragedia
6823,Alta Disponibilità,traghetto,,s.m.,,,,,,,,http://dizionario.internazionale.it/parola/traghetto
6824,Alto Uso,tragico,,"agg., s.m.",,,,,,,,http://dizionario.internazionale.it/parola/tragico
6825,Alta Disponibilità,trainare,,v.tr.,,,,,,,,http://dizionario.internazionale.it/parola/trainare
6826,Alto Uso,trama,,s.f.,,,,,,,,http://dizionario.internazionale.it/parola/trama
6827,Alta Disponibilità,tramezzino,,s.m.,,,,,,,,http://dizionario.internazionale.it/parola/tramezzino
6828,Fondamentale,tramite,1,"s.m., prep.",,,,,,,,http://dizionario.internazionale.it/parola/tramite
6829,Alta Disponibilità,tramontare,,v.intr.,,,,,,,,http://dizionario.internazionale.it/parola/tramontare
6830,Alto Uso,tramonto,1,s.m.,,,,,,,,http://dizionario.internazionale.it/parola/tramonto
6831,Alta Disponibilità,trampolino,,s.m.,,,,,,,,http://dizionario.internazionale.it/parola/trampolino
6832,Alta Disponibilità,trancio,,s.m.,,,,,,,,http://dizionario.internazionale.it/parola/trancio
6833,Fondamentale,tranne,,prep.,,,,,,,,http://dizionario.internazionale.it/parola/tranne
6834,Alto Uso,tranquillamente,,avv.,,tranquillo,,,,,,http://dizionario.internazionale.it/parola/tranquillamente
6835,Alto Uso,tranquillità,,s.f.inv.,,,,,,,,http://dizionario.internazionale.it/parola/tranquillita
6836,Alta Disponibilità,tranquillizzare,,v.tr.,,,,,,,,http://dizionario.internazionale.it/parola/tranquillizzare
6837,Fondamentale,tranquillo,,"agg., avv., s.m.inv.",,,,,,,,http://dizionario.internazionale.it/parola/tranquillo
6838,Alta Disponibilità,transito,,s.m.,,,,,,,,http://dizionario.internazionale.it/parola/transito
6839,Alta Disponibilità,trapano,,s.m.,,,,,,,,http://dizionario.internazionale.it/parola/trapano
6840,Alta Disponibilità,trapezio,,"s.m., agg.",,,,,,,,http://dizionario.internazionale.it/parola/trapezio
6841,Alta Disponibilità,trapianto,,s.m.,,,,,,,,http://dizionario.internazionale.it/parola/trapianto
6842,Alto Uso,trappola,,s.f.,,,,,,,,http://dizionario.internazionale.it/parola/trappola
6843,Alta Disponibilità,trapunta,,s.f.,,,,,,,,http://dizionario.internazionale.it/parola/trapunta
6844,Fondamentale,trarre,,v.tr. e intr.,,-trarre,,-rre verb,Irr PP: tratto,,,http://dizionario.internazionale.it/parola/trarre
6845,Fondamentale,trascinare,,v.tr.,,,,,,,,http://dizionario.internazionale.it/parola/trascinare
6846,Fondamentale,trascorrere,,v.tr. e intr.,,,,,Irr PP: trascorso,,,http://dizionario.internazionale.it/parola/trascorrere
6847,Alto Uso,trascrizione,,s.f.,,,,,,,,http://dizionario.internazionale.it/parola/trascrizione
6848,Alto Uso,trascurare,,v.tr.,,,,,,,,http://dizionario.internazionale.it/parola/trascurare
6849,Alto Uso,trasferimento,,s.m.,,,,,,,,http://dizionario.internazionale.it/parola/trasferimento
6850,Fondamentale,trasferire,,v.tr.,,,,"finire ""isc"" conjugation",,,,http://dizionario.internazionale.it/parola/trasferire
6851,Fondamentale,trasformare,,v.tr.,,,,,,,,http://dizionario.internazionale.it/parola/trasformare
6852,Alto Uso,trasformazione,,s.f.,,,,,,,,http://dizionario.internazionale.it/parola/trasformazione
6853,Alta Disponibilità,trasfusione,,s.f.,,,,,,,,http://dizionario.internazionale.it/parola/trasfusione
6854,Alta Disponibilità,traslocare,,"v.tr., v.intr.",,,,,,,,http://dizionario.internazionale.it/parola/traslocare
6855,Alta Disponibilità,trasloco,,s.m.,,,,,,,,http://dizionario.internazionale.it/parola/trasloco
6856,Fondamentale,trasmettere,,v.tr.,,,,,Irr PP: trasmesso,,,http://dizionario.internazionale.it/parola/trasmettere
6857,Fondamentale,trasmissione,,s.f.,,,,,,,,http://dizionario.internazionale.it/parola/trasmissione
6858,Alto Uso,trasparente,,"agg., s.m.",,,,,,,,http://dizionario.internazionale.it/parola/trasparente
6859,Alto Uso,trasparenza,,s.f.,,,,,,,,http://dizionario.internazionale.it/parola/trasparenza
6860,Alto Uso,trasportare,,v.tr.,,,,,,,,http://dizionario.internazionale.it/parola/trasportare
6861,Fondamentale,trasporto,,s.m.,,,,,,,,http://dizionario.internazionale.it/parola/trasporto
6862,Fondamentale,trattamento,,s.m.,,,,,,,,http://dizionario.internazionale.it/parola/trattamento
6863,Fondamentale,trattare,,v.tr. e intr.,,,,,,,,http://dizionario.internazionale.it/parola/trattare
6864,Alto Uso,trattativa,,s.f.,,,,,,,,http://dizionario.internazionale.it/parola/trattativa
6865,Alto Uso,trattato,1,s.m.,,,,,,,,http://dizionario.internazionale.it/parola/trattato
6866,Fondamentale,trattenere,,v.tr.,,,,,,,,http://dizionario.internazionale.it/parola/trattenere
6867,Alta Disponibilità,trattenuta,,s.f.,,,,,,,,http://dizionario.internazionale.it/parola/trattenuta
6868,Fondamentale,tratto,1,s.m.,,,,,,,,http://dizionario.internazionale.it/parola/tratto
6869,Alta Disponibilità,trattore,1,s.m.,,,,,,,,http://dizionario.internazionale.it/parola/trattore
6870,Alto Uso,trauma,,s.m.,,,,,,,,http://dizionario.internazionale.it/parola/trauma
6871,Alta Disponibilità,travasare,,"v.tr., v.intr.",,,,,,,,http://dizionario.internazionale.it/parola/travasare
6872,Alta Disponibilità,travestire,,v.tr.,,,,,,,,http://dizionario.internazionale.it/parola/travestire
6873,Alto Uso,travolgere,,v.tr.,,,,,Irr PP: travolto,,,http://dizionario.internazionale.it/parola/travolgere
6874,Fondamentale,tre,,"agg.num.card.inv., s.m.inv., s.f.pl.",,,Numbers,,,,,http://dizionario.internazionale.it/parola/tre
6875,Alta Disponibilità,trebbiare,,v.tr.,,,,,,,,http://dizionario.internazionale.it/parola/trebbiare
6876,Alto Uso,trecento,,"agg.num.card.inv., s.m.inv.",,,Numbers,,,,,http://dizionario.internazionale.it/parola/trecento
6877,Alto Uso,tredici,,"agg.num.card.inv., s.m.inv., s.f.pl.",,,Numbers,,,,,http://dizionario.internazionale.it/parola/tredici
6878,Alto Uso,tremare,,v.intr.,,,,,,,,http://dizionario.internazionale.it/parola/tremare
6879,Alto Uso,tremendo,,agg.,,,,,,,,http://dizionario.internazionale.it/parola/tremendo
6880,Alto Uso,trend,,s.m.inv.,,,,,,,,http://dizionario.internazionale.it/parola/trend
6881,Fondamentale,treno,1,s.m.,,,,,,,,http://dizionario.internazionale.it/parola/treno
6882,Fondamentale,trenta,,"agg.num.card.inv., s.m.inv.",,,Numbers,,,,,http://dizionario.internazionale.it/parola/trenta
6883,Alta Disponibilità,trentino,1,"agg., s.m.",,,Demonym,,,,,http://dizionario.internazionale.it/parola/trentino
6884,Alto Uso,triangolo,,s.m.,,,,,,,,http://dizionario.internazionale.it/parola/triangolo
6885,Alta Disponibilità,tribù,,s.f.inv.,,,,,,,,http://dizionario.internazionale.it/parola/tribù
6886,Fondamentale,tribunale,,s.m.,,,,,,,,http://dizionario.internazionale.it/parola/tribunale
6887,Alta Disponibilità,triestino,,"agg., s.m.",,,Demonym,,,,,http://dizionario.internazionale.it/parola/triestino
6888,Alta Disponibilità,trifoglio,,s.m.,,,,,,,,http://dizionario.internazionale.it/parola/trifoglio
6889,Alta Disponibilità,trina,,s.f.,,,,,,,,http://dizionario.internazionale.it/parola/trina
6890,Alta Disponibilità,trincea,,s.f.,,,,,,,,http://dizionario.internazionale.it/parola/trincea
6891,Alto Uso,trionfo,,s.m.,,,,,,,,http://dizionario.internazionale.it/parola/trionfo
6892,Fondamentale,triste,,agg.,,,,,,,,http://dizionario.internazionale.it/parola/triste
6893,Alto Uso,tristezza,,s.f.,,triste,,,,,,http://dizionario.internazionale.it/parola/tristezza
6894,Alta Disponibilità,tritare,,v.tr.,,,,,,,,http://dizionario.internazionale.it/parola/tritare
6895,Alta Disponibilità,trofeo,,s.m.,,,,,,,,http://dizionario.internazionale.it/parola/trofeo
6896,Alto Uso,tronco,1,s.m.,,,,,,,,http://dizionario.internazionale.it/parola/tronco
6897,Alto Uso,trono,1,s.m.,,,,,,,,http://dizionario.internazionale.it/parola/trono
6898,Fondamentale,troppo,,"agg.indef., pron.indef., avv., s.m.",,,,,,,,http://dizionario.internazionale.it/parola/troppo
6899,Alta Disponibilità,trota,,s.f.,,,,,,,,http://dizionario.internazionale.it/parola/trota
6900,Alta Disponibilità,trottare,,v.intr.,,,,,,,,http://dizionario.internazionale.it/parola/trottare
6901,Alta Disponibilità,trottola,,s.f.,,,,,,,,http://dizionario.internazionale.it/parola/trottola
6902,Fondamentale,trovare,1,v.tr.,,,,,,,,http://dizionario.internazionale.it/parola/trovare
6903,Alta Disponibilità,truccare,1,v.tr.,,,,,,,,http://dizionario.internazionale.it/parola/truccare
6904,Alto Uso,trucco,1,s.m.,,,,,,,,http://dizionario.internazionale.it/parola/trucco
6905,Alto Uso,trucco,2,s.m.,,,,,,,,http://dizionario.internazionale.it/parola/trucco_2
6906,Alto Uso,truffa,,s.f.,,,,,,,,http://dizionario.internazionale.it/parola/truffa
6907,Alta Disponibilità,truffare,,v.tr.,,,,,,,,http://dizionario.internazionale.it/parola/truffare
6908,Alto Uso,truppa,,s.f.,,,,,,,,http://dizionario.internazionale.it/parola/truppa
6909,Alta Disponibilità,t-shirt,,s.f.inv.,,,,,,,,http://dizionario.internazionale.it/parola/t-shirt
6910,Fondamentale,tu,,"pron.pers. di seconda pers.sing., s.m.inv.",,,Pron. Pers.,,,,,http://dizionario.internazionale.it/parola/tu
6911,Alto Uso,tubo,,s.m.,,,,,,,,http://dizionario.internazionale.it/parola/tubo
6912,Alto Uso,tuffare,,v.tr.,,,,,,,,http://dizionario.internazionale.it/parola/tuffare
6913,Alta Disponibilità,tuffo,1,s.m.,,,,,,,,http://dizionario.internazionale.it/parola/tuffo
6914,Alta Disponibilità,tulipano,,s.m.,,,,,,,,http://dizionario.internazionale.it/parola/tulipano
6915,Alto Uso,tumore,,s.m.,,,,,,,,http://dizionario.internazionale.it/parola/tumore
6916,Alta Disponibilità,tunica,,s.f.,,,,,,,,http://dizionario.internazionale.it/parola/tunica
6917,Alta Disponibilità,tunisino,,"agg., s.m.",,,Demonym,,,,,http://dizionario.internazionale.it/parola/tunisino
6918,Alta Disponibilità,tunnel,,s.m.inv.,,,,,,,,http://dizionario.internazionale.it/parola/tunnel
6919,Fondamentale,tuo,,"agg.poss. di seconda pers.sing., pron.poss. di seconda pers.sing.",,,Possessives,,,,,http://dizionario.internazionale.it/parola/tuo
6920,Alta Disponibilità,tuono,1,s.m.,,,,,,,,http://dizionario.internazionale.it/parola/tuono
6921,Alto Uso,turbare,,v.tr.,,,,,,,,http://dizionario.internazionale.it/parola/turbare
6922,Alto Uso,turco,,"agg., s.m.",,,Demonym,,,,,http://dizionario.internazionale.it/parola/turco
6923,Alto Uso,turismo,,s.m.,,,,,,,,http://dizionario.internazionale.it/parola/turismo
6924,Alto Uso,turista,,s.m. e f.,,,,,,,,http://dizionario.internazionale.it/parola/turista
6925,Alto Uso,turistico,,agg.,,,,,,,,http://dizionario.internazionale.it/parola/turistico
6926,Fondamentale,turno,,s.m.,,,,,,,,http://dizionario.internazionale.it/parola/turno
6927,Alto Uso,tuta,,s.f.,,,,,,,,http://dizionario.internazionale.it/parola/tuta
6928,Alto Uso,tutela,,s.f.,,,,,,,,http://dizionario.internazionale.it/parola/tutela
6929,Alto Uso,tutelare,2,v.tr.,,,,,,,,http://dizionario.internazionale.it/parola/tutelare_2
6930,Alta Disponibilità,tutore,,s.m.,,,,,,,,http://dizionario.internazionale.it/parola/tutore
6931,Fondamentale,tuttavia,,"cong., avv.",,,,,,,,http://dizionario.internazionale.it/parola/tuttavia
6932,Fondamentale,tutto,,"agg.indef., pron.indef., s.m.",,,,,,,,http://dizionario.internazionale.it/parola/tutto
6933,Alto Uso,tuttora,,avv.,,,,,,,,http://dizionario.internazionale.it/parola/tuttora
6934,Alta Disponibilità,u,1,s.f. e m.inv.,,,Letters of the Alphabet,,,,,http://dizionario.internazionale.it/parola/u
6935,Alto Uso,ubriaco,,"agg., s.m.",,,,,,,,http://dizionario.internazionale.it/parola/ubriaco
6936,Fondamentale,uccello,,s.m.,,,,,,,,http://dizionario.internazionale.it/parola/uccello
6937,Fondamentale,uccidere,,v.tr.,,,,,Irr PP: ucciso,,,http://dizionario.internazionale.it/parola/uccidere
6938,Alta Disponibilità,ucraino,,"agg., s.m.",,,Demonym,,,,,http://dizionario.internazionale.it/parola/ucraino
6939,Alto Uso,udienza,,s.f.,,,,,,,,http://dizionario.internazionale.it/parola/udienza
6940,Alta Disponibilità,udinese,,"agg., s.m. e f.",,,Demonym,,,,,http://dizionario.internazionale.it/parola/udinese
6941,Alto Uso,udire,,"v.tr. e intr., s.m.",,,,,,,,http://dizionario.internazionale.it/parola/udire
6942,Alto Uso,ufficiale,1,s.m.,,,,,,,,http://dizionario.internazionale.it/parola/ufficiale
6943,Fondamentale,ufficiale,2,agg.,,,,,,,,http://dizionario.internazionale.it/parola/ufficiale_2
6944,Alto Uso,ufficialmente,,avv.,,ufficiale,,,,,,http://dizionario.internazionale.it/parola/ufficialmente
6945,Fondamentale,ufficio,,s.m.,,,,,,,,http://dizionario.internazionale.it/parola/ufficio
6946,Fondamentale,uguale,,"agg., avv., s.m. e f., s.m.inv.",,,,,,,,http://dizionario.internazionale.it/parola/uguale
6947,Alto Uso,ugualmente,,avv.,,uguale,,,,,,http://dizionario.internazionale.it/parola/ugualmente
6948,Alta Disponibilità,ulcera,,s.f.,,,,,,,,http://dizionario.internazionale.it/parola/ulcera
6949,Fondamentale,ulteriore,,agg.,,,,,,,,http://dizionario.internazionale.it/parola/ulteriore
6950,Alto Uso,ulteriormente,,avv.,,ulteriore,,,,,,http://dizionario.internazionale.it/parola/ulteriormente
6951,Alto Uso,ultimamente,,avv.,,ultimo,,,,,,http://dizionario.internazionale.it/parola/ultimamente
6952,Fondamentale,ultimo,,"agg., s.m.",,,,,,,,http://dizionario.internazionale.it/parola/ultimo
6953,Alta Disponibilità,ultravioletto,,"s.m., agg.",,,,,,,,http://dizionario.internazionale.it/parola/ultravioletto
6954,Fondamentale,umanità,,s.f.inv.,,,,,,,,http://dizionario.internazionale.it/parola/umanita
6955,Fondamentale,umano,,"agg., s.m.",,,,,,,,http://dizionario.internazionale.it/parola/umano
6956,Alta Disponibilità,umbro,,"agg., s.m.",,,,,,,,http://dizionario.internazionale.it/parola/umbro
6957,Alto Uso,umido,,"agg., s.m.",,,,,,,,http://dizionario.internazionale.it/parola/umido
6958,Alto Uso,umile,,"agg., s.m. e f.",,,,,,,,http://dizionario.internazionale.it/parola/umile
6959,Alto Uso,umiliare,,v.tr.,,,,,,,,http://dizionario.internazionale.it/parola/umiliare
6960,Alto Uso,umore,,s.m.,,,,,,,,http://dizionario.internazionale.it/parola/umore
6961,Alta Disponibilità,umorismo,,s.m.,,,,,,,,http://dizionario.internazionale.it/parola/umorismo
6962,Fondamentale,una,,"art.indet.f.sing., pron.indef., s.f.inv.",,,Articles,,,,,http://dizionario.internazionale.it/parola/una
6963,Alto Uso,undici,,"agg.num.card.inv., s.m.inv., s.f.pl., s.m.pl.",,,Numbers,,,,,http://dizionario.internazionale.it/parola/undici
6964,Alta Disponibilità,ungherese,,"agg., s.m. e f.",,,Demonym,,,,,http://dizionario.internazionale.it/parola/ungherese
6965,Alto Uso,unghia,,s.f.,,,,,,,,http://dizionario.internazionale.it/parola/unghia
6966,Alta Disponibilità,unguento,,s.m.,,,,,,,,http://dizionario.internazionale.it/parola/unguento
6967,Fondamentale,unico,,"agg., s.m.",,,,,,,,http://dizionario.internazionale.it/parola/unico
6968,Alto Uso,uniforme,2,agg.,,,,,,,,http://dizionario.internazionale.it/parola/uniforme_2
6969,Alto Uso,unione,1,s.f.,,,,,,,,http://dizionario.internazionale.it/parola/unione
6970,Fondamentale,unire,,v.tr.,,,,"finire ""isc"" conjugation",,,,http://dizionario.internazionale.it/parola/unire
6971,Fondamentale,unità,,s.f.inv.,,,,,,,,http://dizionario.internazionale.it/parola/unita
6972,Fondamentale,unito,,"p.pass., agg., s.m.",,,,,,,,http://dizionario.internazionale.it/parola/unito
6973,Alto Uso,universale,,"agg., s.m.",,,,,,,,http://dizionario.internazionale.it/parola/universale
6974,Fondamentale,università,,s.f.inv.,,,,,,,,http://dizionario.internazionale.it/parola/universita
6975,Alto Uso,universitario,,"agg., s.m.",,,,,,,,http://dizionario.internazionale.it/parola/universitario
6976,Fondamentale,universo,1,s.m.,,,,,,,,http://dizionario.internazionale.it/parola/universo
6977,Fondamentale,uno,,"agg.num.card., s.m.inv., art.indet.m.sing., pron. indef.m.",,,Numbers,,,,,http://dizionario.internazionale.it/parola/uno
6978,Fondamentale,uomo,,s.m.,,,,,,,,http://dizionario.internazionale.it/parola/uomo
6979,Fondamentale,uovo,,s.m.,,,,,,,,http://dizionario.internazionale.it/parola/uovo
6980,Alta Disponibilità,uragano,,s.m.,,,,,,,,http://dizionario.internazionale.it/parola/uragano
6981,Alto Uso,urbanistico,,agg.,,,,,,,,http://dizionario.internazionale.it/parola/urbanistico
6982,Alto Uso,urbano,,agg.,,,,,,,,http://dizionario.internazionale.it/parola/urbano
6983,Alto Uso,urgente,,agg.,,,,,,,,http://dizionario.internazionale.it/parola/urgente
6984,Alto Uso,urgenza,,s.f.,,,,,,,,http://dizionario.internazionale.it/parola/urgenza
6985,Fondamentale,urlare,,v.intr. e tr.,,,,,,,,http://dizionario.internazionale.it/parola/urlare
6986,Alto Uso,urlo,,s.m.,,,,,,,,http://dizionario.internazionale.it/parola/urlo
6987,Alta Disponibilità,urna,,s.f.,,,,,,,,http://dizionario.internazionale.it/parola/urna
6988,Alto Uso,urtare,,v.tr. e intr.,,,,,,,,http://dizionario.internazionale.it/parola/urtare
6989,Fondamentale,usare,,"v.tr., v.intr.",,,,,,,,http://dizionario.internazionale.it/parola/usare
6990,Alto Uso,usato,,"p.pass., agg., s.m.",,usare,,,,,,http://dizionario.internazionale.it/parola/usato
6991,Fondamentale,uscire,,v.intr.,,,,,,Essere,a,http://dizionario.internazionale.it/parola/uscire
6992,Fondamentale,uscita,,s.f.,,,,,,,,http://dizionario.internazionale.it/parola/uscita
6993,Alta Disponibilità,usignolo,,s.m.,,,,,,,,http://dizionario.internazionale.it/parola/usignolo
6994,Fondamentale,uso,1,s.m.,,,,,,,,http://dizionario.internazionale.it/parola/uso
6995,Alta Disponibilità,utensile,1,s.m.,,,,,,,,http://dizionario.internazionale.it/parola/utensile
6996,Fondamentale,utente,,s.m. e f.,,,,,,,,http://dizionario.internazionale.it/parola/utente
6997,Alto Uso,utenza,,s.f.,,,,,,,,http://dizionario.internazionale.it/parola/utenza
6998,Fondamentale,utile,,"agg., s.m.",,,,,,,,http://dizionario.internazionale.it/parola/utile
6999,Alto Uso,utilità,,s.f.inv.,,,,,,,,http://dizionario.internazionale.it/parola/utilita
7000,Fondamentale,utilizzare,,v.tr.,,,,,,,,http://dizionario.internazionale.it/parola/utilizzare
7001,Alto Uso,utilizzo,,s.m.,,,,,,,,http://dizionario.internazionale.it/parola/utilizzo
7002,Alto Uso,vabbè,,inter.,,,,,,,,http://dizionario.internazionale.it/parola/vabbè
7003,Fondamentale,vacanza,,s.f.,,,,,,,,http://dizionario.internazionale.it/parola/vacanza
7004,Alto Uso,vacca,,s.f.,,,,,,,,http://dizionario.internazionale.it/parola/vacca
7005,Alta Disponibilità,vaccino,1,s.m.,,,,,,,,http://dizionario.internazionale.it/parola/vaccino
7006,Alto Uso,vaffanculo,,inter.,,,,,,,,http://dizionario.internazionale.it/parola/vaffanculo
7007,Alto Uso,vagare,,v.intr.,,,,,,,,http://dizionario.internazionale.it/parola/vagare
7008,Alta Disponibilità,vagire,,v.intr.,,,,"finire ""isc"" conjugation",,,,http://dizionario.internazionale.it/parola/vagire
7009,Alto Uso,vago,1,"agg., s.m.",,,,,,,,http://dizionario.internazionale.it/parola/vago
7010,Alta Disponibilità,valanga,,s.f.,,,,,,,,http://dizionario.internazionale.it/parola/valanga
7011,Alta Disponibilità,valdostano,,"agg., s.m.",,,Demonym,,,,,http://dizionario.internazionale.it/parola/valdostano
7012,Fondamentale,valere,,v.intr. e tr.,,,,,,,,http://dizionario.internazionale.it/parola/valere
7013,Alto Uso,valido,,agg.,,,,,,,,http://dizionario.internazionale.it/parola/valido
7014,Alto Uso,valigia,,s.f.,,,,,,,,http://dizionario.internazionale.it/parola/valigia
7015,Alto Uso,valle,,s.f.,,,,,,,,http://dizionario.internazionale.it/parola/valle
7016,Fondamentale,valore,,s.m.,,,,,,,,http://dizionario.internazionale.it/parola/valore
7017,Alto Uso,valorizzare,,v.tr.,,,,,,,,http://dizionario.internazionale.it/parola/valorizzare
7018,Alta Disponibilità,valoroso,,"agg., s.m.",,,,,,,,http://dizionario.internazionale.it/parola/valoroso
7019,Fondamentale,valutare,,v.tr.,,,,,,,,http://dizionario.internazionale.it/parola/valutare
7020,Alto Uso,valutazione,,s.f.,,,,,,,,http://dizionario.internazionale.it/parola/valutazione
7021,Alta Disponibilità,valvola,,s.f.,,,,,,,,http://dizionario.internazionale.it/parola/valvola
7022,Alta Disponibilità,vampata,,s.f.,,,,,,,,http://dizionario.internazionale.it/parola/vampata
7023,Alto Uso,vampiro,,s.m.,,,,,,,,http://dizionario.internazionale.it/parola/vampiro
7024,Alta Disponibilità,vandalo,,"agg., s.m.",,,,,,,,http://dizionario.internazionale.it/parola/vandalo
7025,Alta Disponibilità,vanga,,s.f.,,,,,,,,http://dizionario.internazionale.it/parola/vanga
7026,Alto Uso,vangelo,,s.m.,,,,,,,,http://dizionario.internazionale.it/parola/vangelo
7027,Alta Disponibilità,vanitoso,,"agg., s.m.",,,,,,,,http://dizionario.internazionale.it/parola/vanitoso
7028,Alto Uso,vano,,"agg., s.m.",,,,,,,,http://dizionario.internazionale.it/parola/vano
7029,Fondamentale,vantaggio,,s.m.,,,,,,,,http://dizionario.internazionale.it/parola/vantaggio
7030,Alta Disponibilità,vantaggioso,,agg.,,,,,,,,http://dizionario.internazionale.it/parola/vantaggioso
7031,Alto Uso,vantare,,v.tr.,,,,,,,,http://dizionario.internazionale.it/parola/vantare
7032,Alta Disponibilità,vanto,,s.m.,,,,,,,,http://dizionario.internazionale.it/parola/vanto
7033,Alto Uso,vapore,,s.m.,,,,,,,,http://dizionario.internazionale.it/parola/vapore
7034,Alto Uso,variabile,,"agg., s.f.",,variare,,,,,,http://dizionario.internazionale.it/parola/variabile
7035,Alto Uso,variante,,"p.pres., agg., s.f., s.m.",,variare,,,,,,http://dizionario.internazionale.it/parola/variante
7036,Alto Uso,variare,,v.tr. e intr.,,,,,,,,http://dizionario.internazionale.it/parola/variare
7037,Alto Uso,variazione,,s.f.,,,,,,,,http://dizionario.internazionale.it/parola/variazione
7038,Alto Uso,varietà,1,s.f.inv.,,,,,,,,http://dizionario.internazionale.it/parola/varieta
7039,Fondamentale,vario,,"agg., agg.indef., pron.indef., s.m.",,,,,,,,http://dizionario.internazionale.it/parola/vario
7040,Alta Disponibilità,variopinto,,agg.,,,,,,,,http://dizionario.internazionale.it/parola/variopinto
7041,Alto Uso,vasca,,s.f.,,,,,,,,http://dizionario.internazionale.it/parola/vasca
7042,Alto Uso,vaso,,s.m.,,,,,,,,http://dizionario.internazionale.it/parola/vaso
7043,Alto Uso,vasto,,"agg., s.m.",,,,,,,,http://dizionario.internazionale.it/parola/vasto
7044,Fondamentale,ve,1,"pron.pers. di seconda pers.pl., avv.",,,Pron. Pers.,,,,,http://dizionario.internazionale.it/parola/ve
7045,Fondamentale,vecchio,1,"agg., s.m.",,,,,,,,http://dizionario.internazionale.it/parola/vecchio
7046,Fondamentale,vedere,,"v.tr. e intr., s.m.",,,,,Irr PP: visto,,di,http://dizionario.internazionale.it/parola/vedere
7047,Alto Uso,vedova,,s.f.,,,,,,,,http://dizionario.internazionale.it/parola/vedova
7048,Alto Uso,vegetale,,"agg., s.m.",,,,,,,,http://dizionario.internazionale.it/parola/vegetale
7049,Alta Disponibilità,veglia,,s.f.,,,,,,,,http://dizionario.internazionale.it/parola/veglia
7050,Alta Disponibilità,veglione,,s.m.,,,,,,,,http://dizionario.internazionale.it/parola/veglione
7051,Alto Uso,veicolo,,s.m.,,,,,,,,http://dizionario.internazionale.it/parola/veicolo
7052,Alto Uso,vela,,s.f.,,,,,,,,http://dizionario.internazionale.it/parola/vela
7053,Alto Uso,veleno,,s.m.,,,,,,,,http://dizionario.internazionale.it/parola/veleno
7054,Alta Disponibilità,velenoso,,agg.,,,,,,,,http://dizionario.internazionale.it/parola/velenoso
7055,Alta Disponibilità,vellutato,,"p.pass., agg.",,vellutare,,,,,,http://dizionario.internazionale.it/parola/vellutato
7056,Alta Disponibilità,velluto,1,s.m.,,,,,,,,http://dizionario.internazionale.it/parola/velluto
7057,Alto Uso,velo,,s.m.,,,,,,,,http://dizionario.internazionale.it/parola/velo
7058,Fondamentale,veloce,,"agg., avv., s.f.",,,,,,,,http://dizionario.internazionale.it/parola/veloce
7059,Alto Uso,velocemente,,avv.,,veloce,,,,,,http://dizionario.internazionale.it/parola/velocemente
7060,Fondamentale,velocità,,s.f.inv.,,,,,,,,http://dizionario.internazionale.it/parola/velocita
7061,Alto Uso,vena,1,s.f.,,,,,,,,http://dizionario.internazionale.it/parola/vena
7062,Alta Disponibilità,vendemmiare,,v.tr. e intr.,,,,,,,,http://dizionario.internazionale.it/parola/vendemmiare
7063,Fondamentale,vendere,,v.tr.,,,,,,,,http://dizionario.internazionale.it/parola/vendere
7064,Alto Uso,vendetta,,s.f.,,,,,,,,http://dizionario.internazionale.it/parola/vendetta
7065,Alto Uso,vendicare,,v.tr.,,,,,,,,http://dizionario.internazionale.it/parola/vendicare
7066,Fondamentale,vendita,,s.f.,,,,,,,,http://dizionario.internazionale.it/parola/vendita
7067,Alto Uso,venditore,,"agg., s.m.",,,,,,,,http://dizionario.internazionale.it/parola/venditore
7068,Fondamentale,venerdì,,s.m.inv.,,,Days of the Week,,,,,http://dizionario.internazionale.it/parola/venerdi
7069,Alto Uso,veneto,,"agg., s.m.",,,,,,,,http://dizionario.internazionale.it/parola/veneto
7070,Alta Disponibilità,veneziano,,"agg., s.m.",,,Demonym,,,,,http://dizionario.internazionale.it/parola/veneziano
7071,Fondamentale,venire,1,v.intr.,,,,,Irr PP: venuto,Essere,a,http://dizionario.internazionale.it/parola/venire
7072,Alta Disponibilità,ventaglio,,s.m.,,,,,,,,http://dizionario.internazionale.it/parola/ventaglio
7073,Alta Disponibilità,ventata,,s.f.,,,,,,,,http://dizionario.internazionale.it/parola/ventata
7074,Fondamentale,venti,,"agg.num.card.inv., s.m.inv., s.f.pl.",,,Numbers,,,,,http://dizionario.internazionale.it/parola/venti
7075,Alto Uso,venticinque,,"agg.num.card.inv., s.m.inv.",,,Numbers,,,,,http://dizionario.internazionale.it/parola/venticinque
7076,Alta Disponibilità,ventilatore,,"agg., s.m.",,,,,,,,http://dizionario.internazionale.it/parola/ventilatore
7077,Alto Uso,ventina,,s.f.,,,,,,,,http://dizionario.internazionale.it/parola/ventina
7078,Alto Uso,ventiquattro,,"agg.num.card.inv., s.m.inv., s.f.pl.",,,Numbers,,,,,http://dizionario.internazionale.it/parola/ventiquattro
7079,Fondamentale,vento,,s.m.,,,,,,,,http://dizionario.internazionale.it/parola/vento
7080,Alto Uso,ventre,,s.m.,,,,,,,,http://dizionario.internazionale.it/parola/ventre
7081,Alta Disponibilità,venuta,1,s.f.,,,,,,,,http://dizionario.internazionale.it/parola/venuta
7082,Fondamentale,veramente,,avv.,,vero,,,,,,http://dizionario.internazionale.it/parola/veramente
7083,Fondamentale,verbale,,"agg., s.m.",,,,,,,,http://dizionario.internazionale.it/parola/verbale
7084,Alto Uso,verbo,,s.m.,,,,,,,,http://dizionario.internazionale.it/parola/verbo
7085,Fondamentale,verde,,"agg., s.m., s.f.",,,Colors,,,,,http://dizionario.internazionale.it/parola/verde
7086,Alto Uso,verdura,,s.f.,,,,,,,,http://dizionario.internazionale.it/parola/verdura
7087,Alto Uso,vergine,,"agg., s.f., s.f.inv.",,,,,,,,http://dizionario.internazionale.it/parola/vergine
7088,Alto Uso,vergogna,,s.f.,,,,,,,,http://dizionario.internazionale.it/parola/vergogna
7089,Alto Uso,vergognarsi,,v.pronom.intr.,,,,,,,di,http://dizionario.internazionale.it/parola/vergognarsi
7090,Alto Uso,verifica,,s.f.,,,,,,,,http://dizionario.internazionale.it/parola/verifica
7091,Fondamentale,verificare,,v.tr.,,,,,,,,http://dizionario.internazionale.it/parola/verificare
7092,Fondamentale,verità,,s.f.inv.,,,,,,,,http://dizionario.internazionale.it/parola/verita
7093,Alto Uso,verme,,s.m.,,,,,,,,http://dizionario.internazionale.it/parola/verme
7094,Alto Uso,vernice,,s.f.,,,,,,,,http://dizionario.internazionale.it/parola/vernice
7095,Fondamentale,vero,,"agg., s.m.",,,,,,,,http://dizionario.internazionale.it/parola/vero
7096,Fondamentale,versare,1,v.tr.,,,,,,,,http://dizionario.internazionale.it/parola/versare
7097,Fondamentale,versione,,s.f.,,,,,,,,http://dizionario.internazionale.it/parola/versione
7098,Fondamentale,verso,1,s.m.,,,,,,,,http://dizionario.internazionale.it/parola/verso
7099,Fondamentale,verso,4,prep.,,,,,,,,http://dizionario.internazionale.it/parola/verso_4
7100,Alta Disponibilità,vertebra,,s.f.,,,,,,,,http://dizionario.internazionale.it/parola/vertebra
7101,Alto Uso,verticale,,"agg., s.f., s.m.",,,,,,,,http://dizionario.internazionale.it/parola/verticale
7102,Alto Uso,vertice,,s.m.,,,,,,,,http://dizionario.internazionale.it/parola/vertice
7103,Alta Disponibilità,vertigine,,s.f.,,,,,,,,http://dizionario.internazionale.it/parola/vertigine
7104,Alto Uso,vescovo,,"s.m., agg.",,,,,,,,http://dizionario.internazionale.it/parola/vescovo
7105,Alta Disponibilità,vespa,,s.f.,,,,,,,,http://dizionario.internazionale.it/parola/vespa
7106,Alto Uso,veste,,s.f.,,,,,,,,http://dizionario.internazionale.it/parola/veste
7107,Fondamentale,vestire,,v.tr. e intr.,,,,,,,,http://dizionario.internazionale.it/parola/vestire
7108,Fondamentale,vestito,1,s.m.,,,,,,,,http://dizionario.internazionale.it/parola/vestito
7109,Alto Uso,vestito,2,"p.pass., agg.",,,,,,,,http://dizionario.internazionale.it/parola/vestito_2
7110,Alta Disponibilità,veterinario,,"agg., s.m.",,,,,,,,http://dizionario.internazionale.it/parola/veterinario
7111,Alto Uso,vetrina,1,s.f.,,,,,,,,http://dizionario.internazionale.it/parola/vetrina
7112,Fondamentale,vetro,,s.m.,,,,,,,,http://dizionario.internazionale.it/parola/vetro
7113,Alto Uso,vettura,,s.f.,,,,,,,,http://dizionario.internazionale.it/parola/vettura
7114,Fondamentale,vi,1,"pron.pers. di seconda pers.pl., pron.dimostr., avv.",,,Pron. Pers.,,,,,http://dizionario.internazionale.it/parola/vi
7115,Fondamentale,via,,"s.f., avv., inter., s.m.inv.",,,,,,,,http://dizionario.internazionale.it/parola/via
7116,Fondamentale,viaggiare,,v.intr. e tr.,,,,,,,,http://dizionario.internazionale.it/parola/viaggiare
7117,Alto Uso,viaggiatore,,s.m.,,,,,,,,http://dizionario.internazionale.it/parola/viaggiatore
7118,Alta Disponibilità,viaggiatrice,,s.f.,,,,,,,,http://dizionario.internazionale.it/parola/viaggiatrice
7119,Fondamentale,viaggio,,s.m.,,,,,,,,http://dizionario.internazionale.it/parola/viaggio
7120,Alto Uso,viale,,s.m.,,,,,,,,http://dizionario.internazionale.it/parola/viale
7121,Alto Uso,vibrare,,v.tr. e intr.,,,,,,,,http://dizionario.internazionale.it/parola/vibrare
7122,Alto Uso,vice,1,s.m. e f.inv.,,,,,,,,http://dizionario.internazionale.it/parola/vice
7123,Fondamentale,vicenda,,s.f.,,,,,,,,http://dizionario.internazionale.it/parola/vicenda
7124,Alto Uso,viceversa,,avv.,,,,,,,,http://dizionario.internazionale.it/parola/viceversa
7125,Alto Uso,vicinanza,,s.f.,,,,,,,,http://dizionario.internazionale.it/parola/vicinanza
7126,Fondamentale,vicino,,"agg., s.m., avv.",,,,,,,,http://dizionario.internazionale.it/parola/vicino
7127,Alto Uso,vicolo,,s.m.,,,,,,,,http://dizionario.internazionale.it/parola/vicolo
7128,Fondamentale,video,1,"agg.inv., s.m.inv.",,,,,,,,http://dizionario.internazionale.it/parola/video
7129,Alto Uso,videogioco,,s.m.,,,,,,,,http://dizionario.internazionale.it/parola/videogioco
7130,Alta Disponibilità,viennese,,"agg., s.m. e f.",,,Demonym,,,,,http://dizionario.internazionale.it/parola/viennese
7131,Alto Uso,vietare,,v.tr.,,,,,,,,http://dizionario.internazionale.it/parola/vietare
7132,Alto Uso,vigile,,"agg., s.m. e f.",,,,,,,,http://dizionario.internazionale.it/parola/vigile
7133,Alto Uso,vigilia,,s.f.,,,,,,,,http://dizionario.internazionale.it/parola/vigilia
7134,Alta Disponibilità,vigna,1,s.f.,,,,,,,,http://dizionario.internazionale.it/parola/vigna
7135,Alto Uso,vigore,,s.m.,,,,,,,,http://dizionario.internazionale.it/parola/vigore
7136,Fondamentale,villa,,s.f.,,,,,,,,http://dizionario.internazionale.it/parola/villa
7137,Fondamentale,villaggio,,s.m.,,,,,,,,http://dizionario.internazionale.it/parola/villaggio
7138,Alto Uso,vincente,,"p.pres., agg., s.m. e f.",,vincere,,,,,,http://dizionario.internazionale.it/parola/vincente
7139,Fondamentale,vincere,,v.tr. e intr.,,,,,Irr PP: vinto,,,http://dizionario.internazionale.it/parola/vincere
7140,Alto Uso,vincitore,,"agg., s.m.",,,,,,,,http://dizionario.internazionale.it/parola/vincitore
7141,Alto Uso,vincolo,,s.m.,,,,,,,,http://dizionario.internazionale.it/parola/vincolo
7142,Fondamentale,vino,,"s.m., agg.inv.",,,,,,,,http://dizionario.internazionale.it/parola/vino
7143,Alto Uso,viola,1,"s.f., s.m. e f.inv., agg.inv.",,,,,,,,http://dizionario.internazionale.it/parola/viola
7144,Alto Uso,violare,,v.tr.,,,,,,,,http://dizionario.internazionale.it/parola/violare
7145,Alto Uso,violazione,,s.f.,,,,,,,,http://dizionario.internazionale.it/parola/violazione
7146,Alta Disponibilità,violentare,,v.tr.,,,,,,,,http://dizionario.internazionale.it/parola/violentare
7147,Fondamentale,violento,,"agg., s.m.",,,,,,,,http://dizionario.internazionale.it/parola/violento
7148,Fondamentale,violenza,,s.f.,,,,,,,,http://dizionario.internazionale.it/parola/violenza
7149,Alta Disponibilità,violetta,1,s.f.,,,,,,,,http://dizionario.internazionale.it/parola/violetta
7150,Alta Disponibilità,violetto,,"agg., s.m.",,,Colors,,,,,http://dizionario.internazionale.it/parola/violetto
7151,Alto Uso,violino,1,s.m.,,,,,,,,http://dizionario.internazionale.it/parola/violino
7152,Alta Disponibilità,vipera,,s.f.,,,,,,,,http://dizionario.internazionale.it/parola/vipera
7153,Alto Uso,virgola,,s.f.,,,,,,,,http://dizionario.internazionale.it/parola/virgola
7154,Alto Uso,virtù,,s.f.inv.,,,,,,,,http://dizionario.internazionale.it/parola/virtù
7155,Alto Uso,virtuale,,agg.,,,,,,,,http://dizionario.internazionale.it/parola/virtuale
7156,Alto Uso,virus,,s.m.inv.,,,,,,,,http://dizionario.internazionale.it/parola/virus
7157,Alto Uso,visibile,,"agg., s.m.",,,,,,,,http://dizionario.internazionale.it/parola/visibile
7158,Fondamentale,visione,,s.f.,,,,,,,,http://dizionario.internazionale.it/parola/visione
7159,Fondamentale,visita,,s.f.,,,,,,,,http://dizionario.internazionale.it/parola/visita
7160,Fondamentale,visitare,,v.tr.,,,,,,,,http://dizionario.internazionale.it/parola/visitare
7161,Alto Uso,visitatore,,s.m.,,,,,,,,http://dizionario.internazionale.it/parola/visitatore
7162,Alto Uso,visivo,,agg.,,,,,,,,http://dizionario.internazionale.it/parola/visivo
7163,Fondamentale,viso,2,s.m.,,,,,,,,http://dizionario.internazionale.it/parola/viso_2
7164,Alto Uso,vissuto,,"p.pass., agg., s.m.",,vivere,,,,,,http://dizionario.internazionale.it/parola/vissuto
7165,Fondamentale,vista,,s.f.,,,,,,,,http://dizionario.internazionale.it/parola/vista
7166,Fondamentale,vita,1,s.f.,,,,,,,,http://dizionario.internazionale.it/parola/vita
7167,Alto Uso,vitale,,"agg., s.m.",,,,,,,,http://dizionario.internazionale.it/parola/vitale
7168,Alta Disponibilità,vitamina,,s.f.,,,,,,,,http://dizionario.internazionale.it/parola/vitamina
7169,Alta Disponibilità,vite,1,s.f.,,,,,,,,http://dizionario.internazionale.it/parola/vite
7170,Alta Disponibilità,vitello,1,s.m.,,,,,,,,http://dizionario.internazionale.it/parola/vitello
7171,Fondamentale,vittima,,s.f.,,,,,,,,http://dizionario.internazionale.it/parola/vittima
7172,Fondamentale,vittoria,,s.f.,,,,,,,,http://dizionario.internazionale.it/parola/vittoria
7173,Alto Uso,vivace,,"agg., avv., s.m.",,,,,,,,http://dizionario.internazionale.it/parola/vivace
7174,Alto Uso,vivente,,"p.pres., agg., s.m. e f.",,vivere,,,,,,http://dizionario.internazionale.it/parola/vivente
7175,Fondamentale,vivere,,"v.intr. e tr., s.m.",,,,,,,,http://dizionario.internazionale.it/parola/vivere
7176,Fondamentale,vivo,,"agg., s.m.",,,,,,,,http://dizionario.internazionale.it/parola/vivo
7177,Alta Disponibilità,viziare,,v.tr.,,,,,,,,http://dizionario.internazionale.it/parola/viziare
7178,Alta Disponibilità,viziato,,"p.pass., agg.",,viziare,,,,,,http://dizionario.internazionale.it/parola/viziato
7179,Alto Uso,vizio,,s.m.,,,,,,,,http://dizionario.internazionale.it/parola/vizio
7180,Alto Uso,vocabolario,,s.m.,,,,,,,,http://dizionario.internazionale.it/parola/vocabolario
7181,Alto Uso,vocale,1,s.f.,,,,,,,,http://dizionario.internazionale.it/parola/vocale
7182,Alto Uso,vocale,2,agg.,,,,,,,,http://dizionario.internazionale.it/parola/vocale_2
7183,Alto Uso,vocazione,,s.f.,,,,,,,,http://dizionario.internazionale.it/parola/vocazione
7184,Fondamentale,voce,,s.f.,,,,,,,,http://dizionario.internazionale.it/parola/voce
7185,Alta Disponibilità,vodka,,s.f.inv.,,,,,,,,http://dizionario.internazionale.it/parola/vodka
7186,Fondamentale,voglia,,s.f.,,,,,,,,http://dizionario.internazionale.it/parola/voglia
7187,Fondamentale,voi,,"pron.pers. di seconda pers.pl., s.m.inv.",,,Pron. Pers.,,,,,http://dizionario.internazionale.it/parola/voi
7188,Alta Disponibilità,volantino,1,s.m.,,,,,,,,http://dizionario.internazionale.it/parola/volantino
7189,Fondamentale,volare,1,v.intr. e tr.,,,,,,,,http://dizionario.internazionale.it/parola/volare
7190,Alta Disponibilità,volata,,s.f.,,,,,,,,http://dizionario.internazionale.it/parola/volata
7191,Alta Disponibilità,volenteroso,,agg.,,,,,,,,http://dizionario.internazionale.it/parola/volenteroso
7192,Alto Uso,volentieri,,avv.,,,,,,,,http://dizionario.internazionale.it/parola/volentieri
7193,Fondamentale,volere,1,v.tr.,,,,,Irr PP: voluto,,,http://dizionario.internazionale.it/parola/volere
7194,Alto Uso,volgare,1,"agg., s.m.",,,,,,,,http://dizionario.internazionale.it/parola/volgare
7195,Alto Uso,volgere,,v.tr. e intr.,,,,,Irr PP: volto,,,http://dizionario.internazionale.it/parola/volgere
7196,Fondamentale,volo,,s.m.,,,,,,,,http://dizionario.internazionale.it/parola/volo
7197,Fondamentale,volontà,,s.f.inv.,,,,,,,,http://dizionario.internazionale.it/parola/volonta
7198,Alto Uso,volontariato,,s.m.,,,,,,,,http://dizionario.internazionale.it/parola/volontariato
7199,Alto Uso,volontario,,"agg., s.m.",,,,,,,,http://dizionario.internazionale.it/parola/volontario
7200,Fondamentale,volta,1,s.f.,,,,,,,,http://dizionario.internazionale.it/parola/volta
7201,Fondamentale,voltare,1,v.tr. e intr.,,,,,,,,http://dizionario.internazionale.it/parola/voltare
7202,Fondamentale,volto,1,s.m.,,,,,,,,http://dizionario.internazionale.it/parola/volto
7203,Fondamentale,volume,,s.m.,,,,,,,,http://dizionario.internazionale.it/parola/volume
7204,Alto Uso,vomitare,,v.tr.,,,,,,,,http://dizionario.internazionale.it/parola/vomitare
7205,Alta Disponibilità,vomito,,s.m.,,,,,,,,http://dizionario.internazionale.it/parola/vomito
7206,Alta Disponibilità,vongola,,s.f.,,,,,,,,http://dizionario.internazionale.it/parola/vongola
7207,Fondamentale,vostro,,"agg.poss. di seconda pers.pl., pron.poss. di seconda pers.pl.",,,Possessives,,,,,http://dizionario.internazionale.it/parola/vostro
7208,Fondamentale,votare,1,v.tr. e intr.,,,,,,,,http://dizionario.internazionale.it/parola/votare
7209,Alta Disponibilità,votazione,,s.f.,,,,,,,,http://dizionario.internazionale.it/parola/votazione
7210,Fondamentale,voto,1,s.m.,,,,,,,,http://dizionario.internazionale.it/parola/voto
7211,Alta Disponibilità,vu,,s.f. e m.inv.,,,Letters of the Alphabet,,,,,http://dizionario.internazionale.it/parola/vu
7212,Alta Disponibilità,vuotare,,v.tr.,,,,,,,,http://dizionario.internazionale.it/parola/vuotare
7213,Fondamentale,vuoto,,"agg., s.m.",,,,,,,,http://dizionario.internazionale.it/parola/vuoto
7214,Alta Disponibilità,wafer,,s.m.inv.,,,,,,,,http://dizionario.internazionale.it/parola/wafer
7215,Fondamentale,web,,s.m.inv.,,,,,,,,http://dizionario.internazionale.it/parola/web
7216,Alto Uso,weekend,,s.m.inv.,,,,,,,,http://dizionario.internazionale.it/parola/weekend
7217,Alta Disponibilità,whisky,1,s.m.inv.,,,,,,,,http://dizionario.internazionale.it/parola/whisky
7218,Alta Disponibilità,wurstel,,s.m.inv.,,,,,,,,http://dizionario.internazionale.it/parola/wurstel
7219,Alta Disponibilità,yogurt,,s.m.inv.,,,,,,,,http://dizionario.internazionale.it/parola/yogurt
7220,Alto Uso,zaino,1,s.m.,,,,,,,,http://dizionario.internazionale.it/parola/zaino
7221,Alto Uso,zampa,,s.f.,,,,,,,,http://dizionario.internazionale.it/parola/zampa
7222,Alta Disponibilità,zampogna,,s.f.,,,,,,,,http://dizionario.internazionale.it/parola/zampogna
7223,Alta Disponibilità,zanna,,s.f.,,,,,,,,http://dizionario.internazionale.it/parola/zanna
7224,Alta Disponibilità,zanzara,,s.f.,,,,,,,,http://dizionario.internazionale.it/parola/zanzara
7225,Alta Disponibilità,zattera,,s.f.,,,,,,,,http://dizionario.internazionale.it/parola/zattera
7226,Alta Disponibilità,zebra,,s.f.,,,,,,,,http://dizionario.internazionale.it/parola/zebra
7227,Fondamentale,zero,,"agg.num.card.inv., s.m., simb.",,,Numbers,,,,,http://dizionario.internazionale.it/parola/zero
7228,Alta Disponibilità,zeta,,s.f. e m.inv.,,,Letters of the Alphabet,,,,,http://dizionario.internazionale.it/parola/zeta
7229,Fondamentale,zia,,s.f.,,,Family,,,,,http://dizionario.internazionale.it/parola/zia
7230,Alta Disponibilità,zingaro,,"agg., s.m.",,,,,,,,http://dizionario.internazionale.it/parola/zingaro
7231,Fondamentale,zio,,s.m.,,,Family,,,,,http://dizionario.internazionale.it/parola/zio
7232,Alta Disponibilità,zitella,,s.f.,,,,,,,,http://dizionario.internazionale.it/parola/zitella
7233,Fondamentale,zitto,,"agg., s.m.",,,,,,,,http://dizionario.internazionale.it/parola/zitto
7234,Alta Disponibilità,zoccolo,,s.m.,,,,,,,,http://dizionario.internazionale.it/parola/zoccolo
7235,Alta Disponibilità,zolla,,s.f.,,,,,,,,http://dizionario.internazionale.it/parola/zolla
7236,Fondamentale,zona,,s.f.,,,,,,,,http://dizionario.internazionale.it/parola/zona
7237,Alta Disponibilità,zoo,,s.m.inv.,,,,,,,,http://dizionario.internazionale.it/parola/zoo
7238,Alta Disponibilità,zoppicare,,v.intr.,,,,,,,,http://dizionario.internazionale.it/parola/zoppicare
7239,Alta Disponibilità,zoppo,,"agg., s.m.",,,,,,,,http://dizionario.internazionale.it/parola/zoppo
7240,Alto Uso,zucca,,s.f.,,,,,,,,http://dizionario.internazionale.it/parola/zucca
7241,Alto Uso,zucchero,,s.m.,,,,,,,,http://dizionario.internazionale.it/parola/zucchero
7242,Alta Disponibilità,zucchina,,s.f.,,,,,,,,http://dizionario.internazionale.it/parola/zucchina
7243,Alta Disponibilità,zuffa,,s.f.,,,,,,,,http://dizionario.internazionale.it/parola/zuffa
7244,Alta Disponibilità,zuppa,,s.f.,,,,,,,,http://dizionario.internazionale.it/parola/zuppa